image_id,transform,feature_id,original_value,transformed_value,absolute_change,percentage_change,status,should_theoretically_preserve,limitations
happy_h42,resize_0.5x,segmentation.foreground_coverage,0.256593,0.344505,0.087912,0.3426,fail,True,
happy_h42,resize_0.5x,segmentation.bounding_box_coverage,0.970549,0.98522,0.01467,0.0151,pass,True,
happy_h42,resize_0.5x,composition.centroid_x,0.492631,0.491401,0.00123,0.0025,pass,True,
happy_h42,resize_0.5x,composition.centroid_y,0.526195,0.53184,0.005645,0.0107,pass,True,
happy_h42,resize_0.5x,composition.symmetry,0.748956,0.741758,0.007198,0.0096,pass,True,
happy_h42,resize_0.5x,stroke.edge_density,0.199918,0.19978,0.000137,0.0007,expected_change,False,Transform is expected to materially change this feature group; not scored as a failure.
happy_h42,resize_0.5x,stroke.intensity_proxy,0.379571,0.306137,0.073434,0.1935,expected_change,False,Transform is expected to materially change this feature group; not scored as a failure.
happy_h42,resize_0.5x,stroke.fragmentation,0.101713,0.15949,0.057777,0.568,expected_change,False,Transform is expected to materially change this feature group; not scored as a failure.
happy_h42,resize_0.5x,segmentation.component_count,38.0,20.0,18.0,0.4737,expected_change,False,Transform is expected to materially change this feature group; not scored as a failure.
happy_h42,resize_0.5x,segmentation.largest_component_ratio,0.473608,0.626794,0.153186,0.3234,expected_change,False,Transform is expected to materially change this feature group; not scored as a failure.
happy_h42,resize_0.5x,colour.dark_ratio,0.185493,0.038278,0.147215,0.7936,fail,True,
happy_h42,resize_1x,segmentation.foreground_coverage,0.256593,0.256593,0.0,0.0,pass,True,
happy_h42,resize_1x,segmentation.bounding_box_coverage,0.970549,0.970549,0.0,0.0,pass,True,
happy_h42,resize_1x,composition.centroid_x,0.492631,0.492631,0.0,0.0,pass,True,
happy_h42,resize_1x,composition.centroid_y,0.526195,0.526195,0.0,0.0,pass,True,
happy_h42,resize_1x,composition.symmetry,0.748956,0.748956,0.0,0.0,pass,True,
happy_h42,resize_1x,stroke.edge_density,0.199918,0.199918,0.0,0.0,pass,True,
happy_h42,resize_1x,stroke.intensity_proxy,0.379571,0.379571,0.0,0.0,pass,True,
happy_h42,resize_1x,stroke.fragmentation,0.101713,0.101713,0.0,0.0,pass,True,
happy_h42,resize_1x,segmentation.component_count,38.0,38.0,0.0,0.0,pass,True,
happy_h42,resize_1x,segmentation.largest_component_ratio,0.473608,0.473608,0.0,0.0,pass,True,
happy_h42,resize_1x,colour.dark_ratio,0.185493,0.185493,0.0,0.0,pass,True,
happy_h42,resize_2x,segmentation.foreground_coverage,0.256593,0.193781,0.062812,0.2448,fail,True,
happy_h42,resize_2x,segmentation.bounding_box_coverage,0.970549,1.0,0.029451,0.0303,pass,True,
happy_h42,resize_2x,composition.centroid_x,0.492631,0.494651,0.00202,0.0041,pass,True,
happy_h42,resize_2x,composition.centroid_y,0.526195,0.53563,0.009435,0.0179,pass,True,
happy_h42,resize_2x,composition.symmetry,0.748956,0.763606,0.01465,0.0196,pass,True,
happy_h42,resize_2x,stroke.edge_density,0.199918,0.199924,7e-06,0.0,expected_change,False,Transform is expected to materially change this feature group; not scored as a failure.
happy_h42,resize_2x,stroke.intensity_proxy,0.379571,0.451537,0.071966,0.1896,expected_change,False,Transform is expected to materially change this feature group; not scored as a failure.
happy_h42,resize_2x,stroke.fragmentation,0.101713,0.168353,0.06664,0.6552,expected_change,False,Transform is expected to materially change this feature group; not scored as a failure.
happy_h42,resize_2x,segmentation.component_count,38.0,190.0,152.0,4.0,expected_change,False,Transform is expected to materially change this feature group; not scored as a failure.
happy_h42,resize_2x,segmentation.largest_component_ratio,0.473608,0.353223,0.120386,0.2542,expected_change,False,Transform is expected to materially change this feature group; not scored as a failure.
happy_h42,resize_2x,colour.dark_ratio,0.185493,0.190328,0.004835,0.0261,pass,True,
happy_h42,rotate_-5deg,segmentation.foreground_coverage,0.256593,0.255192,0.001401,0.0055,expected_change,False,Transform is expected to materially change this feature group; not scored as a failure.
happy_h42,rotate_-5deg,segmentation.bounding_box_coverage,0.970549,1.0,0.029451,0.0303,expected_change,False,Transform is expected to materially change this feature group; not scored as a failure.
happy_h42,rotate_-5deg,composition.centroid_x,0.492631,0.489737,0.002894,0.0059,expected_change,False,Transform is expected to materially change this feature group; not scored as a failure.
happy_h42,rotate_-5deg,composition.centroid_y,0.526195,0.524091,0.002104,0.004,expected_change,False,Transform is expected to materially change this feature group; not scored as a failure.
happy_h42,rotate_-5deg,composition.symmetry,0.748956,0.669615,0.079341,0.1059,expected_change,False,Transform is expected to materially change this feature group; not scored as a failure.
happy_h42,rotate_-5deg,stroke.edge_density,0.199918,0.199986,6.9e-05,0.0003,expected_change,False,Transform is expected to materially change this feature group; not scored as a failure.
happy_h42,rotate_-5deg,stroke.intensity_proxy,0.379571,0.378134,0.001436,0.0038,expected_change,False,Transform is expected to materially change this feature group; not scored as a failure.
happy_h42,rotate_-5deg,stroke.fragmentation,0.101713,0.110346,0.008633,0.0849,expected_change,False,Transform is expected to materially change this feature group; not scored as a failure.
happy_h42,rotate_-5deg,segmentation.component_count,38.0,41.0,3.0,0.0789,expected_change,False,Transform is expected to materially change this feature group; not scored as a failure.
happy_h42,rotate_-5deg,segmentation.largest_component_ratio,0.473608,0.475993,0.002385,0.005,expected_change,False,Transform is expected to materially change this feature group; not scored as a failure.
happy_h42,rotate_-5deg,colour.dark_ratio,0.185493,0.185811,0.000319,0.0017,expected_change,False,Transform is expected to materially change this feature group; not scored as a failure.
happy_h42,rotate_-2deg,segmentation.foreground_coverage,0.256593,0.257857,0.001264,0.0049,pass,True,
happy_h42,rotate_-2deg,segmentation.bounding_box_coverage,0.970549,0.989286,0.018736,0.0193,pass,True,
happy_h42,rotate_-2deg,composition.centroid_x,0.492631,0.493765,0.001134,0.0023,pass,True,
happy_h42,rotate_-2deg,composition.centroid_y,0.526195,0.522613,0.003582,0.0068,pass,True,
happy_h42,rotate_-2deg,composition.symmetry,0.748956,0.70989,0.039066,0.0522,pass,True,
happy_h42,rotate_-2deg,stroke.edge_density,0.199918,0.2,8.2e-05,0.0004,expected_change,False,Transform is expected to materially change this feature group; not scored as a failure.
happy_h42,rotate_-2deg,stroke.intensity_proxy,0.379571,0.378029,0.001541,0.0041,expected_change,False,Transform is expected to materially change this feature group; not scored as a failure.
happy_h42,rotate_-2deg,stroke.fragmentation,0.101713,0.103878,0.002165,0.0213,expected_change,False,Transform is expected to materially change this feature group; not scored as a failure.
happy_h42,rotate_-2deg,segmentation.component_count,38.0,39.0,1.0,0.0263,expected_change,False,Transform is expected to materially change this feature group; not scored as a failure.
happy_h42,rotate_-2deg,segmentation.largest_component_ratio,0.473608,0.470435,0.003173,0.0067,expected_change,False,Transform is expected to materially change this feature group; not scored as a failure.
happy_h42,rotate_-2deg,colour.dark_ratio,0.185493,0.184583,0.000909,0.0049,pass,True,
happy_h42,rotate_+2deg,segmentation.foreground_coverage,0.256593,0.254643,0.001951,0.0076,pass,True,
happy_h42,rotate_+2deg,segmentation.bounding_box_coverage,0.970549,0.977582,0.007033,0.0072,pass,True,
happy_h42,rotate_+2deg,composition.centroid_x,0.492631,0.490777,0.001854,0.0038,pass,True,
happy_h42,rotate_+2deg,composition.centroid_y,0.526195,0.531398,0.005203,0.0099,pass,True,
happy_h42,rotate_+2deg,composition.symmetry,0.748956,0.717802,0.031154,0.0416,pass,True,
happy_h42,rotate_+2deg,stroke.edge_density,0.199918,0.199986,6.9e-05,0.0003,expected_change,False,Transform is expected to materially change this feature group; not scored as a failure.
happy_h42,rotate_+2deg,stroke.intensity_proxy,0.379571,0.377582,0.001988,0.0052,expected_change,False,Transform is expected to materially change this feature group; not scored as a failure.
happy_h42,rotate_+2deg,stroke.fragmentation,0.101713,0.102492,0.000779,0.0077,expected_change,False,Transform is expected to materially change this feature group; not scored as a failure.
happy_h42,rotate_+2deg,segmentation.component_count,38.0,38.0,0.0,0.0,expected_change,False,Transform is expected to materially change this feature group; not scored as a failure.
happy_h42,rotate_+2deg,segmentation.largest_component_ratio,0.473608,0.479609,0.006001,0.0127,expected_change,False,Transform is expected to materially change this feature group; not scored as a failure.
happy_h42,rotate_+2deg,colour.dark_ratio,0.185493,0.186859,0.001367,0.0074,pass,True,
happy_h42,rotate_+5deg,segmentation.foreground_coverage,0.256593,0.248022,0.008571,0.0334,expected_change,False,Transform is expected to materially change this feature group; not scored as a failure.
happy_h42,rotate_+5deg,segmentation.bounding_box_coverage,0.970549,0.984615,0.014066,0.0145,expected_change,False,Transform is expected to materially change this feature group; not scored as a failure.
happy_h42,rotate_+5deg,composition.centroid_x,0.492631,0.487763,0.004868,0.0099,expected_change,False,Transform is expected to materially change this feature group; not scored as a failure.
happy_h42,rotate_+5deg,composition.centroid_y,0.526195,0.541551,0.015356,0.0292,expected_change,False,Transform is expected to materially change this feature group; not scored as a failure.
happy_h42,rotate_+5deg,composition.symmetry,0.748956,0.690055,0.058901,0.0786,expected_change,False,Transform is expected to materially change this feature group; not scored as a failure.
happy_h42,rotate_+5deg,stroke.edge_density,0.199918,0.199986,6.9e-05,0.0003,expected_change,False,Transform is expected to materially change this feature group; not scored as a failure.
happy_h42,rotate_+5deg,stroke.intensity_proxy,0.379571,0.377493,0.002078,0.0055,expected_change,False,Transform is expected to materially change this feature group; not scored as a failure.
happy_h42,rotate_+5deg,stroke.fragmentation,0.101713,0.105228,0.003515,0.0346,expected_change,False,Transform is expected to materially change this feature group; not scored as a failure.
happy_h42,rotate_+5deg,segmentation.component_count,38.0,38.0,0.0,0.0,expected_change,False,Transform is expected to materially change this feature group; not scored as a failure.
happy_h42,rotate_+5deg,segmentation.largest_component_ratio,0.473608,0.487317,0.013709,0.0289,expected_change,False,Transform is expected to materially change this feature group; not scored as a failure.
happy_h42,rotate_+5deg,colour.dark_ratio,0.185493,0.191405,0.005912,0.0319,expected_change,False,Transform is expected to materially change this feature group; not scored as a failure.
happy_h42,jpeg_q95,segmentation.foreground_coverage,0.256593,0.255646,0.000948,0.0037,pass,True,
happy_h42,jpeg_q95,segmentation.bounding_box_coverage,0.970549,0.970549,0.0,0.0,pass,True,
happy_h42,jpeg_q95,composition.centroid_x,0.492631,0.493052,0.000422,0.0009,pass,True,
happy_h42,jpeg_q95,composition.centroid_y,0.526195,0.526295,0.0001,0.0002,pass,True,
happy_h42,jpeg_q95,composition.symmetry,0.748956,0.749753,0.000797,0.0011,pass,True,
happy_h42,jpeg_q95,stroke.edge_density,0.199918,0.199945,2.7e-05,0.0001,pass,True,
happy_h42,jpeg_q95,stroke.intensity_proxy,0.379571,0.379942,0.000372,0.001,pass,True,
happy_h42,jpeg_q95,stroke.fragmentation,0.101713,0.10209,0.000377,0.0037,pass,True,
happy_h42,jpeg_q95,segmentation.component_count,38.0,38.0,0.0,0.0,pass,True,
happy_h42,jpeg_q95,segmentation.largest_component_ratio,0.473608,0.474558,0.00095,0.002,pass,True,
happy_h42,jpeg_q95,colour.dark_ratio,0.185493,0.185535,4.3e-05,0.0002,pass,True,
happy_h42,jpeg_q75,segmentation.foreground_coverage,0.256593,0.257198,0.000604,0.0024,pass,True,
happy_h42,jpeg_q75,segmentation.bounding_box_coverage,0.970549,0.970549,0.0,0.0,pass,True,
happy_h42,jpeg_q75,composition.centroid_x,0.492631,0.492849,0.000218,0.0004,pass,True,
happy_h42,jpeg_q75,composition.centroid_y,0.526195,0.525523,0.000672,0.0013,pass,True,
happy_h42,jpeg_q75,composition.symmetry,0.748956,0.747747,0.001209,0.0016,pass,True,
happy_h42,jpeg_q75,stroke.edge_density,0.199918,0.199931,1.4e-05,0.0001,expected_change,False,Transform is expected to materially change this feature group; not scored as a failure.
happy_h42,jpeg_q75,stroke.intensity_proxy,0.379571,0.379836,0.000265,0.0007,expected_change,False,Transform is expected to materially change this feature group; not scored as a failure.
happy_h42,jpeg_q75,stroke.fragmentation,0.101713,0.101474,0.000239,0.0023,expected_change,False,Transform is expected to materially change this feature group; not scored as a failure.
happy_h42,jpeg_q75,segmentation.component_count,38.0,38.0,0.0,0.0,expected_change,False,Transform is expected to materially change this feature group; not scored as a failure.
happy_h42,jpeg_q75,segmentation.largest_component_ratio,0.473608,0.473243,0.000365,0.0008,expected_change,False,Transform is expected to materially change this feature group; not scored as a failure.
happy_h42,jpeg_q75,colour.dark_ratio,0.185493,0.185217,0.000276,0.0015,pass,True,
happy_h42,jpeg_q50,segmentation.foreground_coverage,0.256593,0.258626,0.002033,0.0079,expected_change,False,Transform is expected to materially change this feature group; not scored as a failure.
happy_h42,jpeg_q50,segmentation.bounding_box_coverage,0.970549,0.978132,0.007582,0.0078,expected_change,False,Transform is expected to materially change this feature group; not scored as a failure.
happy_h42,jpeg_q50,composition.centroid_x,0.492631,0.490882,0.001749,0.0036,expected_change,False,Transform is expected to materially change this feature group; not scored as a failure.
happy_h42,jpeg_q50,composition.centroid_y,0.526195,0.526079,0.000116,0.0002,expected_change,False,Transform is expected to materially change this feature group; not scored as a failure.
happy_h42,jpeg_q50,composition.symmetry,0.748956,0.749341,0.000385,0.0005,expected_change,False,Transform is expected to materially change this feature group; not scored as a failure.
happy_h42,jpeg_q50,stroke.edge_density,0.199918,0.199931,1.4e-05,0.0001,expected_change,False,Transform is expected to materially change this feature group; not scored as a failure.
happy_h42,jpeg_q50,stroke.intensity_proxy,0.379571,0.377344,0.002227,0.0059,expected_change,False,Transform is expected to materially change this feature group; not scored as a failure.
happy_h42,jpeg_q50,stroke.fragmentation,0.101713,0.095602,0.006111,0.0601,expected_change,False,Transform is expected to materially change this feature group; not scored as a failure.
happy_h42,jpeg_q50,segmentation.component_count,38.0,36.0,2.0,0.0526,expected_change,False,Transform is expected to materially change this feature group; not scored as a failure.
happy_h42,jpeg_q50,segmentation.largest_component_ratio,0.473608,0.46946,0.004148,0.0088,expected_change,False,Transform is expected to materially change this feature group; not scored as a failure.
happy_h42,jpeg_q50,colour.dark_ratio,0.185493,0.178458,0.007035,0.0379,expected_change,False,Transform is expected to materially change this feature group; not scored as a failure.
happy_h42,jpeg_q30,segmentation.foreground_coverage,0.256593,0.263104,0.006511,0.0254,expected_change,False,Transform is expected to materially change this feature group; not scored as a failure.
happy_h42,jpeg_q30,segmentation.bounding_box_coverage,0.970549,0.978132,0.007582,0.0078,expected_change,False,Transform is expected to materially change this feature group; not scored as a failure.
happy_h42,jpeg_q30,composition.centroid_x,0.492631,0.49017,0.002461,0.005,expected_change,False,Transform is expected to materially change this feature group; not scored as a failure.
happy_h42,jpeg_q30,composition.centroid_y,0.526195,0.526311,0.000115,0.0002,expected_change,False,Transform is expected to materially change this feature group; not scored as a failure.
happy_h42,jpeg_q30,composition.symmetry,0.748956,0.74967,0.000714,0.001,expected_change,False,Transform is expected to materially change this feature group; not scored as a failure.
happy_h42,jpeg_q30,stroke.edge_density,0.199918,0.199959,4.1e-05,0.0002,expected_change,False,Transform is expected to materially change this feature group; not scored as a failure.
happy_h42,jpeg_q30,stroke.intensity_proxy,0.379571,0.376675,0.002895,0.0076,expected_change,False,Transform is expected to materially change this feature group; not scored as a failure.
happy_h42,jpeg_q30,stroke.fragmentation,0.101713,0.096586,0.005127,0.0504,expected_change,False,Transform is expected to materially change this feature group; not scored as a failure.
happy_h42,jpeg_q30,segmentation.component_count,38.0,37.0,1.0,0.0263,expected_change,False,Transform is expected to materially change this feature group; not scored as a failure.
happy_h42,jpeg_q30,segmentation.largest_component_ratio,0.473608,0.471807,0.001801,0.0038,expected_change,False,Transform is expected to materially change this feature group; not scored as a failure.
happy_h42,jpeg_q30,colour.dark_ratio,0.185493,0.172497,0.012996,0.0701,expected_change,False,Transform is expected to materially change this feature group; not scored as a failure.
happy_h42,brightness_up_1.3x,segmentation.foreground_coverage,0.256593,0.214959,0.041635,0.1623,fail,True,
happy_h42,brightness_up_1.3x,segmentation.bounding_box_coverage,0.970549,0.970549,0.0,0.0,pass,True,
happy_h42,brightness_up_1.3x,composition.centroid_x,0.492631,0.493954,0.001323,0.0027,pass,True,
happy_h42,brightness_up_1.3x,composition.centroid_y,0.526195,0.529836,0.00364,0.0069,pass,True,
happy_h42,brightness_up_1.3x,composition.symmetry,0.748956,0.763929,0.014973,0.02,pass,True,
happy_h42,brightness_up_1.3x,stroke.edge_density,0.199918,0.199876,4.1e-05,0.0002,pass,True,
happy_h42,brightness_up_1.3x,stroke.intensity_proxy,0.379571,0.314121,0.065449,0.1724,pass,True,
happy_h42,brightness_up_1.3x,stroke.fragmentation,0.101713,0.089463,0.01225,0.1204,pass,True,
happy_h42,brightness_up_1.3x,segmentation.component_count,38.0,28.0,10.0,0.2632,pass,True,
happy_h42,brightness_up_1.3x,segmentation.largest_component_ratio,0.473608,0.504633,0.031025,0.0655,pass,True,
happy_h42,brightness_up_1.3x,colour.dark_ratio,0.185493,0.152278,0.033214,0.1791,expected_change,False,Transform is expected to materially change this feature group; not scored as a failure.
happy_h42,brightness_down_0.7x,segmentation.foreground_coverage,0.256593,0.244986,0.011607,0.0452,pass,True,
happy_h42,brightness_down_0.7x,segmentation.bounding_box_coverage,0.970549,0.970549,0.0,0.0,pass,True,
happy_h42,brightness_down_0.7x,composition.centroid_x,0.492631,0.489639,0.002992,0.0061,pass,True,
happy_h42,brightness_down_0.7x,composition.centroid_y,0.526195,0.534226,0.008031,0.0153,pass,True,
happy_h42,brightness_down_0.7x,composition.symmetry,0.748956,0.756621,0.007665,0.0102,pass,True,
happy_h42,brightness_down_0.7x,stroke.edge_density,0.199918,0.199931,1.4e-05,0.0001,pass,True,
happy_h42,brightness_down_0.7x,stroke.intensity_proxy,0.379571,0.572467,0.192897,0.5082,fail,True,
happy_h42,brightness_down_0.7x,stroke.fragmentation,0.101713,0.095318,0.006395,0.0629,pass,True,
happy_h42,brightness_down_0.7x,segmentation.component_count,38.0,34.0,4.0,0.1053,pass,True,
happy_h42,brightness_down_0.7x,segmentation.largest_component_ratio,0.473608,0.483824,0.010216,0.0216,pass,True,
happy_h42,brightness_down_0.7x,colour.dark_ratio,0.185493,0.298178,0.112685,0.6075,expected_change,False,Transform is expected to materially change this feature group; not scored as a failure.
happy_h42,contrast_up_1.3x,segmentation.foreground_coverage,0.256593,0.261305,0.004712,0.0184,pass,True,
happy_h42,contrast_up_1.3x,segmentation.bounding_box_coverage,0.970549,0.970549,0.0,0.0,pass,True,
happy_h42,contrast_up_1.3x,composition.centroid_x,0.492631,0.49489,0.002259,0.0046,pass,True,
happy_h42,contrast_up_1.3x,composition.centroid_y,0.526195,0.523356,0.00284,0.0054,pass,True,
happy_h42,contrast_up_1.3x,composition.symmetry,0.748956,0.74761,0.001346,0.0018,pass,True,
happy_h42,contrast_up_1.3x,stroke.edge_density,0.199918,0.199986,6.9e-05,0.0003,expected_change,False,Transform is expected to materially change this feature group; not scored as a failure.
happy_h42,contrast_up_1.3x,stroke.intensity_proxy,0.379571,0.445264,0.065693,0.1731,expected_change,False,Transform is expected to materially change this feature group; not scored as a failure.
happy_h42,contrast_up_1.3x,stroke.fragmentation,0.101713,0.094622,0.007091,0.0697,expected_change,False,Transform is expected to materially change this feature group; not scored as a failure.
happy_h42,contrast_up_1.3x,segmentation.component_count,38.0,36.0,2.0,0.0526,expected_change,False,Transform is expected to materially change this feature group; not scored as a failure.
happy_h42,contrast_up_1.3x,segmentation.largest_component_ratio,0.473608,0.47185,0.001758,0.0037,expected_change,False,Transform is expected to materially change this feature group; not scored as a failure.
happy_h42,contrast_up_1.3x,colour.dark_ratio,0.185493,0.271934,0.086441,0.466,expected_change,False,Transform is expected to materially change this feature group; not scored as a failure.
happy_h42,contrast_down_0.7x,segmentation.foreground_coverage,0.256593,0.245179,0.011415,0.0445,pass,True,
happy_h42,contrast_down_0.7x,segmentation.bounding_box_coverage,0.970549,0.970549,0.0,0.0,pass,True,
happy_h42,contrast_down_0.7x,composition.centroid_x,0.492631,0.489794,0.002837,0.0058,pass,True,
happy_h42,contrast_down_0.7x,composition.centroid_y,0.526195,0.534083,0.007888,0.015,pass,True,
happy_h42,contrast_down_0.7x,composition.symmetry,0.748956,0.756126,0.00717,0.0096,pass,True,
happy_h42,contrast_down_0.7x,stroke.edge_density,0.199918,0.199986,6.9e-05,0.0003,expected_change,False,Transform is expected to materially change this feature group; not scored as a failure.
happy_h42,contrast_down_0.7x,stroke.intensity_proxy,0.379571,0.305461,0.074109,0.1952,expected_change,False,Transform is expected to materially change this feature group; not scored as a failure.
happy_h42,contrast_down_0.7x,stroke.fragmentation,0.101713,0.095243,0.00647,0.0636,expected_change,False,Transform is expected to materially change this feature group; not scored as a failure.
happy_h42,contrast_down_0.7x,segmentation.component_count,38.0,34.0,4.0,0.1053,expected_change,False,Transform is expected to materially change this feature group; not scored as a failure.
happy_h42,contrast_down_0.7x,segmentation.largest_component_ratio,0.473608,0.483444,0.009836,0.0208,expected_change,False,Transform is expected to materially change this feature group; not scored as a failure.
happy_h42,contrast_down_0.7x,colour.dark_ratio,0.185493,0.015631,0.169861,0.9157,expected_change,False,Transform is expected to materially change this feature group; not scored as a failure.
happy_h42,white_margin_20px,segmentation.foreground_coverage,0.256593,0.352615,0.096021,0.3742,expected_change,False,Transform is expected to materially change this feature group; not scored as a failure.
happy_h42,white_margin_20px,segmentation.bounding_box_coverage,0.970549,0.766896,0.203654,0.2098,expected_change,False,Transform is expected to materially change this feature group; not scored as a failure.
happy_h42,white_margin_20px,composition.centroid_x,0.492631,0.488985,0.003645,0.0074,expected_change,False,Transform is expected to materially change this feature group; not scored as a failure.
happy_h42,white_margin_20px,composition.centroid_y,0.526195,0.525302,0.000893,0.0017,expected_change,False,Transform is expected to materially change this feature group; not scored as a failure.
happy_h42,white_margin_20px,composition.symmetry,0.748956,0.813688,0.064731,0.0864,expected_change,False,Transform is expected to materially change this feature group; not scored as a failure.
happy_h42,white_margin_20px,stroke.edge_density,0.199918,0.199937,2e-05,0.0001,expected_change,False,Transform is expected to materially change this feature group; not scored as a failure.
happy_h42,white_margin_20px,stroke.intensity_proxy,0.379571,0.246423,0.133148,0.3508,expected_change,False,Transform is expected to materially change this feature group; not scored as a failure.
happy_h42,white_margin_20px,stroke.fragmentation,0.101713,0.035449,0.066264,0.6515,expected_change,False,Transform is expected to materially change this feature group; not scored as a failure.
happy_h42,white_margin_20px,segmentation.component_count,38.0,24.0,14.0,0.3684,expected_change,False,Transform is expected to materially change this feature group; not scored as a failure.
happy_h42,white_margin_20px,segmentation.largest_component_ratio,0.473608,0.625919,0.152311,0.3216,expected_change,False,Transform is expected to materially change this feature group; not scored as a failure.
happy_h42,white_margin_20px,colour.dark_ratio,0.185493,0.102449,0.083044,0.4477,expected_change,False,Transform is expected to materially change this feature group; not scored as a failure.
happy_h42,border_crop_10px,segmentation.foreground_coverage,0.256593,0.270849,0.014256,0.0556,expected_change,False,Transform is expected to materially change this feature group; not scored as a failure.
happy_h42,border_crop_10px,segmentation.bounding_box_coverage,0.970549,1.0,0.029451,0.0303,expected_change,False,Transform is expected to materially change this feature group; not scored as a failure.
happy_h42,border_crop_10px,composition.centroid_x,0.492631,0.479068,0.013563,0.0275,expected_change,False,Transform is expected to materially change this feature group; not scored as a failure.
happy_h42,border_crop_10px,composition.centroid_y,0.526195,0.531299,0.005103,0.0097,expected_change,False,Transform is expected to materially change this feature group; not scored as a failure.
happy_h42,border_crop_10px,composition.symmetry,0.748956,0.736763,0.012193,0.0163,expected_change,False,Transform is expected to materially change this feature group; not scored as a failure.
happy_h42,border_crop_10px,stroke.edge_density,0.199918,0.199968,5e-05,0.0003,expected_change,False,Transform is expected to materially change this feature group; not scored as a failure.
happy_h42,border_crop_10px,stroke.intensity_proxy,0.379571,0.382261,0.00269,0.0071,expected_change,False,Transform is expected to materially change this feature group; not scored as a failure.
happy_h42,border_crop_10px,stroke.fragmentation,0.101713,0.144962,0.043249,0.4252,expected_change,False,Transform is expected to materially change this feature group; not scored as a failure.
happy_h42,border_crop_10px,segmentation.component_count,38.0,49.0,11.0,0.2895,expected_change,False,Transform is expected to materially change this feature group; not scored as a failure.
happy_h42,border_crop_10px,segmentation.largest_component_ratio,0.473608,0.52346,0.049852,0.1053,expected_change,False,Transform is expected to materially change this feature group; not scored as a failure.
happy_h42,border_crop_10px,colour.dark_ratio,0.185493,0.196438,0.010946,0.059,expected_change,False,Transform is expected to materially change this feature group; not scored as a failure.
happy_h42,perspective_mild,segmentation.foreground_coverage,0.256593,0.370879,0.114286,0.4454,expected_change,False,Transform is expected to materially change this feature group; not scored as a failure.
happy_h42,perspective_mild,segmentation.bounding_box_coverage,0.970549,0.943626,0.026923,0.0277,expected_change,False,Transform is expected to materially change this feature group; not scored as a failure.
happy_h42,perspective_mild,composition.centroid_x,0.492631,0.491925,0.000706,0.0014,expected_change,False,Transform is expected to materially change this feature group; not scored as a failure.
happy_h42,perspective_mild,composition.centroid_y,0.526195,0.521386,0.004809,0.0091,expected_change,False,Transform is expected to materially change this feature group; not scored as a failure.
happy_h42,perspective_mild,composition.symmetry,0.748956,0.692143,0.056813,0.0759,expected_change,False,Transform is expected to materially change this feature group; not scored as a failure.
happy_h42,perspective_mild,stroke.edge_density,0.199918,0.199959,4.1e-05,0.0002,expected_change,False,Transform is expected to materially change this feature group; not scored as a failure.
happy_h42,perspective_mild,stroke.intensity_proxy,0.379571,0.282987,0.096584,0.2545,expected_change,False,Transform is expected to materially change this feature group; not scored as a failure.
happy_h42,perspective_mild,stroke.fragmentation,0.101713,0.035185,0.066528,0.6541,expected_change,False,Transform is expected to materially change this feature group; not scored as a failure.
happy_h42,perspective_mild,segmentation.component_count,38.0,19.0,19.0,0.5,expected_change,False,Transform is expected to materially change this feature group; not scored as a failure.
happy_h42,perspective_mild,segmentation.largest_component_ratio,0.473608,0.66163,0.188021,0.397,expected_change,False,Transform is expected to materially change this feature group; not scored as a failure.
happy_h42,perspective_mild,colour.dark_ratio,0.185493,0.120444,0.065048,0.3507,expected_change,False,Transform is expected to materially change this feature group; not scored as a failure.
happy_h42,shadow_mild,segmentation.foreground_coverage,0.256593,0.252225,0.004368,0.017,expected_change,False,Transform is expected to materially change this feature group; not scored as a failure.
happy_h42,shadow_mild,segmentation.bounding_box_coverage,0.970549,0.970549,0.0,0.0,expected_change,False,Transform is expected to materially change this feature group; not scored as a failure.
happy_h42,shadow_mild,composition.centroid_x,0.492631,0.489957,0.002674,0.0054,expected_change,False,Transform is expected to materially change this feature group; not scored as a failure.
happy_h42,shadow_mild,composition.centroid_y,0.526195,0.529569,0.003374,0.0064,expected_change,False,Transform is expected to materially change this feature group; not scored as a failure.
happy_h42,shadow_mild,composition.symmetry,0.748956,0.75022,0.001264,0.0017,expected_change,False,Transform is expected to materially change this feature group; not scored as a failure.
happy_h42,shadow_mild,stroke.edge_density,0.199918,0.199918,0.0,0.0,expected_change,False,Transform is expected to materially change this feature group; not scored as a failure.
happy_h42,shadow_mild,stroke.intensity_proxy,0.379571,0.460018,0.080447,0.2119,expected_change,False,Transform is expected to materially change this feature group; not scored as a failure.
happy_h42,shadow_mild,stroke.fragmentation,0.101713,0.095306,0.006408,0.063,expected_change,False,Transform is expected to materially change this feature group; not scored as a failure.
happy_h42,shadow_mild,segmentation.component_count,38.0,35.0,3.0,0.0789,expected_change,False,Transform is expected to materially change this feature group; not scored as a failure.
happy_h42,shadow_mild,segmentation.largest_component_ratio,0.473608,0.478543,0.004935,0.0104,expected_change,False,Transform is expected to materially change this feature group; not scored as a failure.
happy_h42,shadow_mild,colour.dark_ratio,0.185493,0.219148,0.033656,0.1814,expected_change,False,Transform is expected to materially change this feature group; not scored as a failure.
happy_h42,grayscale,segmentation.foreground_coverage,0.256593,0.249643,0.006951,0.0271,pass,True,
happy_h42,grayscale,segmentation.bounding_box_coverage,0.970549,0.970549,0.0,0.0,pass,True,
happy_h42,grayscale,composition.centroid_x,0.492631,0.497868,0.005238,0.0106,pass,True,
happy_h42,grayscale,composition.centroid_y,0.526195,0.529826,0.00363,0.0069,pass,True,
happy_h42,grayscale,composition.symmetry,0.748956,0.751209,0.002253,0.003,pass,True,
happy_h42,grayscale,stroke.edge_density,0.199918,0.199918,0.0,0.0,pass,True,
happy_h42,grayscale,stroke.intensity_proxy,0.379571,0.371258,0.008312,0.0219,pass,True,
happy_h42,grayscale,stroke.fragmentation,0.101713,0.104545,0.002832,0.0278,pass,True,
happy_h42,grayscale,segmentation.component_count,38.0,38.0,0.0,0.0,pass,True,
happy_h42,grayscale,segmentation.largest_component_ratio,0.473608,0.481182,0.007574,0.016,pass,True,
happy_h42,grayscale,colour.dark_ratio,0.185493,0.174315,0.011178,0.0603,pass,True,
fear_f42,resize_0.5x,segmentation.foreground_coverage,0.490357,0.488651,0.001706,0.0035,pass,True,
fear_f42,resize_0.5x,segmentation.bounding_box_coverage,1.0,1.0,0.0,0.0,pass,True,
fear_f42,resize_0.5x,composition.centroid_x,0.496679,0.495491,0.001187,0.0024,pass,True,
fear_f42,resize_0.5x,composition.centroid_y,0.554466,0.547387,0.007079,0.0128,pass,True,
fear_f42,resize_0.5x,composition.symmetry,0.555159,0.557937,0.002778,0.005,pass,True,
fear_f42,resize_0.5x,stroke.edge_density,0.199583,0.2,0.000417,0.0021,expected_change,False,Transform is expected to materially change this feature group; not scored as a failure.
fear_f42,resize_0.5x,stroke.intensity_proxy,0.579435,0.573786,0.005649,0.0097,expected_change,False,Transform is expected to materially change this feature group; not scored as a failure.
fear_f42,resize_0.5x,stroke.fragmentation,0.14769,0.227383,0.079694,0.5396,expected_change,False,Transform is expected to materially change this feature group; not scored as a failure.
fear_f42,resize_0.5x,segmentation.component_count,73.0,28.0,45.0,0.6164,expected_change,False,Transform is expected to materially change this feature group; not scored as a failure.
fear_f42,resize_0.5x,segmentation.largest_component_ratio,0.774824,0.817119,0.042295,0.0546,expected_change,False,Transform is expected to materially change this feature group; not scored as a failure.
fear_f42,resize_0.5x,colour.dark_ratio,0.321073,0.295599,0.025475,0.0793,pass,True,
fear_f42,resize_1x,segmentation.foreground_coverage,0.490357,0.490357,0.0,0.0,pass,True,
fear_f42,resize_1x,segmentation.bounding_box_coverage,1.0,1.0,0.0,0.0,pass,True,
fear_f42,resize_1x,composition.centroid_x,0.496679,0.496679,0.0,0.0,pass,True,
fear_f42,resize_1x,composition.centroid_y,0.554466,0.554466,0.0,0.0,pass,True,
fear_f42,resize_1x,composition.symmetry,0.555159,0.555159,0.0,0.0,pass,True,
fear_f42,resize_1x,stroke.edge_density,0.199583,0.199583,0.0,0.0,pass,True,
fear_f42,resize_1x,stroke.intensity_proxy,0.579435,0.579435,0.0,0.0,pass,True,
fear_f42,resize_1x,stroke.fragmentation,0.14769,0.14769,0.0,0.0,pass,True,
fear_f42,resize_1x,segmentation.component_count,73.0,73.0,0.0,0.0,pass,True,
fear_f42,resize_1x,segmentation.largest_component_ratio,0.774824,0.774824,0.0,0.0,pass,True,
fear_f42,resize_1x,colour.dark_ratio,0.321073,0.321073,0.0,0.0,pass,True,
fear_f42,resize_2x,segmentation.foreground_coverage,0.490357,0.408566,0.081791,0.1668,fail,True,
fear_f42,resize_2x,segmentation.bounding_box_coverage,1.0,1.0,0.0,0.0,pass,True,
fear_f42,resize_2x,composition.centroid_x,0.496679,0.497594,0.000915,0.0018,pass,True,
fear_f42,resize_2x,composition.centroid_y,0.554466,0.56207,0.007604,0.0137,pass,True,
fear_f42,resize_2x,composition.symmetry,0.555159,0.552748,0.002411,0.0043,pass,True,
fear_f42,resize_2x,stroke.edge_density,0.199583,0.199504,7.9e-05,0.0004,expected_change,False,Transform is expected to materially change this feature group; not scored as a failure.
fear_f42,resize_2x,stroke.intensity_proxy,0.579435,0.600765,0.021331,0.0368,expected_change,False,Transform is expected to materially change this feature group; not scored as a failure.
fear_f42,resize_2x,stroke.fragmentation,0.14769,0.197288,0.049598,0.3358,expected_change,False,Transform is expected to materially change this feature group; not scored as a failure.
fear_f42,resize_2x,segmentation.component_count,73.0,325.0,252.0,3.4521,expected_change,False,Transform is expected to materially change this feature group; not scored as a failure.
fear_f42,resize_2x,segmentation.largest_component_ratio,0.774824,0.602911,0.171913,0.2219,expected_change,False,Transform is expected to materially change this feature group; not scored as a failure.
fear_f42,resize_2x,colour.dark_ratio,0.321073,0.350832,0.029759,0.0927,pass,True,
fear_f42,rotate_-5deg,segmentation.foreground_coverage,0.490357,0.505992,0.015635,0.0319,expected_change,False,Transform is expected to materially change this feature group; not scored as a failure.
fear_f42,rotate_-5deg,segmentation.bounding_box_coverage,1.0,1.0,0.0,0.0,expected_change,False,Transform is expected to materially change this feature group; not scored as a failure.
fear_f42,rotate_-5deg,composition.centroid_x,0.496679,0.49099,0.005689,0.0115,expected_change,False,Transform is expected to materially change this feature group; not scored as a failure.
fear_f42,rotate_-5deg,composition.centroid_y,0.554466,0.548661,0.005804,0.0105,expected_change,False,Transform is expected to materially change this feature group; not scored as a failure.
fear_f42,rotate_-5deg,composition.symmetry,0.555159,0.546746,0.008413,0.0152,expected_change,False,Transform is expected to materially change this feature group; not scored as a failure.
fear_f42,rotate_-5deg,stroke.edge_density,0.199583,0.199683,9.9e-05,0.0005,expected_change,False,Transform is expected to materially change this feature group; not scored as a failure.
fear_f42,rotate_-5deg,stroke.intensity_proxy,0.579435,0.559531,0.019904,0.0344,expected_change,False,Transform is expected to materially change this feature group; not scored as a failure.
fear_f42,rotate_-5deg,stroke.fragmentation,0.14769,0.129402,0.018288,0.1238,expected_change,False,Transform is expected to materially change this feature group; not scored as a failure.
fear_f42,rotate_-5deg,segmentation.component_count,73.0,66.0,7.0,0.0959,expected_change,False,Transform is expected to materially change this feature group; not scored as a failure.
fear_f42,rotate_-5deg,segmentation.largest_component_ratio,0.774824,0.775586,0.000762,0.001,expected_change,False,Transform is expected to materially change this feature group; not scored as a failure.
fear_f42,rotate_-5deg,colour.dark_ratio,0.321073,0.29978,0.021293,0.0663,expected_change,False,Transform is expected to materially change this feature group; not scored as a failure.
fear_f42,rotate_-2deg,segmentation.foreground_coverage,0.490357,0.516508,0.026151,0.0533,pass,True,
fear_f42,rotate_-2deg,segmentation.bounding_box_coverage,1.0,1.0,0.0,0.0,pass,True,
fear_f42,rotate_-2deg,composition.centroid_x,0.496679,0.493331,0.003347,0.0067,pass,True,
fear_f42,rotate_-2deg,composition.centroid_y,0.554466,0.550509,0.003957,0.0071,pass,True,
fear_f42,rotate_-2deg,composition.symmetry,0.555159,0.54619,0.008968,0.0162,pass,True,
fear_f42,rotate_-2deg,stroke.edge_density,0.199583,0.199921,0.000337,0.0017,expected_change,False,Transform is expected to materially change this feature group; not scored as a failure.
fear_f42,rotate_-2deg,stroke.intensity_proxy,0.579435,0.559903,0.019532,0.0337,expected_change,False,Transform is expected to materially change this feature group; not scored as a failure.
fear_f42,rotate_-2deg,stroke.fragmentation,0.14769,0.130608,0.017081,0.1157,expected_change,False,Transform is expected to materially change this feature group; not scored as a failure.
fear_f42,rotate_-2deg,segmentation.component_count,73.0,68.0,5.0,0.0685,expected_change,False,Transform is expected to materially change this feature group; not scored as a failure.
fear_f42,rotate_-2deg,segmentation.largest_component_ratio,0.774824,0.755954,0.01887,0.0244,expected_change,False,Transform is expected to materially change this feature group; not scored as a failure.
fear_f42,rotate_-2deg,colour.dark_ratio,0.321073,0.299939,0.021135,0.0658,pass,True,
fear_f42,rotate_+2deg,segmentation.foreground_coverage,0.490357,0.521567,0.03121,0.0636,pass,True,
fear_f42,rotate_+2deg,segmentation.bounding_box_coverage,1.0,1.0,0.0,0.0,pass,True,
fear_f42,rotate_+2deg,composition.centroid_x,0.496679,0.497221,0.000542,0.0011,pass,True,
fear_f42,rotate_+2deg,composition.centroid_y,0.554466,0.546786,0.00768,0.0139,pass,True,
fear_f42,rotate_+2deg,composition.symmetry,0.555159,0.550437,0.004722,0.0085,pass,True,
fear_f42,rotate_+2deg,stroke.edge_density,0.199583,0.199881,0.000298,0.0015,expected_change,False,Transform is expected to materially change this feature group; not scored as a failure.
fear_f42,rotate_+2deg,stroke.intensity_proxy,0.579435,0.558118,0.021316,0.0368,expected_change,False,Transform is expected to materially change this feature group; not scored as a failure.
fear_f42,rotate_+2deg,stroke.fragmentation,0.14769,0.119831,0.027858,0.1886,expected_change,False,Transform is expected to materially change this feature group; not scored as a failure.
fear_f42,rotate_+2deg,segmentation.component_count,73.0,63.0,10.0,0.137,expected_change,False,Transform is expected to materially change this feature group; not scored as a failure.
fear_f42,rotate_+2deg,segmentation.largest_component_ratio,0.774824,0.750713,0.024111,0.0311,expected_change,False,Transform is expected to materially change this feature group; not scored as a failure.
fear_f42,rotate_+2deg,colour.dark_ratio,0.321073,0.301898,0.019175,0.0597,pass,True,
fear_f42,rotate_+5deg,segmentation.foreground_coverage,0.490357,0.508671,0.018313,0.0373,expected_change,False,Transform is expected to materially change this feature group; not scored as a failure.
fear_f42,rotate_+5deg,segmentation.bounding_box_coverage,1.0,1.0,0.0,0.0,expected_change,False,Transform is expected to materially change this feature group; not scored as a failure.
fear_f42,rotate_+5deg,composition.centroid_x,0.496679,0.499278,0.002599,0.0052,expected_change,False,Transform is expected to materially change this feature group; not scored as a failure.
fear_f42,rotate_+5deg,composition.centroid_y,0.554466,0.546008,0.008458,0.0153,expected_change,False,Transform is expected to materially change this feature group; not scored as a failure.
fear_f42,rotate_+5deg,composition.symmetry,0.555159,0.548373,0.006786,0.0122,expected_change,False,Transform is expected to materially change this feature group; not scored as a failure.
fear_f42,rotate_+5deg,stroke.edge_density,0.199583,0.19998,0.000397,0.002,expected_change,False,Transform is expected to materially change this feature group; not scored as a failure.
fear_f42,rotate_+5deg,stroke.intensity_proxy,0.579435,0.556161,0.023273,0.0402,expected_change,False,Transform is expected to materially change this feature group; not scored as a failure.
fear_f42,rotate_+5deg,stroke.fragmentation,0.14769,0.12872,0.018969,0.1284,expected_change,False,Transform is expected to materially change this feature group; not scored as a failure.
fear_f42,rotate_+5deg,segmentation.component_count,73.0,66.0,7.0,0.0959,expected_change,False,Transform is expected to materially change this feature group; not scored as a failure.
fear_f42,rotate_+5deg,segmentation.largest_component_ratio,0.774824,0.710067,0.064757,0.0836,expected_change,False,Transform is expected to materially change this feature group; not scored as a failure.
fear_f42,rotate_+5deg,colour.dark_ratio,0.321073,0.30179,0.019283,0.0601,expected_change,False,Transform is expected to materially change this feature group; not scored as a failure.
fear_f42,jpeg_q95,segmentation.foreground_coverage,0.490357,0.48994,0.000417,0.0008,pass,True,
fear_f42,jpeg_q95,segmentation.bounding_box_coverage,1.0,1.0,0.0,0.0,pass,True,
fear_f42,jpeg_q95,composition.centroid_x,0.496679,0.497234,0.000555,0.0011,pass,True,
fear_f42,jpeg_q95,composition.centroid_y,0.554466,0.554962,0.000496,0.0009,pass,True,
fear_f42,jpeg_q95,composition.symmetry,0.555159,0.552341,0.002817,0.0051,pass,True,
fear_f42,jpeg_q95,stroke.edge_density,0.199583,0.199881,0.000298,0.0015,pass,True,
fear_f42,jpeg_q95,stroke.intensity_proxy,0.579435,0.579557,0.000122,0.0002,pass,True,
fear_f42,jpeg_q95,stroke.fragmentation,0.14769,0.14984,0.00215,0.0146,pass,True,
fear_f42,jpeg_q95,segmentation.component_count,73.0,74.0,1.0,0.0137,pass,True,
fear_f42,jpeg_q95,segmentation.largest_component_ratio,0.774824,0.782408,0.007584,0.0098,pass,True,
fear_f42,jpeg_q95,colour.dark_ratio,0.321073,0.32086,0.000213,0.0007,pass,True,
fear_f42,jpeg_q75,segmentation.foreground_coverage,0.490357,0.49494,0.004583,0.0093,pass,True,
fear_f42,jpeg_q75,segmentation.bounding_box_coverage,1.0,1.0,0.0,0.0,pass,True,
fear_f42,jpeg_q75,composition.centroid_x,0.496679,0.497364,0.000685,0.0014,pass,True,
fear_f42,jpeg_q75,composition.centroid_y,0.554466,0.554616,0.00015,0.0003,pass,True,
fear_f42,jpeg_q75,composition.symmetry,0.555159,0.551786,0.003373,0.0061,pass,True,
fear_f42,jpeg_q75,stroke.edge_density,0.199583,0.19996,0.000377,0.0019,expected_change,False,Transform is expected to materially change this feature group; not scored as a failure.
fear_f42,jpeg_q75,stroke.intensity_proxy,0.579435,0.57851,0.000924,0.0016,expected_change,False,Transform is expected to materially change this feature group; not scored as a failure.
fear_f42,jpeg_q75,stroke.fragmentation,0.14769,0.146322,0.001368,0.0093,expected_change,False,Transform is expected to materially change this feature group; not scored as a failure.
fear_f42,jpeg_q75,segmentation.component_count,73.0,73.0,0.0,0.0,expected_change,False,Transform is expected to materially change this feature group; not scored as a failure.
fear_f42,jpeg_q75,segmentation.largest_component_ratio,0.774824,0.730968,0.043856,0.0566,expected_change,False,Transform is expected to materially change this feature group; not scored as a failure.
fear_f42,jpeg_q75,colour.dark_ratio,0.321073,0.322109,0.001036,0.0032,pass,True,
fear_f42,jpeg_q50,segmentation.foreground_coverage,0.490357,0.488036,0.002321,0.0047,expected_change,False,Transform is expected to materially change this feature group; not scored as a failure.
fear_f42,jpeg_q50,segmentation.bounding_box_coverage,1.0,1.0,0.0,0.0,expected_change,False,Transform is expected to materially change this feature group; not scored as a failure.
fear_f42,jpeg_q50,composition.centroid_x,0.496679,0.495546,0.001133,0.0023,expected_change,False,Transform is expected to materially change this feature group; not scored as a failure.
fear_f42,jpeg_q50,composition.centroid_y,0.554466,0.554269,0.000197,0.0004,expected_change,False,Transform is expected to materially change this feature group; not scored as a failure.
fear_f42,jpeg_q50,composition.symmetry,0.555159,0.547262,0.007897,0.0142,expected_change,False,Transform is expected to materially change this feature group; not scored as a failure.
fear_f42,jpeg_q50,stroke.edge_density,0.199583,0.19994,0.000357,0.0018,expected_change,False,Transform is expected to materially change this feature group; not scored as a failure.
fear_f42,jpeg_q50,stroke.intensity_proxy,0.579435,0.579046,0.000389,0.0007,expected_change,False,Transform is expected to materially change this feature group; not scored as a failure.
fear_f42,jpeg_q50,stroke.fragmentation,0.14769,0.16872,0.02103,0.1424,expected_change,False,Transform is expected to materially change this feature group; not scored as a failure.
fear_f42,jpeg_q50,segmentation.component_count,73.0,83.0,10.0,0.137,expected_change,False,Transform is expected to materially change this feature group; not scored as a failure.
fear_f42,jpeg_q50,segmentation.largest_component_ratio,0.774824,0.674107,0.100717,0.13,expected_change,False,Transform is expected to materially change this feature group; not scored as a failure.
fear_f42,jpeg_q50,colour.dark_ratio,0.321073,0.318453,0.00262,0.0082,expected_change,False,Transform is expected to materially change this feature group; not scored as a failure.
fear_f42,jpeg_q30,segmentation.foreground_coverage,0.490357,0.49496,0.004603,0.0094,expected_change,False,Transform is expected to materially change this feature group; not scored as a failure.
fear_f42,jpeg_q30,segmentation.bounding_box_coverage,1.0,1.0,0.0,0.0,expected_change,False,Transform is expected to materially change this feature group; not scored as a failure.
fear_f42,jpeg_q30,composition.centroid_x,0.496679,0.494711,0.001967,0.004,expected_change,False,Transform is expected to materially change this feature group; not scored as a failure.
fear_f42,jpeg_q30,composition.centroid_y,0.554466,0.549242,0.005223,0.0094,expected_change,False,Transform is expected to materially change this feature group; not scored as a failure.
fear_f42,jpeg_q30,composition.symmetry,0.555159,0.545317,0.009841,0.0177,expected_change,False,Transform is expected to materially change this feature group; not scored as a failure.
fear_f42,jpeg_q30,stroke.edge_density,0.199583,0.199702,0.000119,0.0006,expected_change,False,Transform is expected to materially change this feature group; not scored as a failure.
fear_f42,jpeg_q30,stroke.intensity_proxy,0.579435,0.574623,0.004812,0.0083,expected_change,False,Transform is expected to materially change this feature group; not scored as a failure.
fear_f42,jpeg_q30,stroke.fragmentation,0.14769,0.196424,0.048735,0.33,expected_change,False,Transform is expected to materially change this feature group; not scored as a failure.
fear_f42,jpeg_q30,segmentation.component_count,73.0,98.0,25.0,0.3425,expected_change,False,Transform is expected to materially change this feature group; not scored as a failure.
fear_f42,jpeg_q30,segmentation.largest_component_ratio,0.774824,0.62956,0.145264,0.1875,expected_change,False,Transform is expected to materially change this feature group; not scored as a failure.
fear_f42,jpeg_q30,colour.dark_ratio,0.321073,0.311192,0.009881,0.0308,expected_change,False,Transform is expected to materially change this feature group; not scored as a failure.
fear_f42,brightness_up_1.3x,segmentation.foreground_coverage,0.490357,0.492083,0.001726,0.0035,pass,True,
fear_f42,brightness_up_1.3x,segmentation.bounding_box_coverage,1.0,1.0,0.0,0.0,pass,True,
fear_f42,brightness_up_1.3x,composition.centroid_x,0.496679,0.494563,0.002115,0.0043,pass,True,
fear_f42,brightness_up_1.3x,composition.centroid_y,0.554466,0.575672,0.021206,0.0382,pass,True,
fear_f42,brightness_up_1.3x,composition.symmetry,0.555159,0.572579,0.017421,0.0314,pass,True,
fear_f42,brightness_up_1.3x,stroke.edge_density,0.199583,0.19996,0.000377,0.0019,pass,True,
fear_f42,brightness_up_1.3x,stroke.intensity_proxy,0.579435,0.472492,0.106943,0.1846,pass,True,
fear_f42,brightness_up_1.3x,stroke.fragmentation,0.14769,0.143139,0.00455,0.0308,pass,True,
fear_f42,brightness_up_1.3x,segmentation.component_count,73.0,71.0,2.0,0.0274,pass,True,
fear_f42,brightness_up_1.3x,segmentation.largest_component_ratio,0.774824,0.815653,0.040829,0.0527,pass,True,
fear_f42,brightness_up_1.3x,colour.dark_ratio,0.321073,0.199065,0.122009,0.38,expected_change,False,Transform is expected to materially change this feature group; not scored as a failure.
fear_f42,brightness_down_0.7x,segmentation.foreground_coverage,0.490357,0.440813,0.049544,0.101,fail,True,
fear_f42,brightness_down_0.7x,segmentation.bounding_box_coverage,1.0,1.0,0.0,0.0,pass,True,
fear_f42,brightness_down_0.7x,composition.centroid_x,0.496679,0.495519,0.00116,0.0023,pass,True,
fear_f42,brightness_down_0.7x,composition.centroid_y,0.554466,0.555379,0.000913,0.0016,pass,True,
fear_f42,brightness_down_0.7x,composition.symmetry,0.555159,0.551706,0.003452,0.0062,pass,True,
fear_f42,brightness_down_0.7x,stroke.edge_density,0.199583,0.19998,0.000397,0.002,pass,True,
fear_f42,brightness_down_0.7x,stroke.intensity_proxy,0.579435,0.716932,0.137497,0.2373,pass,True,
fear_f42,brightness_down_0.7x,stroke.fragmentation,0.14769,0.216051,0.068361,0.4629,fail,True,
fear_f42,brightness_down_0.7x,segmentation.component_count,73.0,96.0,23.0,0.3151,pass,True,
fear_f42,brightness_down_0.7x,segmentation.largest_component_ratio,0.774824,0.649098,0.125726,0.1623,pass,True,
fear_f42,brightness_down_0.7x,colour.dark_ratio,0.321073,0.619166,0.298092,0.9284,expected_change,False,Transform is expected to materially change this feature group; not scored as a failure.
fear_f42,contrast_up_1.3x,segmentation.foreground_coverage,0.490357,0.522063,0.031706,0.0647,pass,True,
fear_f42,contrast_up_1.3x,segmentation.bounding_box_coverage,1.0,1.0,0.0,0.0,pass,True,
fear_f42,contrast_up_1.3x,composition.centroid_x,0.496679,0.49667,8e-06,0.0,pass,True,
fear_f42,contrast_up_1.3x,composition.centroid_y,0.554466,0.558254,0.003789,0.0068,pass,True,
fear_f42,contrast_up_1.3x,composition.symmetry,0.555159,0.561111,0.005952,0.0107,pass,True,
fear_f42,contrast_up_1.3x,stroke.edge_density,0.199583,0.19994,0.000357,0.0018,expected_change,False,Transform is expected to materially change this feature group; not scored as a failure.
fear_f42,contrast_up_1.3x,stroke.intensity_proxy,0.579435,0.61168,0.032246,0.0556,expected_change,False,Transform is expected to materially change this feature group; not scored as a failure.
fear_f42,contrast_up_1.3x,stroke.fragmentation,0.14769,0.131119,0.016571,0.1122,expected_change,False,Transform is expected to materially change this feature group; not scored as a failure.
fear_f42,contrast_up_1.3x,segmentation.component_count,73.0,69.0,4.0,0.0548,expected_change,False,Transform is expected to materially change this feature group; not scored as a failure.
fear_f42,contrast_up_1.3x,segmentation.largest_component_ratio,0.774824,0.781317,0.006493,0.0084,expected_change,False,Transform is expected to materially change this feature group; not scored as a failure.
fear_f42,contrast_up_1.3x,colour.dark_ratio,0.321073,0.421861,0.100788,0.3139,expected_change,False,Transform is expected to materially change this feature group; not scored as a failure.
fear_f42,contrast_down_0.7x,segmentation.foreground_coverage,0.490357,0.440198,0.050159,0.1023,fail,True,
fear_f42,contrast_down_0.7x,segmentation.bounding_box_coverage,1.0,1.0,0.0,0.0,pass,True,
fear_f42,contrast_down_0.7x,composition.centroid_x,0.496679,0.494882,0.001797,0.0036,pass,True,
fear_f42,contrast_down_0.7x,composition.centroid_y,0.554466,0.555339,0.000874,0.0016,pass,True,
fear_f42,contrast_down_0.7x,composition.symmetry,0.555159,0.552302,0.002857,0.0051,pass,True,
fear_f42,contrast_down_0.7x,stroke.edge_density,0.199583,0.2,0.000417,0.0021,expected_change,False,Transform is expected to materially change this feature group; not scored as a failure.
fear_f42,contrast_down_0.7x,stroke.intensity_proxy,0.579435,0.548827,0.030608,0.0528,expected_change,False,Transform is expected to materially change this feature group; not scored as a failure.
fear_f42,contrast_down_0.7x,stroke.fragmentation,0.14769,0.214099,0.066409,0.4497,expected_change,False,Transform is expected to materially change this feature group; not scored as a failure.
fear_f42,contrast_down_0.7x,segmentation.component_count,73.0,95.0,22.0,0.3014,expected_change,False,Transform is expected to materially change this feature group; not scored as a failure.
fear_f42,contrast_down_0.7x,segmentation.largest_component_ratio,0.774824,0.650005,0.124819,0.1611,expected_change,False,Transform is expected to materially change this feature group; not scored as a failure.
fear_f42,contrast_down_0.7x,colour.dark_ratio,0.321073,0.158929,0.162144,0.505,expected_change,False,Transform is expected to materially change this feature group; not scored as a failure.
fear_f42,white_margin_20px,segmentation.foreground_coverage,0.490357,0.62985,0.139493,0.2845,expected_change,False,Transform is expected to materially change this feature group; not scored as a failure.
fear_f42,white_margin_20px,segmentation.bounding_box_coverage,1.0,0.725962,0.274038,0.274,expected_change,False,Transform is expected to materially change this feature group; not scored as a failure.
fear_f42,white_margin_20px,composition.centroid_x,0.496679,0.492713,0.003966,0.008,expected_change,False,Transform is expected to materially change this feature group; not scored as a failure.
fear_f42,white_margin_20px,composition.centroid_y,0.554466,0.537126,0.01734,0.0313,expected_change,False,Transform is expected to materially change this feature group; not scored as a failure.
fear_f42,white_margin_20px,composition.symmetry,0.555159,0.870503,0.315345,0.568,expected_change,False,Transform is expected to materially change this feature group; not scored as a failure.
fear_f42,white_margin_20px,stroke.edge_density,0.199583,0.199972,0.000388,0.0019,expected_change,False,Transform is expected to materially change this feature group; not scored as a failure.
fear_f42,white_margin_20px,stroke.intensity_proxy,0.579435,0.477927,0.101508,0.1752,expected_change,False,Transform is expected to materially change this feature group; not scored as a failure.
fear_f42,white_margin_20px,stroke.fragmentation,0.14769,0.006735,0.140955,0.9544,expected_change,False,Transform is expected to materially change this feature group; not scored as a failure.
fear_f42,white_margin_20px,segmentation.component_count,73.0,6.0,67.0,0.9178,expected_change,False,Transform is expected to materially change this feature group; not scored as a failure.
fear_f42,white_margin_20px,segmentation.largest_component_ratio,0.774824,0.990638,0.215814,0.2785,expected_change,False,Transform is expected to materially change this feature group; not scored as a failure.
fear_f42,white_margin_20px,colour.dark_ratio,0.321073,0.188514,0.132559,0.4129,expected_change,False,Transform is expected to materially change this feature group; not scored as a failure.
fear_f42,border_crop_10px,segmentation.foreground_coverage,0.490357,0.493098,0.002741,0.0056,expected_change,False,Transform is expected to materially change this feature group; not scored as a failure.
fear_f42,border_crop_10px,segmentation.bounding_box_coverage,1.0,1.0,0.0,0.0,expected_change,False,Transform is expected to materially change this feature group; not scored as a failure.
fear_f42,border_crop_10px,composition.centroid_x,0.496679,0.501172,0.004493,0.009,expected_change,False,Transform is expected to materially change this feature group; not scored as a failure.
fear_f42,border_crop_10px,composition.centroid_y,0.554466,0.556637,0.002171,0.0039,expected_change,False,Transform is expected to materially change this feature group; not scored as a failure.
fear_f42,border_crop_10px,composition.symmetry,0.555159,0.552799,0.00236,0.0043,expected_change,False,Transform is expected to materially change this feature group; not scored as a failure.
fear_f42,border_crop_10px,stroke.edge_density,0.199583,0.199976,0.000393,0.002,expected_change,False,Transform is expected to materially change this feature group; not scored as a failure.
fear_f42,border_crop_10px,stroke.intensity_proxy,0.579435,0.588023,0.008588,0.0148,expected_change,False,Transform is expected to materially change this feature group; not scored as a failure.
fear_f42,border_crop_10px,stroke.fragmentation,0.14769,0.161496,0.013806,0.0935,expected_change,False,Transform is expected to materially change this feature group; not scored as a failure.
fear_f42,border_crop_10px,segmentation.component_count,73.0,66.0,7.0,0.0959,expected_change,False,Transform is expected to materially change this feature group; not scored as a failure.
fear_f42,border_crop_10px,segmentation.largest_component_ratio,0.774824,0.779387,0.004563,0.0059,expected_change,False,Transform is expected to materially change this feature group; not scored as a failure.
fear_f42,border_crop_10px,colour.dark_ratio,0.321073,0.333806,0.012733,0.0397,expected_change,False,Transform is expected to materially change this feature group; not scored as a failure.
fear_f42,perspective_mild,segmentation.foreground_coverage,0.490357,0.539206,0.048849,0.0996,expected_change,False,Transform is expected to materially change this feature group; not scored as a failure.
fear_f42,perspective_mild,segmentation.bounding_box_coverage,1.0,1.0,0.0,0.0,expected_change,False,Transform is expected to materially change this feature group; not scored as a failure.
fear_f42,perspective_mild,composition.centroid_x,0.496679,0.49868,0.002001,0.004,expected_change,False,Transform is expected to materially change this feature group; not scored as a failure.
fear_f42,perspective_mild,composition.centroid_y,0.554466,0.546066,0.0084,0.0151,expected_change,False,Transform is expected to materially change this feature group; not scored as a failure.
fear_f42,perspective_mild,composition.symmetry,0.555159,0.607063,0.051905,0.0935,expected_change,False,Transform is expected to materially change this feature group; not scored as a failure.
fear_f42,perspective_mild,stroke.edge_density,0.199583,0.19998,0.000397,0.002,expected_change,False,Transform is expected to materially change this feature group; not scored as a failure.
fear_f42,perspective_mild,stroke.intensity_proxy,0.579435,0.541575,0.037859,0.0653,expected_change,False,Transform is expected to materially change this feature group; not scored as a failure.
fear_f42,perspective_mild,stroke.fragmentation,0.14769,0.086473,0.061216,0.4145,expected_change,False,Transform is expected to materially change this feature group; not scored as a failure.
fear_f42,perspective_mild,segmentation.component_count,73.0,47.0,26.0,0.3562,expected_change,False,Transform is expected to materially change this feature group; not scored as a failure.
fear_f42,perspective_mild,segmentation.largest_component_ratio,0.774824,0.882801,0.107977,0.1394,expected_change,False,Transform is expected to materially change this feature group; not scored as a failure.
fear_f42,perspective_mild,colour.dark_ratio,0.321073,0.284553,0.036521,0.1137,expected_change,False,Transform is expected to materially change this feature group; not scored as a failure.
fear_f42,shadow_mild,segmentation.foreground_coverage,0.490357,0.471905,0.018452,0.0376,expected_change,False,Transform is expected to materially change this feature group; not scored as a failure.
fear_f42,shadow_mild,segmentation.bounding_box_coverage,1.0,1.0,0.0,0.0,expected_change,False,Transform is expected to materially change this feature group; not scored as a failure.
fear_f42,shadow_mild,composition.centroid_x,0.496679,0.490167,0.006512,0.0131,expected_change,False,Transform is expected to materially change this feature group; not scored as a failure.
fear_f42,shadow_mild,composition.centroid_y,0.554466,0.554136,0.00033,0.0006,expected_change,False,Transform is expected to materially change this feature group; not scored as a failure.
fear_f42,shadow_mild,composition.symmetry,0.555159,0.550635,0.004524,0.0081,expected_change,False,Transform is expected to materially change this feature group; not scored as a failure.
fear_f42,shadow_mild,stroke.edge_density,0.199583,0.199901,0.000317,0.0016,expected_change,False,Transform is expected to materially change this feature group; not scored as a failure.
fear_f42,shadow_mild,stroke.intensity_proxy,0.579435,0.636549,0.057114,0.0986,expected_change,False,Transform is expected to materially change this feature group; not scored as a failure.
fear_f42,shadow_mild,stroke.fragmentation,0.14769,0.172385,0.024695,0.1672,expected_change,False,Transform is expected to materially change this feature group; not scored as a failure.
fear_f42,shadow_mild,segmentation.component_count,73.0,82.0,9.0,0.1233,expected_change,False,Transform is expected to materially change this feature group; not scored as a failure.
fear_f42,shadow_mild,segmentation.largest_component_ratio,0.774824,0.675328,0.099496,0.1284,expected_change,False,Transform is expected to materially change this feature group; not scored as a failure.
fear_f42,shadow_mild,colour.dark_ratio,0.321073,0.429701,0.108628,0.3383,expected_change,False,Transform is expected to materially change this feature group; not scored as a failure.
fear_f42,grayscale,segmentation.foreground_coverage,0.490357,0.490873,0.000516,0.0011,pass,True,
fear_f42,grayscale,segmentation.bounding_box_coverage,1.0,1.0,0.0,0.0,pass,True,
fear_f42,grayscale,composition.centroid_x,0.496679,0.49812,0.001441,0.0029,pass,True,
fear_f42,grayscale,composition.centroid_y,0.554466,0.55878,0.004314,0.0078,pass,True,
fear_f42,grayscale,composition.symmetry,0.555159,0.550952,0.004206,0.0076,pass,True,
fear_f42,grayscale,stroke.edge_density,0.199583,0.199583,0.0,0.0,pass,True,
fear_f42,grayscale,stroke.intensity_proxy,0.579435,0.578205,0.00123,0.0021,pass,True,
fear_f42,grayscale,stroke.fragmentation,0.14769,0.145513,0.002176,0.0147,pass,True,
fear_f42,grayscale,segmentation.component_count,73.0,72.0,1.0,0.0137,pass,True,
fear_f42,grayscale,segmentation.largest_component_ratio,0.774824,0.7827,0.007876,0.0102,pass,True,
fear_f42,grayscale,colour.dark_ratio,0.321073,0.333023,0.01195,0.0372,pass,True,
sad_1_21,resize_0.5x,segmentation.foreground_coverage,0.259441,0.300566,0.041125,0.1585,fail,True,
sad_1_21,resize_0.5x,segmentation.bounding_box_coverage,1.0,1.0,0.0,0.0,pass,True,
sad_1_21,resize_0.5x,composition.centroid_x,0.437433,0.439568,0.002135,0.0049,pass,True,
sad_1_21,resize_0.5x,composition.centroid_y,0.468694,0.465845,0.002849,0.0061,pass,True,
sad_1_21,resize_0.5x,composition.symmetry,0.625435,0.589687,0.035747,0.0572,pass,True,
sad_1_21,resize_0.5x,stroke.edge_density,0.194846,0.19999,0.005144,0.0264,expected_change,False,Transform is expected to materially change this feature group; not scored as a failure.
sad_1_21,resize_0.5x,stroke.intensity_proxy,0.65716,0.648971,0.008189,0.0125,expected_change,False,Transform is expected to materially change this feature group; not scored as a failure.
sad_1_21,resize_0.5x,stroke.fragmentation,0.263958,0.29729,0.033333,0.1263,expected_change,False,Transform is expected to materially change this feature group; not scored as a failure.
sad_1_21,resize_0.5x,segmentation.component_count,561.0,183.0,378.0,0.6738,expected_change,False,Transform is expected to materially change this feature group; not scored as a failure.
sad_1_21,resize_0.5x,segmentation.largest_component_ratio,0.569885,0.64988,0.079994,0.1404,expected_change,False,Transform is expected to materially change this feature group; not scored as a failure.
sad_1_21,resize_0.5x,colour.dark_ratio,0.466325,0.441094,0.025231,0.0541,pass,True,
sad_1_21,resize_1x,segmentation.foreground_coverage,0.259441,0.259441,0.0,0.0,pass,True,
sad_1_21,resize_1x,segmentation.bounding_box_coverage,1.0,1.0,0.0,0.0,pass,True,
sad_1_21,resize_1x,composition.centroid_x,0.437433,0.437433,0.0,0.0,pass,True,
sad_1_21,resize_1x,composition.centroid_y,0.468694,0.468694,0.0,0.0,pass,True,
sad_1_21,resize_1x,composition.symmetry,0.625435,0.625435,0.0,0.0,pass,True,
sad_1_21,resize_1x,stroke.edge_density,0.194846,0.194846,0.0,0.0,pass,True,
sad_1_21,resize_1x,stroke.intensity_proxy,0.65716,0.65716,0.0,0.0,pass,True,
sad_1_21,resize_1x,stroke.fragmentation,0.263958,0.263958,0.0,0.0,pass,True,
sad_1_21,resize_1x,segmentation.component_count,561.0,561.0,0.0,0.0,pass,True,
sad_1_21,resize_1x,segmentation.largest_component_ratio,0.569885,0.569885,0.0,0.0,pass,True,
sad_1_21,resize_1x,colour.dark_ratio,0.466325,0.466325,0.0,0.0,pass,True,
sad_1_21,resize_2x,segmentation.foreground_coverage,0.259441,0.186277,0.073163,0.282,fail,True,
sad_1_21,resize_2x,segmentation.bounding_box_coverage,1.0,1.0,0.0,0.0,pass,True,
sad_1_21,resize_2x,composition.centroid_x,0.437433,0.435351,0.002082,0.0048,pass,True,
sad_1_21,resize_2x,composition.centroid_y,0.468694,0.460243,0.008451,0.018,pass,True,
sad_1_21,resize_2x,composition.symmetry,0.625435,0.701893,0.076459,0.1222,fail,True,
sad_1_21,resize_2x,stroke.edge_density,0.194846,0.102454,0.092393,0.4742,expected_change,False,Transform is expected to materially change this feature group; not scored as a failure.
sad_1_21,resize_2x,stroke.intensity_proxy,0.65716,0.680878,0.023718,0.0361,expected_change,False,Transform is expected to materially change this feature group; not scored as a failure.
sad_1_21,resize_2x,stroke.fragmentation,0.263958,0.264256,0.000298,0.0011,expected_change,False,Transform is expected to materially change this feature group; not scored as a failure.
sad_1_21,resize_2x,segmentation.component_count,561.0,1613.0,1052.0,1.8752,expected_change,False,Transform is expected to materially change this feature group; not scored as a failure.
sad_1_21,resize_2x,segmentation.largest_component_ratio,0.569885,0.054083,0.515802,0.9051,expected_change,False,Transform is expected to materially change this feature group; not scored as a failure.
sad_1_21,resize_2x,colour.dark_ratio,0.466325,0.510038,0.043712,0.0937,pass,True,
sad_1_21,rotate_-5deg,segmentation.foreground_coverage,0.259441,0.274197,0.014756,0.0569,expected_change,False,Transform is expected to materially change this feature group; not scored as a failure.
sad_1_21,rotate_-5deg,segmentation.bounding_box_coverage,1.0,1.0,0.0,0.0,expected_change,False,Transform is expected to materially change this feature group; not scored as a failure.
sad_1_21,rotate_-5deg,composition.centroid_x,0.437433,0.444989,0.007555,0.0173,expected_change,False,Transform is expected to materially change this feature group; not scored as a failure.
sad_1_21,rotate_-5deg,composition.centroid_y,0.468694,0.464879,0.003815,0.0081,expected_change,False,Transform is expected to materially change this feature group; not scored as a failure.
sad_1_21,rotate_-5deg,composition.symmetry,0.625435,0.63519,0.009756,0.0156,expected_change,False,Transform is expected to materially change this feature group; not scored as a failure.
sad_1_21,rotate_-5deg,stroke.edge_density,0.194846,0.198882,0.004036,0.0207,expected_change,False,Transform is expected to materially change this feature group; not scored as a failure.
sad_1_21,rotate_-5deg,stroke.intensity_proxy,0.65716,0.634749,0.022412,0.0341,expected_change,False,Transform is expected to materially change this feature group; not scored as a failure.
sad_1_21,rotate_-5deg,stroke.fragmentation,0.263958,0.23239,0.031567,0.1196,expected_change,False,Transform is expected to materially change this feature group; not scored as a failure.
sad_1_21,rotate_-5deg,segmentation.component_count,561.0,522.0,39.0,0.0695,expected_change,False,Transform is expected to materially change this feature group; not scored as a failure.
sad_1_21,rotate_-5deg,segmentation.largest_component_ratio,0.569885,0.626617,0.056732,0.0995,expected_change,False,Transform is expected to materially change this feature group; not scored as a failure.
sad_1_21,rotate_-5deg,colour.dark_ratio,0.466325,0.437223,0.029102,0.0624,expected_change,False,Transform is expected to materially change this feature group; not scored as a failure.
sad_1_21,rotate_-2deg,segmentation.foreground_coverage,0.259441,0.276895,0.017454,0.0673,pass,True,
sad_1_21,rotate_-2deg,segmentation.bounding_box_coverage,1.0,1.0,0.0,0.0,pass,True,
sad_1_21,rotate_-2deg,composition.centroid_x,0.437433,0.444076,0.006643,0.0152,pass,True,
sad_1_21,rotate_-2deg,composition.centroid_y,0.468694,0.469899,0.001205,0.0026,pass,True,
sad_1_21,rotate_-2deg,composition.symmetry,0.625435,0.606064,0.01937,0.031,pass,True,
sad_1_21,rotate_-2deg,stroke.edge_density,0.194846,0.198154,0.003308,0.017,expected_change,False,Transform is expected to materially change this feature group; not scored as a failure.
sad_1_21,rotate_-2deg,stroke.intensity_proxy,0.65716,0.632736,0.024425,0.0372,expected_change,False,Transform is expected to materially change this feature group; not scored as a failure.
sad_1_21,rotate_-2deg,stroke.fragmentation,0.263958,0.23718,0.026778,0.1014,expected_change,False,Transform is expected to materially change this feature group; not scored as a failure.
sad_1_21,rotate_-2deg,segmentation.component_count,561.0,538.0,23.0,0.041,expected_change,False,Transform is expected to materially change this feature group; not scored as a failure.
sad_1_21,rotate_-2deg,segmentation.largest_component_ratio,0.569885,0.626896,0.05701,0.1,expected_change,False,Transform is expected to materially change this feature group; not scored as a failure.
sad_1_21,rotate_-2deg,colour.dark_ratio,0.466325,0.434956,0.031369,0.0673,pass,True,
sad_1_21,rotate_+2deg,segmentation.foreground_coverage,0.259441,0.279175,0.019734,0.0761,pass,True,
sad_1_21,rotate_+2deg,segmentation.bounding_box_coverage,1.0,1.0,0.0,0.0,pass,True,
sad_1_21,rotate_+2deg,composition.centroid_x,0.437433,0.440531,0.003097,0.0071,pass,True,
sad_1_21,rotate_+2deg,composition.centroid_y,0.468694,0.470995,0.002301,0.0049,pass,True,
sad_1_21,rotate_+2deg,composition.symmetry,0.625435,0.586826,0.038608,0.0617,pass,True,
sad_1_21,rotate_+2deg,stroke.edge_density,0.194846,0.197815,0.002969,0.0152,expected_change,False,Transform is expected to materially change this feature group; not scored as a failure.
sad_1_21,rotate_+2deg,stroke.intensity_proxy,0.65716,0.627398,0.029762,0.0453,expected_change,False,Transform is expected to materially change this feature group; not scored as a failure.
sad_1_21,rotate_+2deg,stroke.fragmentation,0.263958,0.231745,0.032213,0.122,expected_change,False,Transform is expected to materially change this feature group; not scored as a failure.
sad_1_21,rotate_+2deg,segmentation.component_count,561.0,530.0,31.0,0.0553,expected_change,False,Transform is expected to materially change this feature group; not scored as a failure.
sad_1_21,rotate_+2deg,segmentation.largest_component_ratio,0.569885,0.567031,0.002854,0.005,expected_change,False,Transform is expected to materially change this feature group; not scored as a failure.
sad_1_21,rotate_+2deg,colour.dark_ratio,0.466325,0.426025,0.0403,0.0864,pass,True,
sad_1_21,rotate_+5deg,segmentation.foreground_coverage,0.259441,0.27251,0.013069,0.0504,expected_change,False,Transform is expected to materially change this feature group; not scored as a failure.
sad_1_21,rotate_+5deg,segmentation.bounding_box_coverage,1.0,1.0,0.0,0.0,expected_change,False,Transform is expected to materially change this feature group; not scored as a failure.
sad_1_21,rotate_+5deg,composition.centroid_x,0.437433,0.439778,0.002344,0.0054,expected_change,False,Transform is expected to materially change this feature group; not scored as a failure.
sad_1_21,rotate_+5deg,composition.centroid_y,0.468694,0.473689,0.004995,0.0107,expected_change,False,Transform is expected to materially change this feature group; not scored as a failure.
sad_1_21,rotate_+5deg,composition.symmetry,0.625435,0.590703,0.034731,0.0555,expected_change,False,Transform is expected to materially change this feature group; not scored as a failure.
sad_1_21,rotate_+5deg,stroke.edge_density,0.194846,0.192754,0.002092,0.0107,expected_change,False,Transform is expected to materially change this feature group; not scored as a failure.
sad_1_21,rotate_+5deg,stroke.intensity_proxy,0.65716,0.627868,0.029292,0.0446,expected_change,False,Transform is expected to materially change this feature group; not scored as a failure.
sad_1_21,rotate_+5deg,stroke.fragmentation,0.263958,0.236517,0.027441,0.104,expected_change,False,Transform is expected to materially change this feature group; not scored as a failure.
sad_1_21,rotate_+5deg,segmentation.component_count,561.0,528.0,33.0,0.0588,expected_change,False,Transform is expected to materially change this feature group; not scored as a failure.
sad_1_21,rotate_+5deg,segmentation.largest_component_ratio,0.569885,0.534456,0.035429,0.0622,expected_change,False,Transform is expected to materially change this feature group; not scored as a failure.
sad_1_21,rotate_+5deg,colour.dark_ratio,0.466325,0.425873,0.040452,0.0867,expected_change,False,Transform is expected to materially change this feature group; not scored as a failure.
sad_1_21,jpeg_q95,segmentation.foreground_coverage,0.259441,0.259465,2.4e-05,0.0001,pass,True,
sad_1_21,jpeg_q95,segmentation.bounding_box_coverage,1.0,1.0,0.0,0.0,pass,True,
sad_1_21,jpeg_q95,composition.centroid_x,0.437433,0.437808,0.000374,0.0009,pass,True,
sad_1_21,jpeg_q95,composition.centroid_y,0.468694,0.46838,0.000314,0.0007,pass,True,
sad_1_21,jpeg_q95,composition.symmetry,0.625435,0.625474,3.9e-05,0.0001,pass,True,
sad_1_21,jpeg_q95,stroke.edge_density,0.194846,0.194961,0.000115,0.0006,pass,True,
sad_1_21,jpeg_q95,stroke.intensity_proxy,0.65716,0.656922,0.000238,0.0004,pass,True,
sad_1_21,jpeg_q95,stroke.fragmentation,0.263958,0.267697,0.003739,0.0142,pass,True,
sad_1_21,jpeg_q95,segmentation.component_count,561.0,569.0,8.0,0.0143,pass,True,
sad_1_21,jpeg_q95,segmentation.largest_component_ratio,0.569885,0.569267,0.000618,0.0011,pass,True,
sad_1_21,jpeg_q95,colour.dark_ratio,0.466325,0.466441,0.000116,0.0002,pass,True,
sad_1_21,jpeg_q75,segmentation.foreground_coverage,0.259441,0.25947,2.9e-05,0.0001,pass,True,
sad_1_21,jpeg_q75,segmentation.bounding_box_coverage,1.0,1.0,0.0,0.0,pass,True,
sad_1_21,jpeg_q75,composition.centroid_x,0.437433,0.437463,2.9e-05,0.0001,pass,True,
sad_1_21,jpeg_q75,composition.centroid_y,0.468694,0.468603,9.1e-05,0.0002,pass,True,
sad_1_21,jpeg_q75,composition.symmetry,0.625435,0.625483,4.9e-05,0.0001,pass,True,
sad_1_21,jpeg_q75,stroke.edge_density,0.194846,0.19478,6.6e-05,0.0003,expected_change,False,Transform is expected to materially change this feature group; not scored as a failure.
sad_1_21,jpeg_q75,stroke.intensity_proxy,0.65716,0.656819,0.000342,0.0005,expected_change,False,Transform is expected to materially change this feature group; not scored as a failure.
sad_1_21,jpeg_q75,stroke.fragmentation,0.263958,0.264869,0.000911,0.0035,expected_change,False,Transform is expected to materially change this feature group; not scored as a failure.
sad_1_21,jpeg_q75,segmentation.component_count,561.0,563.0,2.0,0.0036,expected_change,False,Transform is expected to materially change this feature group; not scored as a failure.
sad_1_21,jpeg_q75,segmentation.largest_component_ratio,0.569885,0.569896,1.1e-05,0.0,expected_change,False,Transform is expected to materially change this feature group; not scored as a failure.
sad_1_21,jpeg_q75,colour.dark_ratio,0.466325,0.466038,0.000288,0.0006,pass,True,
sad_1_21,jpeg_q50,segmentation.foreground_coverage,0.259441,0.276008,0.016567,0.0639,expected_change,False,Transform is expected to materially change this feature group; not scored as a failure.
sad_1_21,jpeg_q50,segmentation.bounding_box_coverage,1.0,1.0,0.0,0.0,expected_change,False,Transform is expected to materially change this feature group; not scored as a failure.
sad_1_21,jpeg_q50,composition.centroid_x,0.437433,0.438433,0.000999,0.0023,expected_change,False,Transform is expected to materially change this feature group; not scored as a failure.
sad_1_21,jpeg_q50,composition.centroid_y,0.468694,0.470589,0.001895,0.004,expected_change,False,Transform is expected to materially change this feature group; not scored as a failure.
sad_1_21,jpeg_q50,composition.symmetry,0.625435,0.60688,0.018555,0.0297,expected_change,False,Transform is expected to materially change this feature group; not scored as a failure.
sad_1_21,jpeg_q50,stroke.edge_density,0.194846,0.199514,0.004668,0.024,expected_change,False,Transform is expected to materially change this feature group; not scored as a failure.
sad_1_21,jpeg_q50,stroke.intensity_proxy,0.65716,0.644924,0.012237,0.0186,expected_change,False,Transform is expected to materially change this feature group; not scored as a failure.
sad_1_21,jpeg_q50,stroke.fragmentation,0.263958,0.296763,0.032806,0.1243,expected_change,False,Transform is expected to materially change this feature group; not scored as a failure.
sad_1_21,jpeg_q50,segmentation.component_count,561.0,671.0,110.0,0.1961,expected_change,False,Transform is expected to materially change this feature group; not scored as a failure.
sad_1_21,jpeg_q50,segmentation.largest_component_ratio,0.569885,0.548062,0.021824,0.0383,expected_change,False,Transform is expected to materially change this feature group; not scored as a failure.
sad_1_21,jpeg_q50,colour.dark_ratio,0.466325,0.442695,0.02363,0.0507,expected_change,False,Transform is expected to materially change this feature group; not scored as a failure.
sad_1_21,jpeg_q30,segmentation.foreground_coverage,0.259441,0.263765,0.004324,0.0167,expected_change,False,Transform is expected to materially change this feature group; not scored as a failure.
sad_1_21,jpeg_q30,segmentation.bounding_box_coverage,1.0,1.0,0.0,0.0,expected_change,False,Transform is expected to materially change this feature group; not scored as a failure.
sad_1_21,jpeg_q30,composition.centroid_x,0.437433,0.438536,0.001102,0.0025,expected_change,False,Transform is expected to materially change this feature group; not scored as a failure.
sad_1_21,jpeg_q30,composition.centroid_y,0.468694,0.468824,0.00013,0.0003,expected_change,False,Transform is expected to materially change this feature group; not scored as a failure.
sad_1_21,jpeg_q30,composition.symmetry,0.625435,0.619883,0.005552,0.0089,expected_change,False,Transform is expected to materially change this feature group; not scored as a failure.
sad_1_21,jpeg_q30,stroke.edge_density,0.194846,0.198721,0.003875,0.0199,expected_change,False,Transform is expected to materially change this feature group; not scored as a failure.
sad_1_21,jpeg_q30,stroke.intensity_proxy,0.65716,0.65397,0.003191,0.0049,expected_change,False,Transform is expected to materially change this feature group; not scored as a failure.
sad_1_21,jpeg_q30,stroke.fragmentation,0.263958,0.301746,0.037788,0.1432,expected_change,False,Transform is expected to materially change this feature group; not scored as a failure.
sad_1_21,jpeg_q30,segmentation.component_count,561.0,652.0,91.0,0.1622,expected_change,False,Transform is expected to materially change this feature group; not scored as a failure.
sad_1_21,jpeg_q30,segmentation.largest_component_ratio,0.569885,0.471056,0.098829,0.1734,expected_change,False,Transform is expected to materially change this feature group; not scored as a failure.
sad_1_21,jpeg_q30,colour.dark_ratio,0.466325,0.459292,0.007033,0.0151,expected_change,False,Transform is expected to materially change this feature group; not scored as a failure.
sad_1_21,brightness_up_1.3x,segmentation.foreground_coverage,0.259441,0.276992,0.017551,0.0677,pass,True,
sad_1_21,brightness_up_1.3x,segmentation.bounding_box_coverage,1.0,1.0,0.0,0.0,pass,True,
sad_1_21,brightness_up_1.3x,composition.centroid_x,0.437433,0.431326,0.006107,0.014,pass,True,
sad_1_21,brightness_up_1.3x,composition.centroid_y,0.468694,0.467161,0.001533,0.0033,pass,True,
sad_1_21,brightness_up_1.3x,composition.symmetry,0.625435,0.608125,0.01731,0.0277,pass,True,
sad_1_21,brightness_up_1.3x,stroke.edge_density,0.194846,0.199958,0.005112,0.0262,pass,True,
sad_1_21,brightness_up_1.3x,stroke.intensity_proxy,0.65716,0.547734,0.109426,0.1665,pass,True,
sad_1_21,brightness_up_1.3x,stroke.fragmentation,0.263958,0.242385,0.021573,0.0817,pass,True,
sad_1_21,brightness_up_1.3x,segmentation.component_count,561.0,550.0,11.0,0.0196,pass,True,
sad_1_21,brightness_up_1.3x,segmentation.largest_component_ratio,0.569885,0.557714,0.012171,0.0214,pass,True,
sad_1_21,brightness_up_1.3x,colour.dark_ratio,0.466325,0.37649,0.089836,0.1926,expected_change,False,Transform is expected to materially change this feature group; not scored as a failure.
sad_1_21,brightness_down_0.7x,segmentation.foreground_coverage,0.259441,0.210493,0.048948,0.1887,fail,True,
sad_1_21,brightness_down_0.7x,segmentation.bounding_box_coverage,1.0,1.0,0.0,0.0,pass,True,
sad_1_21,brightness_down_0.7x,composition.centroid_x,0.437433,0.438543,0.00111,0.0025,pass,True,
sad_1_21,brightness_down_0.7x,composition.centroid_y,0.468694,0.454313,0.014381,0.0307,pass,True,
sad_1_21,brightness_down_0.7x,composition.symmetry,0.625435,0.680996,0.055562,0.0888,fail,True,
sad_1_21,brightness_down_0.7x,stroke.edge_density,0.194846,0.140127,0.054719,0.2808,pass,True,
sad_1_21,brightness_down_0.7x,stroke.intensity_proxy,0.65716,0.788677,0.131516,0.2001,pass,True,
sad_1_21,brightness_down_0.7x,stroke.fragmentation,0.263958,0.265026,0.001068,0.004,pass,True,
sad_1_21,brightness_down_0.7x,segmentation.component_count,561.0,457.0,104.0,0.1854,pass,True,
sad_1_21,brightness_down_0.7x,segmentation.largest_component_ratio,0.569885,0.645063,0.075177,0.1319,pass,True,
sad_1_21,brightness_down_0.7x,colour.dark_ratio,0.466325,0.704609,0.238284,0.511,expected_change,False,Transform is expected to materially change this feature group; not scored as a failure.
sad_1_21,contrast_up_1.3x,segmentation.foreground_coverage,0.259441,0.299219,0.039778,0.1533,fail,True,
sad_1_21,contrast_up_1.3x,segmentation.bounding_box_coverage,1.0,1.0,0.0,0.0,pass,True,
sad_1_21,contrast_up_1.3x,composition.centroid_x,0.437433,0.43779,0.000357,0.0008,pass,True,
sad_1_21,contrast_up_1.3x,composition.centroid_y,0.468694,0.476499,0.007805,0.0167,pass,True,
sad_1_21,contrast_up_1.3x,composition.symmetry,0.625435,0.586719,0.038716,0.0619,pass,True,
sad_1_21,contrast_up_1.3x,stroke.edge_density,0.194846,0.199573,0.004727,0.0243,expected_change,False,Transform is expected to materially change this feature group; not scored as a failure.
sad_1_21,contrast_up_1.3x,stroke.intensity_proxy,0.65716,0.665518,0.008357,0.0127,expected_change,False,Transform is expected to materially change this feature group; not scored as a failure.
sad_1_21,contrast_up_1.3x,stroke.fragmentation,0.263958,0.235395,0.028563,0.1082,expected_change,False,Transform is expected to materially change this feature group; not scored as a failure.
sad_1_21,contrast_up_1.3x,segmentation.component_count,561.0,577.0,16.0,0.0285,expected_change,False,Transform is expected to materially change this feature group; not scored as a failure.
sad_1_21,contrast_up_1.3x,segmentation.largest_component_ratio,0.569885,0.540796,0.029089,0.051,expected_change,False,Transform is expected to materially change this feature group; not scored as a failure.
sad_1_21,contrast_up_1.3x,colour.dark_ratio,0.466325,0.463226,0.003099,0.0066,expected_change,False,Transform is expected to materially change this feature group; not scored as a failure.
sad_1_21,contrast_down_0.7x,segmentation.foreground_coverage,0.259441,0.210493,0.048948,0.1887,fail,True,
sad_1_21,contrast_down_0.7x,segmentation.bounding_box_coverage,1.0,1.0,0.0,0.0,pass,True,
sad_1_21,contrast_down_0.7x,composition.centroid_x,0.437433,0.438543,0.00111,0.0025,pass,True,
sad_1_21,contrast_down_0.7x,composition.centroid_y,0.468694,0.454313,0.014381,0.0307,pass,True,
sad_1_21,contrast_down_0.7x,composition.symmetry,0.625435,0.680996,0.055562,0.0888,fail,True,
sad_1_21,contrast_down_0.7x,stroke.edge_density,0.194846,0.140127,0.054719,0.2808,expected_change,False,Transform is expected to materially change this feature group; not scored as a failure.
sad_1_21,contrast_down_0.7x,stroke.intensity_proxy,0.65716,0.623971,0.03319,0.0505,expected_change,False,Transform is expected to materially change this feature group; not scored as a failure.
sad_1_21,contrast_down_0.7x,stroke.fragmentation,0.263958,0.265026,0.001068,0.004,expected_change,False,Transform is expected to materially change this feature group; not scored as a failure.
sad_1_21,contrast_down_0.7x,segmentation.component_count,561.0,457.0,104.0,0.1854,expected_change,False,Transform is expected to materially change this feature group; not scored as a failure.
sad_1_21,contrast_down_0.7x,segmentation.largest_component_ratio,0.569885,0.645063,0.075177,0.1319,expected_change,False,Transform is expected to materially change this feature group; not scored as a failure.
sad_1_21,contrast_down_0.7x,colour.dark_ratio,0.466325,0.433146,0.033179,0.0712,expected_change,False,Transform is expected to materially change this feature group; not scored as a failure.
sad_1_21,white_margin_20px,segmentation.foreground_coverage,0.259441,0.842874,0.583433,2.2488,expected_change,False,Transform is expected to materially change this feature group; not scored as a failure.
sad_1_21,white_margin_20px,segmentation.bounding_box_coverage,1.0,0.891358,0.108642,0.1086,expected_change,False,Transform is expected to materially change this feature group; not scored as a failure.
sad_1_21,white_margin_20px,composition.centroid_x,0.437433,0.490454,0.05302,0.1212,expected_change,False,Transform is expected to materially change this feature group; not scored as a failure.
sad_1_21,white_margin_20px,composition.centroid_y,0.468694,0.479864,0.011171,0.0238,expected_change,False,Transform is expected to materially change this feature group; not scored as a failure.
sad_1_21,white_margin_20px,composition.symmetry,0.625435,0.920567,0.295132,0.4719,expected_change,False,Transform is expected to materially change this feature group; not scored as a failure.
sad_1_21,white_margin_20px,stroke.edge_density,0.194846,0.183138,0.011708,0.0601,expected_change,False,Transform is expected to materially change this feature group; not scored as a failure.
sad_1_21,white_margin_20px,stroke.intensity_proxy,0.65716,0.477323,0.179837,0.2737,expected_change,False,Transform is expected to materially change this feature group; not scored as a failure.
sad_1_21,white_margin_20px,stroke.fragmentation,0.263958,0.004234,0.259724,0.984,expected_change,False,Transform is expected to materially change this feature group; not scored as a failure.
sad_1_21,white_margin_20px,segmentation.component_count,561.0,33.0,528.0,0.9412,expected_change,False,Transform is expected to materially change this feature group; not scored as a failure.
sad_1_21,white_margin_20px,segmentation.largest_component_ratio,0.569885,0.990545,0.42066,0.7381,expected_change,False,Transform is expected to materially change this feature group; not scored as a failure.
sad_1_21,white_margin_20px,colour.dark_ratio,0.466325,0.144741,0.321585,0.6896,expected_change,False,Transform is expected to materially change this feature group; not scored as a failure.
sad_1_21,border_crop_10px,segmentation.foreground_coverage,0.259441,0.265198,0.005757,0.0222,expected_change,False,Transform is expected to materially change this feature group; not scored as a failure.
sad_1_21,border_crop_10px,segmentation.bounding_box_coverage,1.0,1.0,0.0,0.0,expected_change,False,Transform is expected to materially change this feature group; not scored as a failure.
sad_1_21,border_crop_10px,composition.centroid_x,0.437433,0.435033,0.002401,0.0055,expected_change,False,Transform is expected to materially change this feature group; not scored as a failure.
sad_1_21,border_crop_10px,composition.centroid_y,0.468694,0.46869,4e-06,0.0,expected_change,False,Transform is expected to materially change this feature group; not scored as a failure.
sad_1_21,border_crop_10px,composition.symmetry,0.625435,0.619126,0.006309,0.0101,expected_change,False,Transform is expected to materially change this feature group; not scored as a failure.
sad_1_21,border_crop_10px,stroke.edge_density,0.194846,0.198702,0.003856,0.0198,expected_change,False,Transform is expected to materially change this feature group; not scored as a failure.
sad_1_21,border_crop_10px,stroke.intensity_proxy,0.65716,0.660057,0.002896,0.0044,expected_change,False,Transform is expected to materially change this feature group; not scored as a failure.
sad_1_21,border_crop_10px,stroke.fragmentation,0.263958,0.262404,0.001554,0.0059,expected_change,False,Transform is expected to materially change this feature group; not scored as a failure.
sad_1_21,border_crop_10px,segmentation.component_count,561.0,535.0,26.0,0.0463,expected_change,False,Transform is expected to materially change this feature group; not scored as a failure.
sad_1_21,border_crop_10px,segmentation.largest_component_ratio,0.569885,0.487454,0.082432,0.1446,expected_change,False,Transform is expected to materially change this feature group; not scored as a failure.
sad_1_21,border_crop_10px,colour.dark_ratio,0.466325,0.470846,0.004521,0.0097,expected_change,False,Transform is expected to materially change this feature group; not scored as a failure.
sad_1_21,perspective_mild,segmentation.foreground_coverage,0.259441,0.282019,0.022578,0.087,expected_change,False,Transform is expected to materially change this feature group; not scored as a failure.
sad_1_21,perspective_mild,segmentation.bounding_box_coverage,1.0,1.0,0.0,0.0,expected_change,False,Transform is expected to materially change this feature group; not scored as a failure.
sad_1_21,perspective_mild,composition.centroid_x,0.437433,0.451311,0.013877,0.0317,expected_change,False,Transform is expected to materially change this feature group; not scored as a failure.
sad_1_21,perspective_mild,composition.centroid_y,0.468694,0.48145,0.012756,0.0272,expected_change,False,Transform is expected to materially change this feature group; not scored as a failure.
sad_1_21,perspective_mild,composition.symmetry,0.625435,0.615513,0.009922,0.0159,expected_change,False,Transform is expected to materially change this feature group; not scored as a failure.
sad_1_21,perspective_mild,stroke.edge_density,0.194846,0.195403,0.000557,0.0029,expected_change,False,Transform is expected to materially change this feature group; not scored as a failure.
sad_1_21,perspective_mild,stroke.intensity_proxy,0.65716,0.596512,0.060649,0.0923,expected_change,False,Transform is expected to materially change this feature group; not scored as a failure.
sad_1_21,perspective_mild,stroke.fragmentation,0.263958,0.212527,0.051431,0.1948,expected_change,False,Transform is expected to materially change this feature group; not scored as a failure.
sad_1_21,perspective_mild,segmentation.component_count,561.0,491.0,70.0,0.1248,expected_change,False,Transform is expected to materially change this feature group; not scored as a failure.
sad_1_21,perspective_mild,segmentation.largest_component_ratio,0.569885,0.64989,0.080004,0.1404,expected_change,False,Transform is expected to materially change this feature group; not scored as a failure.
sad_1_21,perspective_mild,colour.dark_ratio,0.466325,0.382859,0.083466,0.179,expected_change,False,Transform is expected to materially change this feature group; not scored as a failure.
sad_1_21,shadow_mild,segmentation.foreground_coverage,0.259441,0.243086,0.016355,0.063,expected_change,False,Transform is expected to materially change this feature group; not scored as a failure.
sad_1_21,shadow_mild,segmentation.bounding_box_coverage,1.0,1.0,0.0,0.0,expected_change,False,Transform is expected to materially change this feature group; not scored as a failure.
sad_1_21,shadow_mild,composition.centroid_x,0.437433,0.426887,0.010547,0.0241,expected_change,False,Transform is expected to materially change this feature group; not scored as a failure.
sad_1_21,shadow_mild,composition.centroid_y,0.468694,0.463139,0.005555,0.0119,expected_change,False,Transform is expected to materially change this feature group; not scored as a failure.
sad_1_21,shadow_mild,composition.symmetry,0.625435,0.638809,0.013374,0.0214,expected_change,False,Transform is expected to materially change this feature group; not scored as a failure.
sad_1_21,shadow_mild,stroke.edge_density,0.194846,0.175393,0.019453,0.0998,expected_change,False,Transform is expected to materially change this feature group; not scored as a failure.
sad_1_21,shadow_mild,stroke.intensity_proxy,0.65716,0.705528,0.048368,0.0736,expected_change,False,Transform is expected to materially change this feature group; not scored as a failure.
sad_1_21,shadow_mild,stroke.fragmentation,0.263958,0.263639,0.000319,0.0012,expected_change,False,Transform is expected to materially change this feature group; not scored as a failure.
sad_1_21,shadow_mild,segmentation.component_count,561.0,525.0,36.0,0.0642,expected_change,False,Transform is expected to materially change this feature group; not scored as a failure.
sad_1_21,shadow_mild,segmentation.largest_component_ratio,0.569885,0.594086,0.024201,0.0425,expected_change,False,Transform is expected to materially change this feature group; not scored as a failure.
sad_1_21,shadow_mild,colour.dark_ratio,0.466325,0.53018,0.063855,0.1369,expected_change,False,Transform is expected to materially change this feature group; not scored as a failure.
sad_1_21,grayscale,segmentation.foreground_coverage,0.259441,0.258772,0.000669,0.0026,pass,True,
sad_1_21,grayscale,segmentation.bounding_box_coverage,1.0,1.0,0.0,0.0,pass,True,
sad_1_21,grayscale,composition.centroid_x,0.437433,0.437679,0.000245,0.0006,pass,True,
sad_1_21,grayscale,composition.centroid_y,0.468694,0.467989,0.000705,0.0015,pass,True,
sad_1_21,grayscale,composition.symmetry,0.625435,0.626226,0.000791,0.0013,pass,True,
sad_1_21,grayscale,stroke.edge_density,0.194846,0.194846,0.0,0.0,pass,True,
sad_1_21,grayscale,stroke.intensity_proxy,0.65716,0.652329,0.004831,0.0074,pass,True,
sad_1_21,grayscale,stroke.fragmentation,0.263958,0.263225,0.000733,0.0028,pass,True,
sad_1_21,grayscale,segmentation.component_count,561.0,558.0,3.0,0.0053,pass,True,
sad_1_21,grayscale,segmentation.largest_component_ratio,0.569885,0.572642,0.002756,0.0048,pass,True,
sad_1_21,grayscale,colour.dark_ratio,0.466325,0.469116,0.00279,0.006,pass,True,
angry_a11,resize_0.5x,segmentation.foreground_coverage,0.222657,0.28246,0.059803,0.2686,fail,True,
angry_a11,resize_0.5x,segmentation.bounding_box_coverage,0.938395,0.945559,0.007163,0.0076,pass,True,
angry_a11,resize_0.5x,composition.centroid_x,0.480795,0.481868,0.001073,0.0022,pass,True,
angry_a11,resize_0.5x,composition.centroid_y,0.413677,0.423526,0.009849,0.0238,pass,True,
angry_a11,resize_0.5x,composition.symmetry,0.717587,0.693662,0.023925,0.0333,pass,True,
angry_a11,resize_0.5x,stroke.edge_density,0.182488,0.199783,0.017295,0.0948,expected_change,False,Transform is expected to materially change this feature group; not scored as a failure.
angry_a11,resize_0.5x,stroke.intensity_proxy,0.593844,0.529958,0.063886,0.1076,expected_change,False,Transform is expected to materially change this feature group; not scored as a failure.
angry_a11,resize_0.5x,stroke.fragmentation,0.060284,0.08162,0.021336,0.3539,expected_change,False,Transform is expected to materially change this feature group; not scored as a failure.
angry_a11,resize_0.5x,segmentation.component_count,98.0,42.0,56.0,0.5714,expected_change,False,Transform is expected to materially change this feature group; not scored as a failure.
angry_a11,resize_0.5x,segmentation.largest_component_ratio,0.453926,0.464845,0.010919,0.0241,expected_change,False,Transform is expected to materially change this feature group; not scored as a failure.
angry_a11,resize_0.5x,colour.dark_ratio,0.340272,0.261573,0.0787,0.2313,fail,True,
angry_a11,resize_1x,segmentation.foreground_coverage,0.222657,0.222657,0.0,0.0,pass,True,
angry_a11,resize_1x,segmentation.bounding_box_coverage,0.938395,0.938395,0.0,0.0,pass,True,
angry_a11,resize_1x,composition.centroid_x,0.480795,0.480795,0.0,0.0,pass,True,
angry_a11,resize_1x,composition.centroid_y,0.413677,0.413677,0.0,0.0,pass,True,
angry_a11,resize_1x,composition.symmetry,0.717587,0.717587,0.0,0.0,pass,True,
angry_a11,resize_1x,stroke.edge_density,0.182488,0.182488,0.0,0.0,pass,True,
angry_a11,resize_1x,stroke.intensity_proxy,0.593844,0.593844,0.0,0.0,pass,True,
angry_a11,resize_1x,stroke.fragmentation,0.060284,0.060284,0.0,0.0,pass,True,
angry_a11,resize_1x,segmentation.component_count,98.0,98.0,0.0,0.0,pass,True,
angry_a11,resize_1x,segmentation.largest_component_ratio,0.453926,0.453926,0.0,0.0,pass,True,
angry_a11,resize_1x,colour.dark_ratio,0.340272,0.340272,0.0,0.0,pass,True,
angry_a11,resize_2x,segmentation.foreground_coverage,0.222657,0.160398,0.06226,0.2796,fail,True,
angry_a11,resize_2x,segmentation.bounding_box_coverage,0.938395,0.929799,0.008596,0.0092,pass,True,
angry_a11,resize_2x,composition.centroid_x,0.480795,0.471961,0.008834,0.0184,pass,True,
angry_a11,resize_2x,composition.centroid_y,0.413677,0.413379,0.000298,0.0007,pass,True,
angry_a11,resize_2x,composition.symmetry,0.717587,0.757152,0.039565,0.0551,pass,True,
angry_a11,resize_2x,stroke.edge_density,0.182488,0.124772,0.057716,0.3163,expected_change,False,Transform is expected to materially change this feature group; not scored as a failure.
angry_a11,resize_2x,stroke.intensity_proxy,0.593844,0.633578,0.039734,0.0669,expected_change,False,Transform is expected to materially change this feature group; not scored as a failure.
angry_a11,resize_2x,stroke.fragmentation,0.060284,0.075999,0.015715,0.2607,expected_change,False,Transform is expected to materially change this feature group; not scored as a failure.
angry_a11,resize_2x,segmentation.component_count,98.0,356.0,258.0,2.6327,expected_change,False,Transform is expected to materially change this feature group; not scored as a failure.
angry_a11,resize_2x,segmentation.largest_component_ratio,0.453926,0.148863,0.305063,0.6721,expected_change,False,Transform is expected to materially change this feature group; not scored as a failure.
angry_a11,resize_2x,colour.dark_ratio,0.340272,0.39249,0.052218,0.1535,fail,True,
angry_a11,rotate_-5deg,segmentation.foreground_coverage,0.222657,0.223912,0.001255,0.0056,expected_change,False,Transform is expected to materially change this feature group; not scored as a failure.
angry_a11,rotate_-5deg,segmentation.bounding_box_coverage,0.938395,0.988539,0.050143,0.0534,expected_change,False,Transform is expected to materially change this feature group; not scored as a failure.
angry_a11,rotate_-5deg,composition.centroid_x,0.480795,0.483532,0.002737,0.0057,expected_change,False,Transform is expected to materially change this feature group; not scored as a failure.
angry_a11,rotate_-5deg,composition.centroid_y,0.413677,0.419878,0.006201,0.015,expected_change,False,Transform is expected to materially change this feature group; not scored as a failure.
angry_a11,rotate_-5deg,composition.symmetry,0.717587,0.68202,0.035567,0.0496,expected_change,False,Transform is expected to materially change this feature group; not scored as a failure.
angry_a11,rotate_-5deg,stroke.edge_density,0.182488,0.181488,0.001,0.0055,expected_change,False,Transform is expected to materially change this feature group; not scored as a failure.
angry_a11,rotate_-5deg,stroke.intensity_proxy,0.593844,0.578545,0.015299,0.0258,expected_change,False,Transform is expected to materially change this feature group; not scored as a failure.
angry_a11,rotate_-5deg,stroke.fragmentation,0.060284,0.053829,0.006455,0.1071,expected_change,False,Transform is expected to materially change this feature group; not scored as a failure.
angry_a11,rotate_-5deg,segmentation.component_count,98.0,88.0,10.0,0.102,expected_change,False,Transform is expected to materially change this feature group; not scored as a failure.
angry_a11,rotate_-5deg,segmentation.largest_component_ratio,0.453926,0.476046,0.02212,0.0487,expected_change,False,Transform is expected to materially change this feature group; not scored as a failure.
angry_a11,rotate_-5deg,colour.dark_ratio,0.340272,0.32311,0.017162,0.0504,expected_change,False,Transform is expected to materially change this feature group; not scored as a failure.
angry_a11,rotate_-2deg,segmentation.foreground_coverage,0.222657,0.228826,0.006169,0.0277,pass,True,
angry_a11,rotate_-2deg,segmentation.bounding_box_coverage,0.938395,0.984241,0.045845,0.0489,pass,True,
angry_a11,rotate_-2deg,composition.centroid_x,0.480795,0.480068,0.000727,0.0015,pass,True,
angry_a11,rotate_-2deg,composition.centroid_y,0.413677,0.419514,0.005837,0.0141,pass,True,
angry_a11,rotate_-2deg,composition.symmetry,0.717587,0.70846,0.009127,0.0127,pass,True,
angry_a11,rotate_-2deg,stroke.edge_density,0.182488,0.183797,0.001309,0.0072,expected_change,False,Transform is expected to materially change this feature group; not scored as a failure.
angry_a11,rotate_-2deg,stroke.intensity_proxy,0.593844,0.579586,0.014258,0.024,expected_change,False,Transform is expected to materially change this feature group; not scored as a failure.
angry_a11,rotate_-2deg,stroke.fragmentation,0.060284,0.056863,0.003421,0.0567,expected_change,False,Transform is expected to materially change this feature group; not scored as a failure.
angry_a11,rotate_-2deg,segmentation.component_count,98.0,95.0,3.0,0.0306,expected_change,False,Transform is expected to materially change this feature group; not scored as a failure.
angry_a11,rotate_-2deg,segmentation.largest_component_ratio,0.453926,0.525726,0.0718,0.1582,expected_change,False,Transform is expected to materially change this feature group; not scored as a failure.
angry_a11,rotate_-2deg,colour.dark_ratio,0.340272,0.327926,0.012346,0.0363,pass,True,
angry_a11,rotate_+2deg,segmentation.foreground_coverage,0.222657,0.22815,0.005492,0.0247,pass,True,
angry_a11,rotate_+2deg,segmentation.bounding_box_coverage,0.938395,0.972779,0.034384,0.0366,pass,True,
angry_a11,rotate_+2deg,composition.centroid_x,0.480795,0.480323,0.000471,0.001,pass,True,
angry_a11,rotate_+2deg,composition.centroid_y,0.413677,0.421545,0.007868,0.019,pass,True,
angry_a11,rotate_+2deg,composition.symmetry,0.717587,0.702417,0.01517,0.0211,pass,True,
angry_a11,rotate_+2deg,stroke.edge_density,0.182488,0.18503,0.002542,0.0139,expected_change,False,Transform is expected to materially change this feature group; not scored as a failure.
angry_a11,rotate_+2deg,stroke.intensity_proxy,0.593844,0.58327,0.010574,0.0178,expected_change,False,Transform is expected to materially change this feature group; not scored as a failure.
angry_a11,rotate_+2deg,stroke.fragmentation,0.060284,0.057632,0.002652,0.044,expected_change,False,Transform is expected to materially change this feature group; not scored as a failure.
angry_a11,rotate_+2deg,segmentation.component_count,98.0,96.0,2.0,0.0204,expected_change,False,Transform is expected to materially change this feature group; not scored as a failure.
angry_a11,rotate_+2deg,segmentation.largest_component_ratio,0.453926,0.433873,0.020053,0.0442,expected_change,False,Transform is expected to materially change this feature group; not scored as a failure.
angry_a11,rotate_+2deg,colour.dark_ratio,0.340272,0.3316,0.008672,0.0255,pass,True,
angry_a11,rotate_+5deg,segmentation.foreground_coverage,0.222657,0.225684,0.003027,0.0136,expected_change,False,Transform is expected to materially change this feature group; not scored as a failure.
angry_a11,rotate_+5deg,segmentation.bounding_box_coverage,0.938395,1.0,0.061605,0.0656,expected_change,False,Transform is expected to materially change this feature group; not scored as a failure.
angry_a11,rotate_+5deg,composition.centroid_x,0.480795,0.474797,0.005998,0.0125,expected_change,False,Transform is expected to materially change this feature group; not scored as a failure.
angry_a11,rotate_+5deg,composition.centroid_y,0.413677,0.424643,0.010965,0.0265,expected_change,False,Transform is expected to materially change this feature group; not scored as a failure.
angry_a11,rotate_+5deg,composition.symmetry,0.717587,0.676119,0.041468,0.0578,expected_change,False,Transform is expected to materially change this feature group; not scored as a failure.
angry_a11,rotate_+5deg,stroke.edge_density,0.182488,0.1842,0.001712,0.0094,expected_change,False,Transform is expected to materially change this feature group; not scored as a failure.
angry_a11,rotate_+5deg,stroke.intensity_proxy,0.593844,0.583309,0.010535,0.0177,expected_change,False,Transform is expected to materially change this feature group; not scored as a failure.
angry_a11,rotate_+5deg,stroke.fragmentation,0.060284,0.055834,0.00445,0.0738,expected_change,False,Transform is expected to materially change this feature group; not scored as a failure.
angry_a11,rotate_+5deg,segmentation.component_count,98.0,92.0,6.0,0.0612,expected_change,False,Transform is expected to materially change this feature group; not scored as a failure.
angry_a11,rotate_+5deg,segmentation.largest_component_ratio,0.453926,0.442934,0.010992,0.0242,expected_change,False,Transform is expected to materially change this feature group; not scored as a failure.
angry_a11,rotate_+5deg,colour.dark_ratio,0.340272,0.330295,0.009977,0.0293,expected_change,False,Transform is expected to materially change this feature group; not scored as a failure.
angry_a11,jpeg_q95,segmentation.foreground_coverage,0.222657,0.221932,0.000726,0.0033,pass,True,
angry_a11,jpeg_q95,segmentation.bounding_box_coverage,0.938395,0.93553,0.002865,0.0031,pass,True,
angry_a11,jpeg_q95,composition.centroid_x,0.480795,0.47956,0.001234,0.0026,pass,True,
angry_a11,jpeg_q95,composition.centroid_y,0.413677,0.412725,0.000952,0.0023,pass,True,
angry_a11,jpeg_q95,composition.symmetry,0.717587,0.716968,0.000619,0.0009,pass,True,
angry_a11,jpeg_q95,stroke.edge_density,0.182488,0.183019,0.000531,0.0029,pass,True,
angry_a11,jpeg_q95,stroke.intensity_proxy,0.593844,0.595437,0.001593,0.0027,pass,True,
angry_a11,jpeg_q95,stroke.fragmentation,0.060284,0.059247,0.001037,0.0172,pass,True,
angry_a11,jpeg_q95,segmentation.component_count,98.0,96.0,2.0,0.0204,pass,True,
angry_a11,jpeg_q95,segmentation.largest_component_ratio,0.453926,0.468791,0.014865,0.0327,pass,True,
angry_a11,jpeg_q95,colour.dark_ratio,0.340272,0.342484,0.002212,0.0065,pass,True,
angry_a11,jpeg_q75,segmentation.foreground_coverage,0.222657,0.223353,0.000696,0.0031,pass,True,
angry_a11,jpeg_q75,segmentation.bounding_box_coverage,0.938395,0.93553,0.002865,0.0031,pass,True,
angry_a11,jpeg_q75,composition.centroid_x,0.480795,0.479478,0.001317,0.0027,pass,True,
angry_a11,jpeg_q75,composition.centroid_y,0.413677,0.414965,0.001288,0.0031,pass,True,
angry_a11,jpeg_q75,composition.symmetry,0.717587,0.716031,0.001556,0.0022,pass,True,
angry_a11,jpeg_q75,stroke.edge_density,0.182488,0.199664,0.017176,0.0941,expected_change,False,Transform is expected to materially change this feature group; not scored as a failure.
angry_a11,jpeg_q75,stroke.intensity_proxy,0.593844,0.595566,0.001722,0.0029,expected_change,False,Transform is expected to materially change this feature group; not scored as a failure.
angry_a11,jpeg_q75,stroke.fragmentation,0.060284,0.065002,0.004718,0.0783,expected_change,False,Transform is expected to materially change this feature group; not scored as a failure.
angry_a11,jpeg_q75,segmentation.component_count,98.0,106.0,8.0,0.0816,expected_change,False,Transform is expected to materially change this feature group; not scored as a failure.
angry_a11,jpeg_q75,segmentation.largest_component_ratio,0.453926,0.459135,0.005209,0.0115,expected_change,False,Transform is expected to materially change this feature group; not scored as a failure.
angry_a11,jpeg_q75,colour.dark_ratio,0.340272,0.343946,0.003674,0.0108,pass,True,
angry_a11,jpeg_q50,segmentation.foreground_coverage,0.222657,0.221849,0.000808,0.0036,expected_change,False,Transform is expected to materially change this feature group; not scored as a failure.
angry_a11,jpeg_q50,segmentation.bounding_box_coverage,0.938395,0.939828,0.001433,0.0015,expected_change,False,Transform is expected to materially change this feature group; not scored as a failure.
angry_a11,jpeg_q50,composition.centroid_x,0.480795,0.479113,0.001682,0.0035,expected_change,False,Transform is expected to materially change this feature group; not scored as a failure.
angry_a11,jpeg_q50,composition.centroid_y,0.413677,0.412391,0.001286,0.0031,expected_change,False,Transform is expected to materially change this feature group; not scored as a failure.
angry_a11,jpeg_q50,composition.symmetry,0.717587,0.717516,7.1e-05,0.0001,expected_change,False,Transform is expected to materially change this feature group; not scored as a failure.
angry_a11,jpeg_q50,stroke.edge_density,0.182488,0.198146,0.015658,0.0858,expected_change,False,Transform is expected to materially change this feature group; not scored as a failure.
angry_a11,jpeg_q50,stroke.intensity_proxy,0.593844,0.595825,0.001981,0.0033,expected_change,False,Transform is expected to materially change this feature group; not scored as a failure.
angry_a11,jpeg_q50,stroke.fragmentation,0.060284,0.064208,0.003924,0.0651,expected_change,False,Transform is expected to materially change this feature group; not scored as a failure.
angry_a11,jpeg_q50,segmentation.component_count,98.0,104.0,6.0,0.0612,expected_change,False,Transform is expected to materially change this feature group; not scored as a failure.
angry_a11,jpeg_q50,segmentation.largest_component_ratio,0.453926,0.455974,0.002049,0.0045,expected_change,False,Transform is expected to materially change this feature group; not scored as a failure.
angry_a11,jpeg_q50,colour.dark_ratio,0.340272,0.342215,0.001943,0.0057,expected_change,False,Transform is expected to materially change this feature group; not scored as a failure.
angry_a11,jpeg_q30,segmentation.foreground_coverage,0.222657,0.223334,0.000677,0.003,expected_change,False,Transform is expected to materially change this feature group; not scored as a failure.
angry_a11,jpeg_q30,segmentation.bounding_box_coverage,0.938395,0.938395,0.0,0.0,expected_change,False,Transform is expected to materially change this feature group; not scored as a failure.
angry_a11,jpeg_q30,composition.centroid_x,0.480795,0.481218,0.000423,0.0009,expected_change,False,Transform is expected to materially change this feature group; not scored as a failure.
angry_a11,jpeg_q30,composition.centroid_y,0.413677,0.413483,0.000194,0.0005,expected_change,False,Transform is expected to materially change this feature group; not scored as a failure.
angry_a11,jpeg_q30,composition.symmetry,0.717587,0.71722,0.000367,0.0005,expected_change,False,Transform is expected to materially change this feature group; not scored as a failure.
angry_a11,jpeg_q30,stroke.edge_density,0.182488,0.198905,0.016417,0.09,expected_change,False,Transform is expected to materially change this feature group; not scored as a failure.
angry_a11,jpeg_q30,stroke.intensity_proxy,0.593844,0.593792,5.2e-05,0.0001,expected_change,False,Transform is expected to materially change this feature group; not scored as a failure.
angry_a11,jpeg_q30,stroke.fragmentation,0.060284,0.063168,0.002884,0.0478,expected_change,False,Transform is expected to materially change this feature group; not scored as a failure.
angry_a11,jpeg_q30,segmentation.component_count,98.0,103.0,5.0,0.051,expected_change,False,Transform is expected to materially change this feature group; not scored as a failure.
angry_a11,jpeg_q30,segmentation.largest_component_ratio,0.453926,0.452011,0.001915,0.0042,expected_change,False,Transform is expected to materially change this feature group; not scored as a failure.
angry_a11,jpeg_q30,colour.dark_ratio,0.340272,0.33891,0.001362,0.004,expected_change,False,Transform is expected to materially change this feature group; not scored as a failure.
angry_a11,brightness_up_1.3x,segmentation.foreground_coverage,0.222657,0.217836,0.004821,0.0217,pass,True,
angry_a11,brightness_up_1.3x,segmentation.bounding_box_coverage,0.938395,0.929799,0.008596,0.0092,pass,True,
angry_a11,brightness_up_1.3x,composition.centroid_x,0.480795,0.474226,0.006569,0.0137,pass,True,
angry_a11,brightness_up_1.3x,composition.centroid_y,0.413677,0.409598,0.004079,0.0099,pass,True,
angry_a11,brightness_up_1.3x,composition.symmetry,0.717587,0.724304,0.006717,0.0094,pass,True,
angry_a11,brightness_up_1.3x,stroke.edge_density,0.182488,0.17536,0.007128,0.0391,pass,True,
angry_a11,brightness_up_1.3x,stroke.intensity_proxy,0.593844,0.505417,0.088427,0.1489,pass,True,
angry_a11,brightness_up_1.3x,stroke.fragmentation,0.060284,0.057217,0.003067,0.0509,pass,True,
angry_a11,brightness_up_1.3x,segmentation.component_count,98.0,91.0,7.0,0.0714,pass,True,
angry_a11,brightness_up_1.3x,segmentation.largest_component_ratio,0.453926,0.454767,0.000841,0.0019,pass,True,
angry_a11,brightness_up_1.3x,colour.dark_ratio,0.340272,0.267234,0.073038,0.2146,expected_change,False,Transform is expected to materially change this feature group; not scored as a failure.
angry_a11,brightness_down_0.7x,segmentation.foreground_coverage,0.222657,0.209407,0.01325,0.0595,pass,True,
angry_a11,brightness_down_0.7x,segmentation.bounding_box_coverage,0.938395,0.931232,0.007163,0.0076,pass,True,
angry_a11,brightness_down_0.7x,composition.centroid_x,0.480795,0.475672,0.005123,0.0107,pass,True,
angry_a11,brightness_down_0.7x,composition.centroid_y,0.413677,0.401881,0.011796,0.0285,pass,True,
angry_a11,brightness_down_0.7x,composition.symmetry,0.717587,0.726194,0.008607,0.012,pass,True,
angry_a11,brightness_down_0.7x,stroke.edge_density,0.182488,0.149603,0.032886,0.1802,pass,True,
angry_a11,brightness_down_0.7x,stroke.intensity_proxy,0.593844,0.724147,0.130303,0.2194,pass,True,
angry_a11,brightness_down_0.7x,stroke.fragmentation,0.060284,0.061482,0.001198,0.0199,pass,True,
angry_a11,brightness_down_0.7x,segmentation.component_count,98.0,94.0,4.0,0.0408,pass,True,
angry_a11,brightness_down_0.7x,segmentation.largest_component_ratio,0.453926,0.442462,0.011464,0.0253,pass,True,
angry_a11,brightness_down_0.7x,colour.dark_ratio,0.340272,0.626032,0.28576,0.8398,expected_change,False,Transform is expected to materially change this feature group; not scored as a failure.
angry_a11,contrast_up_1.3x,segmentation.foreground_coverage,0.222657,0.227818,0.005161,0.0232,pass,True,
angry_a11,contrast_up_1.3x,segmentation.bounding_box_coverage,0.938395,0.939828,0.001433,0.0015,pass,True,
angry_a11,contrast_up_1.3x,composition.centroid_x,0.480795,0.482064,0.00127,0.0026,pass,True,
angry_a11,contrast_up_1.3x,composition.centroid_y,0.413677,0.419133,0.005456,0.0132,pass,True,
angry_a11,contrast_up_1.3x,composition.symmetry,0.717587,0.71682,0.000767,0.0011,pass,True,
angry_a11,contrast_up_1.3x,stroke.edge_density,0.182488,0.196097,0.013609,0.0746,expected_change,False,Transform is expected to materially change this feature group; not scored as a failure.
angry_a11,contrast_up_1.3x,stroke.intensity_proxy,0.593844,0.66905,0.075206,0.1266,expected_change,False,Transform is expected to materially change this feature group; not scored as a failure.
angry_a11,contrast_up_1.3x,stroke.fragmentation,0.060284,0.062526,0.002242,0.0372,expected_change,False,Transform is expected to materially change this feature group; not scored as a failure.
angry_a11,contrast_up_1.3x,segmentation.component_count,98.0,104.0,6.0,0.0612,expected_change,False,Transform is expected to materially change this feature group; not scored as a failure.
angry_a11,contrast_up_1.3x,segmentation.largest_component_ratio,0.453926,0.466729,0.012803,0.0282,expected_change,False,Transform is expected to materially change this feature group; not scored as a failure.
angry_a11,contrast_up_1.3x,colour.dark_ratio,0.340272,0.489527,0.149255,0.4386,expected_change,False,Transform is expected to materially change this feature group; not scored as a failure.
angry_a11,contrast_down_0.7x,segmentation.foreground_coverage,0.222657,0.209591,0.013067,0.0587,pass,True,
angry_a11,contrast_down_0.7x,segmentation.bounding_box_coverage,0.938395,0.932665,0.005731,0.0061,pass,True,
angry_a11,contrast_down_0.7x,composition.centroid_x,0.480795,0.475781,0.005014,0.0104,pass,True,
angry_a11,contrast_down_0.7x,composition.centroid_y,0.413677,0.402,0.011677,0.0282,pass,True,
angry_a11,contrast_down_0.7x,composition.symmetry,0.717587,0.725739,0.008152,0.0114,pass,True,
angry_a11,contrast_down_0.7x,stroke.edge_density,0.182488,0.149496,0.032992,0.1808,expected_change,False,Transform is expected to materially change this feature group; not scored as a failure.
angry_a11,contrast_down_0.7x,stroke.intensity_proxy,0.593844,0.501634,0.09221,0.1553,expected_change,False,Transform is expected to materially change this feature group; not scored as a failure.
angry_a11,contrast_down_0.7x,stroke.fragmentation,0.060284,0.058814,0.00147,0.0244,expected_change,False,Transform is expected to materially change this feature group; not scored as a failure.
angry_a11,contrast_down_0.7x,segmentation.component_count,98.0,90.0,8.0,0.0816,expected_change,False,Transform is expected to materially change this feature group; not scored as a failure.
angry_a11,contrast_down_0.7x,segmentation.largest_component_ratio,0.453926,0.443015,0.01091,0.024,expected_change,False,Transform is expected to materially change this feature group; not scored as a failure.
angry_a11,contrast_down_0.7x,colour.dark_ratio,0.340272,0.085987,0.254286,0.7473,expected_change,False,Transform is expected to materially change this feature group; not scored as a failure.
angry_a11,white_margin_20px,segmentation.foreground_coverage,0.222657,0.84529,0.622633,2.7964,expected_change,False,Transform is expected to materially change this feature group; not scored as a failure.
angry_a11,white_margin_20px,segmentation.bounding_box_coverage,0.938395,0.845319,0.093076,0.0992,expected_change,False,Transform is expected to materially change this feature group; not scored as a failure.
angry_a11,white_margin_20px,composition.centroid_x,0.480795,0.49458,0.013785,0.0287,expected_change,False,Transform is expected to materially change this feature group; not scored as a failure.
angry_a11,white_margin_20px,composition.centroid_y,0.413677,0.499112,0.085435,0.2065,expected_change,False,Transform is expected to materially change this feature group; not scored as a failure.
angry_a11,white_margin_20px,composition.symmetry,0.717587,0.98231,0.264723,0.3689,expected_change,False,Transform is expected to materially change this feature group; not scored as a failure.
angry_a11,white_margin_20px,stroke.edge_density,0.182488,0.166226,0.016262,0.0891,expected_change,False,Transform is expected to materially change this feature group; not scored as a failure.
angry_a11,white_margin_20px,stroke.intensity_proxy,0.593844,0.27663,0.317214,0.5342,expected_change,False,Transform is expected to materially change this feature group; not scored as a failure.
angry_a11,white_margin_20px,stroke.fragmentation,0.060284,0.000142,0.060142,0.9976,expected_change,False,Transform is expected to materially change this feature group; not scored as a failure.
angry_a11,white_margin_20px,segmentation.component_count,98.0,1.0,97.0,0.9898,expected_change,False,Transform is expected to materially change this feature group; not scored as a failure.
angry_a11,white_margin_20px,segmentation.largest_component_ratio,0.453926,0.996637,0.542712,1.1956,expected_change,False,Transform is expected to materially change this feature group; not scored as a failure.
angry_a11,white_margin_20px,colour.dark_ratio,0.340272,0.081486,0.258786,0.7605,expected_change,False,Transform is expected to materially change this feature group; not scored as a failure.
angry_a11,border_crop_10px,segmentation.foreground_coverage,0.222657,0.225329,0.002672,0.012,expected_change,False,Transform is expected to materially change this feature group; not scored as a failure.
angry_a11,border_crop_10px,segmentation.bounding_box_coverage,0.938395,0.966077,0.027681,0.0295,expected_change,False,Transform is expected to materially change this feature group; not scored as a failure.
angry_a11,border_crop_10px,composition.centroid_x,0.480795,0.478301,0.002494,0.0052,expected_change,False,Transform is expected to materially change this feature group; not scored as a failure.
angry_a11,border_crop_10px,composition.centroid_y,0.413677,0.411765,0.001912,0.0046,expected_change,False,Transform is expected to materially change this feature group; not scored as a failure.
angry_a11,border_crop_10px,composition.symmetry,0.717587,0.708868,0.008719,0.0122,expected_change,False,Transform is expected to materially change this feature group; not scored as a failure.
angry_a11,border_crop_10px,stroke.edge_density,0.182488,0.186072,0.003584,0.0196,expected_change,False,Transform is expected to materially change this feature group; not scored as a failure.
angry_a11,border_crop_10px,stroke.intensity_proxy,0.593844,0.591136,0.002708,0.0046,expected_change,False,Transform is expected to materially change this feature group; not scored as a failure.
angry_a11,border_crop_10px,stroke.fragmentation,0.060284,0.056607,0.003676,0.061,expected_change,False,Transform is expected to materially change this feature group; not scored as a failure.
angry_a11,border_crop_10px,segmentation.component_count,98.0,87.0,11.0,0.1122,expected_change,False,Transform is expected to materially change this feature group; not scored as a failure.
angry_a11,border_crop_10px,segmentation.largest_component_ratio,0.453926,0.447394,0.006532,0.0144,expected_change,False,Transform is expected to materially change this feature group; not scored as a failure.
angry_a11,border_crop_10px,colour.dark_ratio,0.340272,0.335051,0.005221,0.0153,expected_change,False,Transform is expected to materially change this feature group; not scored as a failure.
angry_a11,perspective_mild,segmentation.foreground_coverage,0.222657,0.219337,0.00332,0.0149,expected_change,False,Transform is expected to materially change this feature group; not scored as a failure.
angry_a11,perspective_mild,segmentation.bounding_box_coverage,0.938395,0.959885,0.02149,0.0229,expected_change,False,Transform is expected to materially change this feature group; not scored as a failure.
angry_a11,perspective_mild,composition.centroid_x,0.480795,0.479146,0.001649,0.0034,expected_change,False,Transform is expected to materially change this feature group; not scored as a failure.
angry_a11,perspective_mild,composition.centroid_y,0.413677,0.438893,0.025216,0.061,expected_change,False,Transform is expected to materially change this feature group; not scored as a failure.
angry_a11,perspective_mild,composition.symmetry,0.717587,0.70984,0.007747,0.0108,expected_change,False,Transform is expected to materially change this feature group; not scored as a failure.
angry_a11,perspective_mild,stroke.edge_density,0.182488,0.174678,0.00781,0.0428,expected_change,False,Transform is expected to materially change this feature group; not scored as a failure.
angry_a11,perspective_mild,stroke.intensity_proxy,0.593844,0.564432,0.029412,0.0495,expected_change,False,Transform is expected to materially change this feature group; not scored as a failure.
angry_a11,perspective_mild,stroke.fragmentation,0.060284,0.053703,0.006581,0.1092,expected_change,False,Transform is expected to materially change this feature group; not scored as a failure.
angry_a11,perspective_mild,segmentation.component_count,98.0,86.0,12.0,0.1224,expected_change,False,Transform is expected to materially change this feature group; not scored as a failure.
angry_a11,perspective_mild,segmentation.largest_component_ratio,0.453926,0.53708,0.083154,0.1832,expected_change,False,Transform is expected to materially change this feature group; not scored as a failure.
angry_a11,perspective_mild,colour.dark_ratio,0.340272,0.312939,0.027333,0.0803,expected_change,False,Transform is expected to materially change this feature group; not scored as a failure.
angry_a11,shadow_mild,segmentation.foreground_coverage,0.222657,0.217398,0.005259,0.0236,expected_change,False,Transform is expected to materially change this feature group; not scored as a failure.
angry_a11,shadow_mild,segmentation.bounding_box_coverage,0.938395,0.932665,0.005731,0.0061,expected_change,False,Transform is expected to materially change this feature group; not scored as a failure.
angry_a11,shadow_mild,composition.centroid_x,0.480795,0.475538,0.005257,0.0109,expected_change,False,Transform is expected to materially change this feature group; not scored as a failure.
angry_a11,shadow_mild,composition.centroid_y,0.413677,0.407291,0.006386,0.0154,expected_change,False,Transform is expected to materially change this feature group; not scored as a failure.
angry_a11,shadow_mild,composition.symmetry,0.717587,0.720644,0.003057,0.0043,expected_change,False,Transform is expected to materially change this feature group; not scored as a failure.
angry_a11,shadow_mild,stroke.edge_density,0.182488,0.169813,0.012675,0.0695,expected_change,False,Transform is expected to materially change this feature group; not scored as a failure.
angry_a11,shadow_mild,stroke.intensity_proxy,0.593844,0.649718,0.055874,0.0941,expected_change,False,Transform is expected to materially change this feature group; not scored as a failure.
angry_a11,shadow_mild,stroke.fragmentation,0.060284,0.064262,0.003979,0.066,expected_change,False,Transform is expected to materially change this feature group; not scored as a failure.
angry_a11,shadow_mild,segmentation.component_count,98.0,102.0,4.0,0.0408,expected_change,False,Transform is expected to materially change this feature group; not scored as a failure.
angry_a11,shadow_mild,segmentation.largest_component_ratio,0.453926,0.456743,0.002817,0.0062,expected_change,False,Transform is expected to materially change this feature group; not scored as a failure.
angry_a11,shadow_mild,colour.dark_ratio,0.340272,0.413296,0.073024,0.2146,expected_change,False,Transform is expected to materially change this feature group; not scored as a failure.
angry_a11,grayscale,segmentation.foreground_coverage,0.222657,0.221093,0.001564,0.007,pass,True,
angry_a11,grayscale,segmentation.bounding_box_coverage,0.938395,0.938395,0.0,0.0,pass,True,
angry_a11,grayscale,composition.centroid_x,0.480795,0.481804,0.00101,0.0021,pass,True,
angry_a11,grayscale,composition.centroid_y,0.413677,0.419151,0.005473,0.0132,pass,True,
angry_a11,grayscale,composition.symmetry,0.717587,0.718644,0.001057,0.0015,pass,True,
angry_a11,grayscale,stroke.edge_density,0.182488,0.182488,0.0,0.0,pass,True,
angry_a11,grayscale,stroke.intensity_proxy,0.593844,0.594768,0.000924,0.0016,pass,True,
angry_a11,grayscale,stroke.fragmentation,0.060284,0.057613,0.002671,0.0443,pass,True,
angry_a11,grayscale,segmentation.component_count,98.0,93.0,5.0,0.051,pass,True,
angry_a11,grayscale,segmentation.largest_component_ratio,0.453926,0.475573,0.021648,0.0477,pass,True,
angry_a11,grayscale,colour.dark_ratio,0.340272,0.355565,0.015293,0.0449,pass,True,
