source_entry_id,source_observable,source_family,source_reference,current_canonical_observable_id,proposed_canonical_observable_id,same_measurement_as_other_sources,merged_with_source_ids,merge_reason,kept_distinct_reason,evidence_family,review_status
PSY_AR_EYES_WIDE_001,Eyes: wide appearance,existing_doar_rule,DOAR rules_registry_v2.json / RULE_EVIDENCE_MATRIX.csv,eyes_wide,eyes_wide,no,,,"Shares evidence family 'facial_feature_style' with entries from family_drawing_2022_marker, htp_2023_meta_analysis, koppitz_hfd_indicator, new_objective_graphic_feature, but names a distinct, object/context-specific measurable concept ('Eyes: wide appearance') -- not merged without verified measurement equivalence (see Step 2's own worked counter-examples).",facial_feature_style,KEPT_DISTINCT
PSY_AR_EYES_STERN_002,Eyes: stern/intense appearance,existing_doar_rule,DOAR rules_registry_v2.json / RULE_EVIDENCE_MATRIX.csv,eyes_stern,eyes_stern,no,,,"Shares evidence family 'facial_feature_style' with entries from family_drawing_2022_marker, htp_2023_meta_analysis, koppitz_hfd_indicator, new_objective_graphic_feature, but names a distinct, object/context-specific measurable concept ('Eyes: stern/intense appearance') -- not merged without verified measurement equivalence (see Step 2's own worked counter-examples).",facial_feature_style,KEPT_DISTINCT
PSY_AR_EYES_CLOSED_003,Eyes: closed,existing_doar_rule,DOAR rules_registry_v2.json / RULE_EVIDENCE_MATRIX.csv,eyes_closed,eyes_closed,no,,,"Shares evidence family 'facial_feature_style' with entries from family_drawing_2022_marker, htp_2023_meta_analysis, koppitz_hfd_indicator, new_objective_graphic_feature, but names a distinct, object/context-specific measurable concept ('Eyes: closed') -- not merged without verified measurement equivalence (see Step 2's own worked counter-examples).",facial_feature_style,KEPT_DISTINCT
PSY_AR_ANIMAL_TIGER_WOLF_004,tiger_or_wolf,existing_doar_rule,DOAR rules_registry_v2.json / RULE_EVIDENCE_MATRIX.csv,tiger_or_wolf,tiger_or_wolf,no,,,"No entry from a different source family shares evidence family 'animal_symbolism' -- 'tiger_or_wolf' is inherently specific to existing_doar_rule, so no merge candidate exists.",animal_symbolism,SOURCE_SPECIFIC
PSY_AR_ANIMAL_FOX_005,fox,existing_doar_rule,DOAR rules_registry_v2.json / RULE_EVIDENCE_MATRIX.csv,fox,fox,no,,,"No entry from a different source family shares evidence family 'animal_symbolism' -- 'fox' is inherently specific to existing_doar_rule, so no merge candidate exists.",animal_symbolism,SOURCE_SPECIFIC
PSY_AR_ANIMAL_SQUIRREL_006,squirrel,existing_doar_rule,DOAR rules_registry_v2.json / RULE_EVIDENCE_MATRIX.csv,squirrel,squirrel,no,,,"No entry from a different source family shares evidence family 'animal_symbolism' -- 'squirrel' is inherently specific to existing_doar_rule, so no merge candidate exists.",animal_symbolism,SOURCE_SPECIFIC
PSY_AR_ANIMAL_LION_007,lion,existing_doar_rule,DOAR rules_registry_v2.json / RULE_EVIDENCE_MATRIX.csv,lion,lion,no,,,"No entry from a different source family shares evidence family 'animal_symbolism' -- 'lion' is inherently specific to existing_doar_rule, so no merge candidate exists.",animal_symbolism,SOURCE_SPECIFIC
PSY_AR_GEOMETRY_008,repeated_geometric_shapes,existing_doar_rule,DOAR rules_registry_v2.json / RULE_EVIDENCE_MATRIX.csv,repeated_geometric_shapes,repeated_geometric_shapes,no,,,"No entry from a different source family shares evidence family 'shape_symbolism' -- 'repeated_geometric_shapes' is inherently specific to existing_doar_rule, so no merge candidate exists.",shape_symbolism,SOURCE_SPECIFIC
PSY_AR_STARS_009,stars,existing_doar_rule,DOAR rules_registry_v2.json / RULE_EVIDENCE_MATRIX.csv,stars,stars,no,,,"No entry from a different source family shares evidence family 'shape_symbolism' -- 'stars' is inherently specific to existing_doar_rule, so no merge candidate exists.",shape_symbolism,SOURCE_SPECIFIC
PSY_AR_FLOWERS_CLOUDS_SUN_010,flowers_clouds_sun,existing_doar_rule,DOAR rules_registry_v2.json / RULE_EVIDENCE_MATRIX.csv,flowers_clouds_sun,flowers_clouds_sun,no,,,requires_process_data=True -- 'flowers_clouds_sun' cannot be assessed from a single static image regardless of any evidence-family overlap.,shape_symbolism,PROCESS_ONLY
PSY_AR_CIRCLES_011,circles,existing_doar_rule,DOAR rules_registry_v2.json / RULE_EVIDENCE_MATRIX.csv,circles,circles,no,,,"No entry from a different source family shares evidence family 'shape_symbolism' -- 'circles' is inherently specific to existing_doar_rule, so no merge candidate exists.",shape_symbolism,SOURCE_SPECIFIC
PSY_AR_TRANSPORT_012,vehicles,existing_doar_rule,DOAR rules_registry_v2.json / RULE_EVIDENCE_MATRIX.csv,vehicles,vehicles,no,,,"Shares evidence family 'object_symbolism' with entries from htp_2023_meta_analysis, tree_imagery_2026_update, but names a distinct, object/context-specific measurable concept ('vehicles') -- not merged without verified measurement equivalence (see Step 2's own worked counter-examples).",object_symbolism,KEPT_DISTINCT
PSY_AR_HEARTS_013,hearts,existing_doar_rule,DOAR rules_registry_v2.json / RULE_EVIDENCE_MATRIX.csv,hearts,hearts,no,,,"Shares evidence family 'object_symbolism' with entries from htp_2023_meta_analysis, tree_imagery_2026_update, but names a distinct, object/context-specific measurable concept ('hearts') -- not merged without verified measurement equivalence (see Step 2's own worked counter-examples).",object_symbolism,KEPT_DISTINCT
PSY_AR_SIZE_HALF_014,coverage_about_half,existing_doar_rule,DOAR rules_registry_v2.json / RULE_EVIDENCE_MATRIX.csv,coverage_about_half,coverage_about_half,no,,,"Shares evidence family 'size_composition' with entries from family_drawing_2022_global_scale, family_drawing_2022_marker, feats_formal_element_scale, htp_2023_meta_analysis, koppitz_hfd_indicator, new_objective_graphic_feature, but names a distinct, object/context-specific measurable concept ('coverage_about_half') -- not merged without verified measurement equivalence (see Step 2's own worked counter-examples).",size_composition,KEPT_DISTINCT
PSY_AR_SIZE_FULL_015,Whole drawing: full/expansive page use,existing_doar_rule,DOAR rules_registry_v2.json / RULE_EVIDENCE_MATRIX.csv,whole_drawing_relative_size_large,whole_drawing_relative_size_large,no,,,"Shares evidence family 'size_composition' with entries from family_drawing_2022_global_scale, family_drawing_2022_marker, feats_formal_element_scale, htp_2023_meta_analysis, koppitz_hfd_indicator, new_objective_graphic_feature, but names a distinct, object/context-specific measurable concept ('Whole drawing: full/expansive page use') -- not merged without verified measurement equivalence (see Step 2's own worked counter-examples).",size_composition,KEPT_DISTINCT
PSY_AR_SIZE_SMALL_016,Whole drawing: relatively small size,existing_doar_rule,DOAR rules_registry_v2.json / RULE_EVIDENCE_MATRIX.csv,whole_drawing_relative_size_small,whole_drawing_relative_size_small,yes,HTP_04_WHOLE_SMALL_DRAWING_SIZE,"Same measurable concept ('Whole drawing: relatively small size') as HTP_04_WHOLE_SMALL_DRAWING_SIZE -- merged under evidence family 'size_composition' because both describe the identical observable, not merely a similar interpretation.",,size_composition,MERGED
PSY_AR_PLACE_TOP_017,placement_top,existing_doar_rule,DOAR rules_registry_v2.json / RULE_EVIDENCE_MATRIX.csv,placement_top,placement_top,no,,,"Shares evidence family 'spatial_placement' with entries from family_drawing_2022_marker, new_objective_graphic_feature, but names a distinct, object/context-specific measurable concept ('placement_top') -- not merged without verified measurement equivalence (see Step 2's own worked counter-examples).",spatial_placement,KEPT_DISTINCT
PSY_AR_PLACE_LEFT_018,placement_left,existing_doar_rule,DOAR rules_registry_v2.json / RULE_EVIDENCE_MATRIX.csv,placement_left,placement_left,no,,,"Shares evidence family 'spatial_placement' with entries from family_drawing_2022_marker, new_objective_graphic_feature, but names a distinct, object/context-specific measurable concept ('placement_left') -- not merged without verified measurement equivalence (see Step 2's own worked counter-examples).",spatial_placement,KEPT_DISTINCT
PSY_AR_PLACE_RIGHT_019,placement_right,existing_doar_rule,DOAR rules_registry_v2.json / RULE_EVIDENCE_MATRIX.csv,placement_right,placement_right,no,,,"Shares evidence family 'spatial_placement' with entries from family_drawing_2022_marker, new_objective_graphic_feature, but names a distinct, object/context-specific measurable concept ('placement_right') -- not merged without verified measurement equivalence (see Step 2's own worked counter-examples).",spatial_placement,KEPT_DISTINCT
EN_COMPILED_EYES_MISSING_DETAIL_020,Eyes: missing or undetailed,existing_doar_rule,DOAR rules_registry_v2.json / RULE_EVIDENCE_MATRIX.csv,eyes_missing_or_undetailed,eyes_missing_or_undetailed,no,,,"Shares evidence family 'facial_feature_style' with entries from family_drawing_2022_marker, htp_2023_meta_analysis, koppitz_hfd_indicator, new_objective_graphic_feature, but names a distinct, object/context-specific measurable concept ('Eyes: missing or undetailed') -- not merged without verified measurement equivalence (see Step 2's own worked counter-examples).",facial_feature_style,KEPT_DISTINCT
EN_COMPILED_FACE_EXPRESSION_021,Facial expression (generic depicted affect),existing_doar_rule,DOAR rules_registry_v2.json / RULE_EVIDENCE_MATRIX.csv,facial_expression_generic,facial_expression_generic,yes,OBJFEAT_45_FACIAL_AFFECT_IN_DRAWING,"Same measurable concept ('Facial expression (generic depicted affect)') as OBJFEAT_45_FACIAL_AFFECT_IN_DRAWING -- merged under evidence family 'facial_feature_style' because both describe the identical observable, not merely a similar interpretation.",,facial_feature_style,MERGED
EN_COMPILED_ANIMAL_CHOICE_GENERAL_022,animal_choice_general,existing_doar_rule,DOAR rules_registry_v2.json / RULE_EVIDENCE_MATRIX.csv,animal_choice_general,animal_choice_general,no,,,"No entry from a different source family shares evidence family 'animal_symbolism' -- 'animal_choice_general' is inherently specific to existing_doar_rule, so no merge candidate exists.",animal_symbolism,SOURCE_SPECIFIC
EN_COMPILED_HOUSE_023,house,existing_doar_rule,DOAR rules_registry_v2.json / RULE_EVIDENCE_MATRIX.csv,house,house,no,,,"Shares evidence family 'object_symbolism' with entries from htp_2023_meta_analysis, tree_imagery_2026_update, but names a distinct, object/context-specific measurable concept ('house') -- not merged without verified measurement equivalence (see Step 2's own worked counter-examples).",object_symbolism,KEPT_DISTINCT
EN_COMPILED_TREE_024,tree,existing_doar_rule,DOAR rules_registry_v2.json / RULE_EVIDENCE_MATRIX.csv,tree,tree,no,,,"Shares evidence family 'object_symbolism' with entries from htp_2023_meta_analysis, tree_imagery_2026_update, but names a distinct, object/context-specific measurable concept ('tree') -- not merged without verified measurement equivalence (see Step 2's own worked counter-examples).",object_symbolism,KEPT_DISTINCT
EN_COMPILED_REPEATED_MONSTERS_DANGER_025,repeated_monsters_danger_injury,existing_doar_rule,DOAR rules_registry_v2.json / RULE_EVIDENCE_MATRIX.csv,repeated_monsters_danger_injury,repeated_monsters_danger_injury,no,,,"requires_longitudinal_data=True -- 'repeated_monsters_danger_injury' requires multiple drawings/sessions, not assessable from one static image.",isolation_theme,LONGITUDINAL_ONLY
EN_COMPILED_VERY_SMALL_DRAWING_026,very_small_drawing_absolute,existing_doar_rule,DOAR rules_registry_v2.json / RULE_EVIDENCE_MATRIX.csv,very_small_drawing_absolute,very_small_drawing_absolute,no,,,"Shares evidence family 'size_composition' with entries from family_drawing_2022_global_scale, family_drawing_2022_marker, feats_formal_element_scale, htp_2023_meta_analysis, koppitz_hfd_indicator, new_objective_graphic_feature, but names a distinct, object/context-specific measurable concept ('very_small_drawing_absolute') -- not merged without verified measurement equivalence (see Step 2's own worked counter-examples).",size_composition,KEPT_DISTINCT
EN_COMPILED_REPEATED_FAMILY_CONFLICT_027,repeated_family_conflict,existing_doar_rule,DOAR rules_registry_v2.json / RULE_EVIDENCE_MATRIX.csv,repeated_family_conflict,repeated_family_conflict,no,,,"requires_longitudinal_data=True -- 'repeated_family_conflict' requires multiple drawings/sessions, not assessable from one static image.",isolation_theme,LONGITUDINAL_ONLY
EN_COMPILED_REPEATED_ISOLATION_THEMES_028,Isolation theme (generic),existing_doar_rule,DOAR rules_registry_v2.json / RULE_EVIDENCE_MATRIX.csv,isolation_theme_generic,isolation_theme_generic,yes,FAMILY_GLOBAL_SCALE_03_EMOTIONAL_DISTANCE___ISOLATION,,"requires_longitudinal_data=True -- 'Isolation theme (generic)' requires multiple drawings/sessions, not assessable from one static image.",isolation_theme,LONGITUDINAL_ONLY
EN_COMPILED_PLACEMENT_CENTER_029,placement_center,existing_doar_rule,DOAR rules_registry_v2.json / RULE_EVIDENCE_MATRIX.csv,placement_center,placement_center,no,,,"Shares evidence family 'spatial_placement' with entries from family_drawing_2022_marker, new_objective_graphic_feature, but names a distinct, object/context-specific measurable concept ('placement_center') -- not merged without verified measurement equivalence (see Step 2's own worked counter-examples).",spatial_placement,KEPT_DISTINCT
EN_COMPILED_LINE_HEAVY_PRESSURE_030,Line darkness/pressure appearance,existing_doar_rule,DOAR rules_registry_v2.json / RULE_EVIDENCE_MATRIX.csv,line_darkness_intensity,line_darkness_intensity,yes,EN_COMPILED_LINE_LIGHT_PRESSURE_031; OBJFEAT_03_LINE_DARKNESS,"Same measurable concept ('Line darkness/pressure appearance') as EN_COMPILED_LINE_LIGHT_PRESSURE_031, OBJFEAT_03_LINE_DARKNESS -- merged under evidence family 'line_intensity_quality' because both describe the identical observable, not merely a similar interpretation.",,line_intensity_quality,MERGED
EN_COMPILED_LINE_LIGHT_PRESSURE_031,Line darkness/pressure appearance,existing_doar_rule,DOAR rules_registry_v2.json / RULE_EVIDENCE_MATRIX.csv,line_darkness_intensity,line_darkness_intensity,yes,EN_COMPILED_LINE_HEAVY_PRESSURE_030; OBJFEAT_03_LINE_DARKNESS,"Same measurable concept ('Line darkness/pressure appearance') as EN_COMPILED_LINE_HEAVY_PRESSURE_030, OBJFEAT_03_LINE_DARKNESS -- merged under evidence family 'line_intensity_quality' because both describe the identical observable, not merely a similar interpretation.",,line_intensity_quality,MERGED
EN_COMPILED_LINE_SHAKY_BROKEN_032,shaky_or_broken_lines,existing_doar_rule,DOAR rules_registry_v2.json / RULE_EVIDENCE_MATRIX.csv,shaky_or_broken_lines,shaky_or_broken_lines,no,,,"No entry from a different source family shares evidence family 'line_fragmentation_quality' -- 'shaky_or_broken_lines' is inherently specific to existing_doar_rule, so no merge candidate exists.",line_fragmentation_quality,SOURCE_SPECIFIC
EN_COMPILED_LINE_ZIGZAG_033,zigzag_lines,existing_doar_rule,DOAR rules_registry_v2.json / RULE_EVIDENCE_MATRIX.csv,zigzag_lines,zigzag_lines,no,,,"No entry from a different source family shares evidence family 'line_quality' -- 'zigzag_lines' is inherently specific to existing_doar_rule, so no merge candidate exists.",line_quality,SOURCE_SPECIFIC
EN_COMPILED_LINE_OVER_ERASING_034,over_erasing_appearance,existing_doar_rule,DOAR rules_registry_v2.json / RULE_EVIDENCE_MATRIX.csv,over_erasing_appearance,over_erasing_appearance,no,,,requires_process_data=True -- 'over_erasing_appearance' cannot be assessed from a single static image regardless of any evidence-family overlap.,line_quality,PROCESS_ONLY
EN_COMPILED_MISSING_HANDS_035,Hands: absent,existing_doar_rule,DOAR rules_registry_v2.json / RULE_EVIDENCE_MATRIX.csv,missing_hands,missing_hands,yes,KOPPITZ_17_HANDS_CUT_OFF___ABSENT,"Same measurable concept ('Hands: absent') as KOPPITZ_17_HANDS_CUT_OFF___ABSENT -- merged under evidence family 'missing_body_part' because both describe the identical observable, not merely a similar interpretation.",,missing_body_part,MERGED
EN_COMPILED_MISSING_MOUTH_036,Mouth: absent,existing_doar_rule,DOAR rules_registry_v2.json / RULE_EVIDENCE_MATRIX.csv,missing_mouth,missing_mouth,yes,KOPPITZ_25_NO_MOUTH,"Same measurable concept ('Mouth: absent') as KOPPITZ_25_NO_MOUTH -- merged under evidence family 'missing_body_part' because both describe the identical observable, not merely a similar interpretation.",,missing_body_part,MERGED
EN_COMPILED_EXAGGERATED_BODY_PARTS_037,exaggerated_body_parts,existing_doar_rule,DOAR rules_registry_v2.json / RULE_EVIDENCE_MATRIX.csv,exaggerated_body_parts,exaggerated_body_parts,no,,,"Shares evidence family 'missing_body_part' with entries from family_drawing_2022_marker, feats_formal_element_scale, htp_2023_meta_analysis, koppitz_hfd_indicator, new_objective_graphic_feature, but names a distinct, object/context-specific measurable concept ('exaggerated_body_parts') -- not merged without verified measurement equivalence (see Step 2's own worked counter-examples).",missing_body_part,KEPT_DISTINCT
EN_COMPILED_DARK_COLORS_SAD_ISOLATION_038,dark_colors_sad_faces_isolation,existing_doar_rule,DOAR rules_registry_v2.json / RULE_EVIDENCE_MATRIX.csv,dark_colors_sad_faces_isolation,dark_colors_sad_faces_isolation,no,,,"Shares evidence family 'colour_mood_flags' with entries from family_drawing_2022_global_scale, family_drawing_2022_marker, feats_formal_element_scale, htp_2023_meta_analysis, koppitz_hfd_indicator, new_objective_graphic_feature, but names a distinct, object/context-specific measurable concept ('dark_colors_sad_faces_isolation') -- not merged without verified measurement equivalence (see Step 2's own worked counter-examples).",colour_mood_flags,KEPT_DISTINCT
EN_COMPILED_REFUSAL_TO_DRAW_039,refusal_to_draw_figures,existing_doar_rule,DOAR rules_registry_v2.json / RULE_EVIDENCE_MATRIX.csv,refusal_to_draw_figures,refusal_to_draw_figures,no,,,requires_process_data=True -- 'refusal_to_draw_figures' cannot be assessed from a single static image regardless of any evidence-family overlap.,task_engagement,PROCESS_ONLY
EN_COMPILED_EXCESSIVE_DETAIL_040,excessive_detail_or_fixation,existing_doar_rule,DOAR rules_registry_v2.json / RULE_EVIDENCE_MATRIX.csv,excessive_detail_or_fixation,excessive_detail_or_fixation,no,,,"Shares evidence family 'detail_fixation' with entries from family_drawing_2022_marker, feats_formal_element_scale, htp_2023_meta_analysis, new_objective_graphic_feature, but names a distinct, object/context-specific measurable concept ('excessive_detail_or_fixation') -- not merged without verified measurement equivalence (see Step 2's own worked counter-examples).",detail_fixation,KEPT_DISTINCT
EN_COMPILED_NEGLECT_BACKGROUND_041,neglect_of_background,existing_doar_rule,DOAR rules_registry_v2.json / RULE_EVIDENCE_MATRIX.csv,neglect_of_background,neglect_of_background,no,,,"No entry from a different source family shares evidence family 'composition_omission' -- 'neglect_of_background' is inherently specific to existing_doar_rule, so no merge candidate exists.",composition_omission,SOURCE_SPECIFIC
FEATS_01_PROMINENCE_OF_COLOR,Prominence of Color,feats_formal_element_scale,"Gantt & Bucciarelli (2025), Wiley Handbook of Art Therapy ch.70; Gantt & Tabone Rating Manual (not yet obtained)",prominence_of_color,prominence_of_color,no,,,"Shares evidence family 'colour_mood_flags' with entries from existing_doar_rule, family_drawing_2022_global_scale, family_drawing_2022_marker, htp_2023_meta_analysis, koppitz_hfd_indicator, new_objective_graphic_feature, but names a distinct, object/context-specific measurable concept ('Prominence of Color') -- not merged without verified measurement equivalence (see Step 2's own worked counter-examples).",colour_mood_flags,KEPT_DISTINCT
FEATS_02_COLOR_FIT,Color Fit,feats_formal_element_scale,"Gantt & Bucciarelli (2025), Wiley Handbook of Art Therapy ch.70; Gantt & Tabone Rating Manual (not yet obtained)",color_fit,color_fit,no,,,"Shares evidence family 'SEMANTIC_THEME_CANDIDATE' with entries from family_drawing_2022_global_scale, family_drawing_2022_marker, htp_2023_meta_analysis, koppitz_hfd_indicator, new_objective_graphic_feature, but names a distinct, object/context-specific measurable concept ('Color Fit') -- not merged without verified measurement equivalence (see Step 2's own worked counter-examples).",SEMANTIC_THEME_CANDIDATE,KEPT_DISTINCT
FEATS_03_IMPLIED_ENERGY,Implied Energy,feats_formal_element_scale,"Gantt & Bucciarelli (2025), Wiley Handbook of Art Therapy ch.70; Gantt & Tabone Rating Manual (not yet obtained)",implied_energy,implied_energy,no,,,"Shares evidence family 'STROKE_DENSITY_TEXTURE_FORMAL' with entries from family_drawing_2022_global_scale, htp_2023_meta_analysis, new_objective_graphic_feature, but names a distinct, object/context-specific measurable concept ('Implied Energy') -- not merged without verified measurement equivalence (see Step 2's own worked counter-examples).",STROKE_DENSITY_TEXTURE_FORMAL,KEPT_DISTINCT
FEATS_04_SPACE,Space,feats_formal_element_scale,"Gantt & Bucciarelli (2025), Wiley Handbook of Art Therapy ch.70; Gantt & Tabone Rating Manual (not yet obtained)",space,space,no,,,"Shares evidence family 'size_composition' with entries from existing_doar_rule, family_drawing_2022_global_scale, family_drawing_2022_marker, htp_2023_meta_analysis, koppitz_hfd_indicator, new_objective_graphic_feature, but names a distinct, object/context-specific measurable concept ('Space') -- not merged without verified measurement equivalence (see Step 2's own worked counter-examples).",size_composition,KEPT_DISTINCT
FEATS_05_INTEGRATION,Integration,feats_formal_element_scale,"Gantt & Bucciarelli (2025), Wiley Handbook of Art Therapy ch.70; Gantt & Tabone Rating Manual (not yet obtained)",integration,integration,no,,,"Shares evidence family 'SCENE_ORGANIZATION_FORMAL' with entries from family_drawing_2022_global_scale, family_drawing_2022_marker, htp_2023_meta_analysis, koppitz_hfd_indicator, new_objective_graphic_feature, but names a distinct, object/context-specific measurable concept ('Integration') -- not merged without verified measurement equivalence (see Step 2's own worked counter-examples).",SCENE_ORGANIZATION_FORMAL,KEPT_DISTINCT
FEATS_06_LOGIC,Logic,feats_formal_element_scale,"Gantt & Bucciarelli (2025), Wiley Handbook of Art Therapy ch.70; Gantt & Tabone Rating Manual (not yet obtained)",logic,logic,no,,,"Shares evidence family 'SEMANTIC_THEME_CANDIDATE' with entries from family_drawing_2022_global_scale, family_drawing_2022_marker, htp_2023_meta_analysis, koppitz_hfd_indicator, new_objective_graphic_feature, but names a distinct, object/context-specific measurable concept ('Logic') -- not merged without verified measurement equivalence (see Step 2's own worked counter-examples).",SEMANTIC_THEME_CANDIDATE,KEPT_DISTINCT
FEATS_07_REALISM,Realism,feats_formal_element_scale,"Gantt & Bucciarelli (2025), Wiley Handbook of Art Therapy ch.70; Gantt & Tabone Rating Manual (not yet obtained)",realism,realism,no,,,"Shares evidence family 'SEMANTIC_THEME_CANDIDATE' with entries from family_drawing_2022_global_scale, family_drawing_2022_marker, htp_2023_meta_analysis, koppitz_hfd_indicator, new_objective_graphic_feature, but names a distinct, object/context-specific measurable concept ('Realism') -- not merged without verified measurement equivalence (see Step 2's own worked counter-examples).",SEMANTIC_THEME_CANDIDATE,KEPT_DISTINCT
FEATS_08_PROBLEM_SOLVING,Problem Solving,feats_formal_element_scale,"Gantt & Bucciarelli (2025), Wiley Handbook of Art Therapy ch.70; Gantt & Tabone Rating Manual (not yet obtained)",problem_solving,problem_solving,no,,,"Shares evidence family 'SEMANTIC_THEME_CANDIDATE' with entries from family_drawing_2022_global_scale, family_drawing_2022_marker, htp_2023_meta_analysis, koppitz_hfd_indicator, new_objective_graphic_feature, but names a distinct, object/context-specific measurable concept ('Problem Solving') -- not merged without verified measurement equivalence (see Step 2's own worked counter-examples).",SEMANTIC_THEME_CANDIDATE,KEPT_DISTINCT
FEATS_09_DEVELOPMENTAL_LEVEL,Developmental Level,feats_formal_element_scale,"Gantt & Bucciarelli (2025), Wiley Handbook of Art Therapy ch.70; Gantt & Tabone Rating Manual (not yet obtained)",developmental_level,developmental_level,no,,,"Shares evidence family 'SCENE_ORGANIZATION_FORMAL' with entries from family_drawing_2022_global_scale, family_drawing_2022_marker, htp_2023_meta_analysis, koppitz_hfd_indicator, new_objective_graphic_feature, but names a distinct, object/context-specific measurable concept ('Developmental Level') -- not merged without verified measurement equivalence (see Step 2's own worked counter-examples).",SCENE_ORGANIZATION_FORMAL,KEPT_DISTINCT
FEATS_10_DETAILS_OF_OBJECTS_ENVIRONMENT,Details of Objects/Environment,feats_formal_element_scale,"Gantt & Bucciarelli (2025), Wiley Handbook of Art Therapy ch.70; Gantt & Tabone Rating Manual (not yet obtained)",details_of_objects_environment,details_of_objects_environment,no,,,"Shares evidence family 'detail_fixation' with entries from existing_doar_rule, family_drawing_2022_marker, htp_2023_meta_analysis, new_objective_graphic_feature, but names a distinct, object/context-specific measurable concept ('Details of Objects/Environment') -- not merged without verified measurement equivalence (see Step 2's own worked counter-examples).",detail_fixation,KEPT_DISTINCT
FEATS_11_LINE_QUALITY,Line Quality,feats_formal_element_scale,"Gantt & Bucciarelli (2025), Wiley Handbook of Art Therapy ch.70; Gantt & Tabone Rating Manual (not yet obtained)",line_quality,line_quality,no,,,"Shares evidence family 'LINE_GEOMETRY_FORMAL' with entries from htp_2023_meta_analysis, koppitz_hfd_indicator, new_objective_graphic_feature, but names a distinct, object/context-specific measurable concept ('Line Quality') -- not merged without verified measurement equivalence (see Step 2's own worked counter-examples).",LINE_GEOMETRY_FORMAL,KEPT_DISTINCT
FEATS_12_PERSON,Person,feats_formal_element_scale,"Gantt & Bucciarelli (2025), Wiley Handbook of Art Therapy ch.70; Gantt & Tabone Rating Manual (not yet obtained)",person,person,no,,,"Shares evidence family 'missing_body_part' with entries from existing_doar_rule, family_drawing_2022_marker, htp_2023_meta_analysis, koppitz_hfd_indicator, new_objective_graphic_feature, but names a distinct, object/context-specific measurable concept ('Person') -- not merged without verified measurement equivalence (see Step 2's own worked counter-examples).",missing_body_part,KEPT_DISTINCT
FEATS_13_ROTATION,Rotation,feats_formal_element_scale,"Gantt & Bucciarelli (2025), Wiley Handbook of Art Therapy ch.70; Gantt & Tabone Rating Manual (not yet obtained)",rotation,rotation,no,,,"Shares evidence family 'LINE_GEOMETRY_FORMAL' with entries from htp_2023_meta_analysis, koppitz_hfd_indicator, new_objective_graphic_feature, but names a distinct, object/context-specific measurable concept ('Rotation') -- not merged without verified measurement equivalence (see Step 2's own worked counter-examples).",LINE_GEOMETRY_FORMAL,KEPT_DISTINCT
FEATS_14_PERSEVERATION,Perseveration,feats_formal_element_scale,"Gantt & Bucciarelli (2025), Wiley Handbook of Art Therapy ch.70; Gantt & Tabone Rating Manual (not yet obtained)",perseveration,perseveration,no,,,"Shares evidence family 'SYMMETRY_REGULARITY_FORMAL' with entries from family_drawing_2022_marker, koppitz_hfd_indicator, new_objective_graphic_feature, but names a distinct, object/context-specific measurable concept ('Perseveration') -- not merged without verified measurement equivalence (see Step 2's own worked counter-examples).",SYMMETRY_REGULARITY_FORMAL,KEPT_DISTINCT
KOPPITZ_01_POOR_INTEGRATION_OF_PARTS,Poor integration of parts,koppitz_hfd_indicator,Koppitz (1966) J. Clin. Psychol. 22(3); Catte & Cox (1999) Eur. Child Adolesc. Psychiatry 8(2),poor_integration_of_parts,poor_integration_of_parts,no,,,"Shares evidence family 'SCENE_ORGANIZATION_FORMAL' with entries from family_drawing_2022_global_scale, family_drawing_2022_marker, feats_formal_element_scale, htp_2023_meta_analysis, new_objective_graphic_feature, but names a distinct, object/context-specific measurable concept ('Poor integration of parts') -- not merged without verified measurement equivalence (see Step 2's own worked counter-examples).",SCENE_ORGANIZATION_FORMAL,KEPT_DISTINCT
KOPPITZ_02_SHADING_OF_FACE,Face: shading,koppitz_hfd_indicator,Koppitz (1966) J. Clin. Psychol. 22(3); Catte & Cox (1999) Eur. Child Adolesc. Psychiatry 8(2),face_shading,face_shading,no,,,"Shares evidence family 'colour_mood_flags' with entries from existing_doar_rule, family_drawing_2022_global_scale, family_drawing_2022_marker, feats_formal_element_scale, htp_2023_meta_analysis, new_objective_graphic_feature, but names a distinct, object/context-specific measurable concept ('Face: shading') -- not merged without verified measurement equivalence (see Step 2's own worked counter-examples).",colour_mood_flags,KEPT_DISTINCT
KOPPITZ_03_SHADING_OF_BODY_LIMBS,Body/limbs: shading,koppitz_hfd_indicator,Koppitz (1966) J. Clin. Psychol. 22(3); Catte & Cox (1999) Eur. Child Adolesc. Psychiatry 8(2),body_limb_shading,body_limb_shading,no,,,"Shares evidence family 'colour_mood_flags' with entries from existing_doar_rule, family_drawing_2022_global_scale, family_drawing_2022_marker, feats_formal_element_scale, htp_2023_meta_analysis, new_objective_graphic_feature, but names a distinct, object/context-specific measurable concept ('Body/limbs: shading') -- not merged without verified measurement equivalence (see Step 2's own worked counter-examples).",colour_mood_flags,KEPT_DISTINCT
KOPPITZ_04_SHADING_OF_HANDS_NECK,Hands/neck: shading,koppitz_hfd_indicator,Koppitz (1966) J. Clin. Psychol. 22(3); Catte & Cox (1999) Eur. Child Adolesc. Psychiatry 8(2),hands_neck_shading,hands_neck_shading,no,,,"Shares evidence family 'colour_mood_flags' with entries from existing_doar_rule, family_drawing_2022_global_scale, family_drawing_2022_marker, feats_formal_element_scale, htp_2023_meta_analysis, new_objective_graphic_feature, but names a distinct, object/context-specific measurable concept ('Hands/neck: shading') -- not merged without verified measurement equivalence (see Step 2's own worked counter-examples).",colour_mood_flags,KEPT_DISTINCT
KOPPITZ_05_GROSS_ASYMMETRY_OF_LIMBS,Gross asymmetry of limbs,koppitz_hfd_indicator,Koppitz (1966) J. Clin. Psychol. 22(3); Catte & Cox (1999) Eur. Child Adolesc. Psychiatry 8(2),gross_asymmetry_of_limbs,gross_asymmetry_of_limbs,no,,,"Shares evidence family 'SYMMETRY_REGULARITY_FORMAL' with entries from family_drawing_2022_marker, feats_formal_element_scale, new_objective_graphic_feature, but names a distinct, object/context-specific measurable concept ('Gross asymmetry of limbs') -- not merged without verified measurement equivalence (see Step 2's own worked counter-examples).",SYMMETRY_REGULARITY_FORMAL,KEPT_DISTINCT
KOPPITZ_06_SLANTING_FIGURE,Slanting figure,koppitz_hfd_indicator,Koppitz (1966) J. Clin. Psychol. 22(3); Catte & Cox (1999) Eur. Child Adolesc. Psychiatry 8(2),slanting_figure,slanting_figure,no,,,"Shares evidence family 'LINE_GEOMETRY_FORMAL' with entries from feats_formal_element_scale, htp_2023_meta_analysis, new_objective_graphic_feature, but names a distinct, object/context-specific measurable concept ('Slanting figure') -- not merged without verified measurement equivalence (see Step 2's own worked counter-examples).",LINE_GEOMETRY_FORMAL,KEPT_DISTINCT
KOPPITZ_07_TINY_FIGURE,Person: relatively small size,koppitz_hfd_indicator,Koppitz (1966) J. Clin. Psychol. 22(3); Catte & Cox (1999) Eur. Child Adolesc. Psychiatry 8(2),person_relative_size_small,person_relative_size_small,yes,FAMILY_MARKER_10_UNUSUALLY_SMALL_FIGURES; HTP_42_PERSON_VERY_SMALL_PERSON,"Same measurable concept ('Person: relatively small size') as FAMILY_MARKER_10_UNUSUALLY_SMALL_FIGURES, HTP_42_PERSON_VERY_SMALL_PERSON -- merged under evidence family 'size_composition' because both describe the identical observable, not merely a similar interpretation.",,size_composition,MERGED
KOPPITZ_08_BIG_FIGURE,Person: relatively large size,koppitz_hfd_indicator,Koppitz (1966) J. Clin. Psychol. 22(3); Catte & Cox (1999) Eur. Child Adolesc. Psychiatry 8(2),person_relative_size_large,person_relative_size_large,yes,FAMILY_MARKER_11_UNUSUALLY_LARGE_FIGURES,"Same measurable concept ('Person: relatively large size') as FAMILY_MARKER_11_UNUSUALLY_LARGE_FIGURES -- merged under evidence family 'size_composition' because both describe the identical observable, not merely a similar interpretation.",,size_composition,MERGED
KOPPITZ_09_TRANSPARENCIES,Transparencies,koppitz_hfd_indicator,Koppitz (1966) J. Clin. Psychol. 22(3); Catte & Cox (1999) Eur. Child Adolesc. Psychiatry 8(2),transparencies,transparencies,no,,,"Shares evidence family 'SEMANTIC_THEME_CANDIDATE' with entries from family_drawing_2022_global_scale, family_drawing_2022_marker, feats_formal_element_scale, htp_2023_meta_analysis, new_objective_graphic_feature, but names a distinct, object/context-specific measurable concept ('Transparencies') -- not merged without verified measurement equivalence (see Step 2's own worked counter-examples).",SEMANTIC_THEME_CANDIDATE,KEPT_DISTINCT
KOPPITZ_10_TINY_HEAD,Head: relatively small size,koppitz_hfd_indicator,Koppitz (1966) J. Clin. Psychol. 22(3); Catte & Cox (1999) Eur. Child Adolesc. Psychiatry 8(2),head_relative_size_small,head_relative_size_small,no,,,"Shares evidence family 'size_composition' with entries from existing_doar_rule, family_drawing_2022_global_scale, family_drawing_2022_marker, feats_formal_element_scale, htp_2023_meta_analysis, new_objective_graphic_feature, but names a distinct, object/context-specific measurable concept ('Head: relatively small size') -- not merged without verified measurement equivalence (see Step 2's own worked counter-examples).",size_composition,KEPT_DISTINCT
KOPPITZ_11_CROSSED_EYES,Eyes: crossed/inward,koppitz_hfd_indicator,Koppitz (1966) J. Clin. Psychol. 22(3); Catte & Cox (1999) Eur. Child Adolesc. Psychiatry 8(2),eyes_crossed,eyes_crossed,no,,,"Shares evidence family 'facial_feature_style' with entries from existing_doar_rule, family_drawing_2022_marker, htp_2023_meta_analysis, new_objective_graphic_feature, but names a distinct, object/context-specific measurable concept ('Eyes: crossed/inward') -- not merged without verified measurement equivalence (see Step 2's own worked counter-examples).",facial_feature_style,KEPT_DISTINCT
KOPPITZ_12_TEETH,Teeth,koppitz_hfd_indicator,Koppitz (1966) J. Clin. Psychol. 22(3); Catte & Cox (1999) Eur. Child Adolesc. Psychiatry 8(2),teeth,teeth,no,,,"Shares evidence family 'facial_feature_style' with entries from existing_doar_rule, family_drawing_2022_marker, htp_2023_meta_analysis, new_objective_graphic_feature, but names a distinct, object/context-specific measurable concept ('Teeth') -- not merged without verified measurement equivalence (see Step 2's own worked counter-examples).",facial_feature_style,KEPT_DISTINCT
KOPPITZ_13_SHORT_ARMS,Arms: relatively short length,koppitz_hfd_indicator,Koppitz (1966) J. Clin. Psychol. 22(3); Catte & Cox (1999) Eur. Child Adolesc. Psychiatry 8(2),arms_relative_length_short,arms_relative_length_short,no,,,"Shares evidence family 'size_composition' with entries from existing_doar_rule, family_drawing_2022_global_scale, family_drawing_2022_marker, feats_formal_element_scale, htp_2023_meta_analysis, new_objective_graphic_feature, but names a distinct, object/context-specific measurable concept ('Arms: relatively short length') -- not merged without verified measurement equivalence (see Step 2's own worked counter-examples).",size_composition,KEPT_DISTINCT
KOPPITZ_14_LONG_ARMS,Arms: relatively long length,koppitz_hfd_indicator,Koppitz (1966) J. Clin. Psychol. 22(3); Catte & Cox (1999) Eur. Child Adolesc. Psychiatry 8(2),arms_relative_length_long,arms_relative_length_long,no,,,"Shares evidence family 'size_composition' with entries from existing_doar_rule, family_drawing_2022_global_scale, family_drawing_2022_marker, feats_formal_element_scale, htp_2023_meta_analysis, new_objective_graphic_feature, but names a distinct, object/context-specific measurable concept ('Arms: relatively long length') -- not merged without verified measurement equivalence (see Step 2's own worked counter-examples).",size_composition,KEPT_DISTINCT
KOPPITZ_15_ARMS_CLINGING_TO_BODY,Arms clinging to body,koppitz_hfd_indicator,Koppitz (1966) J. Clin. Psychol. 22(3); Catte & Cox (1999) Eur. Child Adolesc. Psychiatry 8(2),arms_clinging_to_body,arms_clinging_to_body,no,,,"Shares evidence family 'SYMMETRY_REGULARITY_FORMAL' with entries from family_drawing_2022_marker, feats_formal_element_scale, new_objective_graphic_feature, but names a distinct, object/context-specific measurable concept ('Arms clinging to body') -- not merged without verified measurement equivalence (see Step 2's own worked counter-examples).",SYMMETRY_REGULARITY_FORMAL,KEPT_DISTINCT
KOPPITZ_16_BIG_HANDS,Hands: relatively large size,koppitz_hfd_indicator,Koppitz (1966) J. Clin. Psychol. 22(3); Catte & Cox (1999) Eur. Child Adolesc. Psychiatry 8(2),hands_relative_size_large,hands_relative_size_large,no,,,"Shares evidence family 'size_composition' with entries from existing_doar_rule, family_drawing_2022_global_scale, family_drawing_2022_marker, feats_formal_element_scale, htp_2023_meta_analysis, new_objective_graphic_feature, but names a distinct, object/context-specific measurable concept ('Hands: relatively large size') -- not merged without verified measurement equivalence (see Step 2's own worked counter-examples).",size_composition,KEPT_DISTINCT
KOPPITZ_17_HANDS_CUT_OFF___ABSENT,Hands: absent,koppitz_hfd_indicator,Koppitz (1966) J. Clin. Psychol. 22(3); Catte & Cox (1999) Eur. Child Adolesc. Psychiatry 8(2),missing_hands,missing_hands,yes,EN_COMPILED_MISSING_HANDS_035,"Same measurable concept ('Hands: absent') as EN_COMPILED_MISSING_HANDS_035 -- merged under evidence family 'missing_body_part' because both describe the identical observable, not merely a similar interpretation.",,missing_body_part,MERGED
KOPPITZ_18_LEGS_PRESSED_TOGETHER,Legs pressed together,koppitz_hfd_indicator,Koppitz (1966) J. Clin. Psychol. 22(3); Catte & Cox (1999) Eur. Child Adolesc. Psychiatry 8(2),legs_pressed_together,legs_pressed_together,no,,,"Shares evidence family 'SYMMETRY_REGULARITY_FORMAL' with entries from family_drawing_2022_marker, feats_formal_element_scale, new_objective_graphic_feature, but names a distinct, object/context-specific measurable concept ('Legs pressed together') -- not merged without verified measurement equivalence (see Step 2's own worked counter-examples).",SYMMETRY_REGULARITY_FORMAL,KEPT_DISTINCT
KOPPITZ_19_GENITALS,Genitals,koppitz_hfd_indicator,Koppitz (1966) J. Clin. Psychol. 22(3); Catte & Cox (1999) Eur. Child Adolesc. Psychiatry 8(2),genitals,genitals,no,,,"Shares evidence family 'SEMANTIC_THEME_CANDIDATE' with entries from family_drawing_2022_global_scale, family_drawing_2022_marker, feats_formal_element_scale, htp_2023_meta_analysis, new_objective_graphic_feature, but names a distinct, object/context-specific measurable concept ('Genitals') -- not merged without verified measurement equivalence (see Step 2's own worked counter-examples).",SEMANTIC_THEME_CANDIDATE,KEPT_DISTINCT
KOPPITZ_20_MONSTER_GROTESQUE_FIGURE,Monster/grotesque figure,koppitz_hfd_indicator,Koppitz (1966) J. Clin. Psychol. 22(3); Catte & Cox (1999) Eur. Child Adolesc. Psychiatry 8(2),monster_grotesque_figure,monster_grotesque_figure,no,,,"Shares evidence family 'SEMANTIC_THEME_CANDIDATE' with entries from family_drawing_2022_global_scale, family_drawing_2022_marker, feats_formal_element_scale, htp_2023_meta_analysis, new_objective_graphic_feature, but names a distinct, object/context-specific measurable concept ('Monster/grotesque figure') -- not merged without verified measurement equivalence (see Step 2's own worked counter-examples).",SEMANTIC_THEME_CANDIDATE,KEPT_DISTINCT
KOPPITZ_21_THREE_OR_MORE_FIGURES_SPONTANEOUSLY,Three or more figures spontaneously,koppitz_hfd_indicator,Koppitz (1966) J. Clin. Psychol. 22(3); Catte & Cox (1999) Eur. Child Adolesc. Psychiatry 8(2),three_or_more_figures_spontaneously,three_or_more_figures_spontaneously,no,,,"Shares evidence family 'SCENE_ORGANIZATION_FORMAL' with entries from family_drawing_2022_global_scale, family_drawing_2022_marker, feats_formal_element_scale, htp_2023_meta_analysis, new_objective_graphic_feature, but names a distinct, object/context-specific measurable concept ('Three or more figures spontaneously') -- not merged without verified measurement equivalence (see Step 2's own worked counter-examples).",SCENE_ORGANIZATION_FORMAL,KEPT_DISTINCT
KOPPITZ_22_CLOUDS_RAIN_SNOW_FLYING_BIRDS,Clouds/rain/snow/flying birds,koppitz_hfd_indicator,Koppitz (1966) J. Clin. Psychol. 22(3); Catte & Cox (1999) Eur. Child Adolesc. Psychiatry 8(2),clouds_rain_snow_flying_birds,clouds_rain_snow_flying_birds,no,,,"Shares evidence family 'colour_mood_flags' with entries from existing_doar_rule, family_drawing_2022_global_scale, family_drawing_2022_marker, feats_formal_element_scale, htp_2023_meta_analysis, new_objective_graphic_feature, but names a distinct, object/context-specific measurable concept ('Clouds/rain/snow/flying birds') -- not merged without verified measurement equivalence (see Step 2's own worked counter-examples).",colour_mood_flags,KEPT_DISTINCT
KOPPITZ_23_NO_EYES,Eyes: absent,koppitz_hfd_indicator,Koppitz (1966) J. Clin. Psychol. 22(3); Catte & Cox (1999) Eur. Child Adolesc. Psychiatry 8(2),missing_eyes,missing_eyes,no,,,"Shares evidence family 'missing_body_part' with entries from existing_doar_rule, family_drawing_2022_marker, feats_formal_element_scale, htp_2023_meta_analysis, new_objective_graphic_feature, but names a distinct, object/context-specific measurable concept ('Eyes: absent') -- not merged without verified measurement equivalence (see Step 2's own worked counter-examples).",missing_body_part,KEPT_DISTINCT
KOPPITZ_24_NO_NOSE,Nose: absent,koppitz_hfd_indicator,Koppitz (1966) J. Clin. Psychol. 22(3); Catte & Cox (1999) Eur. Child Adolesc. Psychiatry 8(2),missing_nose,missing_nose,no,,,"Shares evidence family 'missing_body_part' with entries from existing_doar_rule, family_drawing_2022_marker, feats_formal_element_scale, htp_2023_meta_analysis, new_objective_graphic_feature, but names a distinct, object/context-specific measurable concept ('Nose: absent') -- not merged without verified measurement equivalence (see Step 2's own worked counter-examples).",missing_body_part,KEPT_DISTINCT
KOPPITZ_25_NO_MOUTH,Mouth: absent,koppitz_hfd_indicator,Koppitz (1966) J. Clin. Psychol. 22(3); Catte & Cox (1999) Eur. Child Adolesc. Psychiatry 8(2),missing_mouth,missing_mouth,yes,EN_COMPILED_MISSING_MOUTH_036,"Same measurable concept ('Mouth: absent') as EN_COMPILED_MISSING_MOUTH_036 -- merged under evidence family 'missing_body_part' because both describe the identical observable, not merely a similar interpretation.",,missing_body_part,MERGED
KOPPITZ_26_NO_BODY,Body/trunk: absent,koppitz_hfd_indicator,Koppitz (1966) J. Clin. Psychol. 22(3); Catte & Cox (1999) Eur. Child Adolesc. Psychiatry 8(2),missing_body_trunk,missing_body_trunk,no,,,"Shares evidence family 'missing_body_part' with entries from existing_doar_rule, family_drawing_2022_marker, feats_formal_element_scale, htp_2023_meta_analysis, new_objective_graphic_feature, but names a distinct, object/context-specific measurable concept ('Body/trunk: absent') -- not merged without verified measurement equivalence (see Step 2's own worked counter-examples).",missing_body_part,KEPT_DISTINCT
KOPPITZ_27_NO_ARMS,Arms: absent,koppitz_hfd_indicator,Koppitz (1966) J. Clin. Psychol. 22(3); Catte & Cox (1999) Eur. Child Adolesc. Psychiatry 8(2),missing_arms,missing_arms,no,,,"Shares evidence family 'missing_body_part' with entries from existing_doar_rule, family_drawing_2022_marker, feats_formal_element_scale, htp_2023_meta_analysis, new_objective_graphic_feature, but names a distinct, object/context-specific measurable concept ('Arms: absent') -- not merged without verified measurement equivalence (see Step 2's own worked counter-examples).",missing_body_part,KEPT_DISTINCT
KOPPITZ_28_NO_LEGS,Legs: absent,koppitz_hfd_indicator,Koppitz (1966) J. Clin. Psychol. 22(3); Catte & Cox (1999) Eur. Child Adolesc. Psychiatry 8(2),missing_legs,missing_legs,no,,,"Shares evidence family 'missing_body_part' with entries from existing_doar_rule, family_drawing_2022_marker, feats_formal_element_scale, htp_2023_meta_analysis, new_objective_graphic_feature, but names a distinct, object/context-specific measurable concept ('Legs: absent') -- not merged without verified measurement equivalence (see Step 2's own worked counter-examples).",missing_body_part,KEPT_DISTINCT
KOPPITZ_29_NO_FEET,Feet: absent,koppitz_hfd_indicator,Koppitz (1966) J. Clin. Psychol. 22(3); Catte & Cox (1999) Eur. Child Adolesc. Psychiatry 8(2),missing_feet,missing_feet,no,,,"Shares evidence family 'missing_body_part' with entries from existing_doar_rule, family_drawing_2022_marker, feats_formal_element_scale, htp_2023_meta_analysis, new_objective_graphic_feature, but names a distinct, object/context-specific measurable concept ('Feet: absent') -- not merged without verified measurement equivalence (see Step 2's own worked counter-examples).",missing_body_part,KEPT_DISTINCT
KOPPITZ_30_NO_NECK,Neck: absent,koppitz_hfd_indicator,Koppitz (1966) J. Clin. Psychol. 22(3); Catte & Cox (1999) Eur. Child Adolesc. Psychiatry 8(2),missing_neck,missing_neck,no,,,"Shares evidence family 'missing_body_part' with entries from existing_doar_rule, family_drawing_2022_marker, feats_formal_element_scale, htp_2023_meta_analysis, new_objective_graphic_feature, but names a distinct, object/context-specific measurable concept ('Neck: absent') -- not merged without verified measurement equivalence (see Step 2's own worked counter-examples).",missing_body_part,KEPT_DISTINCT
HTP_01_WHOLE_EMPHASIS_ON_STRAIGHT_LINES,Emphasis on straight lines,htp_2023_meta_analysis,"Guo et al. (2023) Front. Psychiatry 13:1041770 (30 studies, n=6295)",emphasis_on_straight_lines,emphasis_on_straight_lines,no,,,"Shares evidence family 'LINE_GEOMETRY_FORMAL' with entries from feats_formal_element_scale, koppitz_hfd_indicator, new_objective_graphic_feature, but names a distinct, object/context-specific measurable concept ('Emphasis on straight lines') -- not merged without verified measurement equivalence (see Step 2's own worked counter-examples).",LINE_GEOMETRY_FORMAL,KEPT_DISTINCT
HTP_02_WHOLE_SIMPLIFIED_DRAWING,Simplified drawing,htp_2023_meta_analysis,"Guo et al. (2023) Front. Psychiatry 13:1041770 (30 studies, n=6295)",simplified_drawing,simplified_drawing,no,,,"Shares evidence family 'SCENE_ORGANIZATION_FORMAL' with entries from family_drawing_2022_global_scale, family_drawing_2022_marker, feats_formal_element_scale, koppitz_hfd_indicator, new_objective_graphic_feature, but names a distinct, object/context-specific measurable concept ('Simplified drawing') -- not merged without verified measurement equivalence (see Step 2's own worked counter-examples).",SCENE_ORGANIZATION_FORMAL,KEPT_DISTINCT
HTP_03_WHOLE_NO_THEME,No theme,htp_2023_meta_analysis,"Guo et al. (2023) Front. Psychiatry 13:1041770 (30 studies, n=6295)",no_theme,no_theme,no,,,"Shares evidence family 'SEMANTIC_THEME_CANDIDATE' with entries from family_drawing_2022_global_scale, family_drawing_2022_marker, feats_formal_element_scale, koppitz_hfd_indicator, new_objective_graphic_feature, but names a distinct, object/context-specific measurable concept ('No theme') -- not merged without verified measurement equivalence (see Step 2's own worked counter-examples).",SEMANTIC_THEME_CANDIDATE,KEPT_DISTINCT
HTP_04_WHOLE_SMALL_DRAWING_SIZE,Whole drawing: relatively small size,htp_2023_meta_analysis,"Guo et al. (2023) Front. Psychiatry 13:1041770 (30 studies, n=6295)",whole_drawing_relative_size_small,whole_drawing_relative_size_small,yes,PSY_AR_SIZE_SMALL_016,"Same measurable concept ('Whole drawing: relatively small size') as PSY_AR_SIZE_SMALL_016 -- merged under evidence family 'size_composition' because both describe the identical observable, not merely a similar interpretation.",,size_composition,MERGED
HTP_05_WHOLE_EXCESSIVE_SEPARATION_AMONG_ITEMS,Excessive separation among items,htp_2023_meta_analysis,"Guo et al. (2023) Front. Psychiatry 13:1041770 (30 studies, n=6295)",excessive_separation_among_items,excessive_separation_among_items,no,,,"Shares evidence family 'SCENE_ORGANIZATION_FORMAL' with entries from family_drawing_2022_global_scale, family_drawing_2022_marker, feats_formal_element_scale, koppitz_hfd_indicator, new_objective_graphic_feature, but names a distinct, object/context-specific measurable concept ('Excessive separation among items') -- not merged without verified measurement equivalence (see Step 2's own worked counter-examples).",SCENE_ORGANIZATION_FORMAL,KEPT_DISTINCT
HTP_06_WHOLE_WEAK_OR_INTERMITTENT_LINES,Weak or intermittent lines,htp_2023_meta_analysis,"Guo et al. (2023) Front. Psychiatry 13:1041770 (30 studies, n=6295)",weak_or_intermittent_lines,weak_or_intermittent_lines,no,,,"Shares evidence family 'LINE_GEOMETRY_FORMAL' with entries from feats_formal_element_scale, koppitz_hfd_indicator, new_objective_graphic_feature, but names a distinct, object/context-specific measurable concept ('Weak or intermittent lines') -- not merged without verified measurement equivalence (see Step 2's own worked counter-examples).",LINE_GEOMETRY_FORMAL,KEPT_DISTINCT
HTP_07_WHOLE_NO_MOTION,No motion,htp_2023_meta_analysis,"Guo et al. (2023) Front. Psychiatry 13:1041770 (30 studies, n=6295)",no_motion,no_motion,no,,,"Shares evidence family 'SEMANTIC_THEME_CANDIDATE' with entries from family_drawing_2022_global_scale, family_drawing_2022_marker, feats_formal_element_scale, koppitz_hfd_indicator, new_objective_graphic_feature, but names a distinct, object/context-specific measurable concept ('No motion') -- not merged without verified measurement equivalence (see Step 2's own worked counter-examples).",SEMANTIC_THEME_CANDIDATE,KEPT_DISTINCT
HTP_08_WHOLE_SHADOW,Shadow,htp_2023_meta_analysis,"Guo et al. (2023) Front. Psychiatry 13:1041770 (30 studies, n=6295)",shadow,shadow,no,,,"Shares evidence family 'colour_mood_flags' with entries from existing_doar_rule, family_drawing_2022_global_scale, family_drawing_2022_marker, feats_formal_element_scale, koppitz_hfd_indicator, new_objective_graphic_feature, but names a distinct, object/context-specific measurable concept ('Shadow') -- not merged without verified measurement equivalence (see Step 2's own worked counter-examples).",colour_mood_flags,KEPT_DISTINCT
HTP_09_WHOLE_OMITTED_HOUSE_TREE_PERSON,Whole scene: house/tree/person omitted,htp_2023_meta_analysis,"Guo et al. (2023) Front. Psychiatry 13:1041770 (30 studies, n=6295)",whole_scene_object_omitted,whole_scene_object_omitted,no,,,"Shares evidence family 'missing_body_part' with entries from existing_doar_rule, family_drawing_2022_marker, feats_formal_element_scale, koppitz_hfd_indicator, new_objective_graphic_feature, but names a distinct, object/context-specific measurable concept ('Whole scene: house/tree/person omitted') -- not merged without verified measurement equivalence (see Step 2's own worked counter-examples).",missing_body_part,KEPT_DISTINCT
HTP_10_WHOLE_SHADED_BLACKENED_DRAWING,Whole drawing: shaded/blackened area,htp_2023_meta_analysis,"Guo et al. (2023) Front. Psychiatry 13:1041770 (30 studies, n=6295)",whole_drawing_darkness,whole_drawing_darkness,yes,OBJFEAT_26_BLACKENED_AREA_RATIO,"Same measurable concept ('Whole drawing: shaded/blackened area') as OBJFEAT_26_BLACKENED_AREA_RATIO -- merged under evidence family 'colour_mood_flags' because both describe the identical observable, not merely a similar interpretation.",,colour_mood_flags,MERGED
HTP_11_WHOLE_NO_ADDITIONAL_DECORATION,No additional decoration,htp_2023_meta_analysis,"Guo et al. (2023) Front. Psychiatry 13:1041770 (30 studies, n=6295)",no_additional_decoration,no_additional_decoration,no,,,"Shares evidence family 'detail_fixation' with entries from existing_doar_rule, family_drawing_2022_marker, feats_formal_element_scale, new_objective_graphic_feature, but names a distinct, object/context-specific measurable concept ('No additional decoration') -- not merged without verified measurement equivalence (see Step 2's own worked counter-examples).",detail_fixation,KEPT_DISTINCT
HTP_12_WHOLE_SCRIBBLED_DRAWING,Scribbled drawing,htp_2023_meta_analysis,"Guo et al. (2023) Front. Psychiatry 13:1041770 (30 studies, n=6295)",scribbled_drawing,scribbled_drawing,no,,,"Shares evidence family 'STROKE_DENSITY_TEXTURE_FORMAL' with entries from family_drawing_2022_global_scale, feats_formal_element_scale, new_objective_graphic_feature, but names a distinct, object/context-specific measurable concept ('Scribbled drawing') -- not merged without verified measurement equivalence (see Step 2's own worked counter-examples).",STROKE_DENSITY_TEXTURE_FORMAL,KEPT_DISTINCT
HTP_13_WHOLE_EMPHASIZED_HORIZON,Emphasized horizon,htp_2023_meta_analysis,"Guo et al. (2023) Front. Psychiatry 13:1041770 (30 studies, n=6295)",emphasized_horizon,emphasized_horizon,no,,,"Shares evidence family 'SCENE_ORGANIZATION_FORMAL' with entries from family_drawing_2022_global_scale, family_drawing_2022_marker, feats_formal_element_scale, koppitz_hfd_indicator, new_objective_graphic_feature, but names a distinct, object/context-specific measurable concept ('Emphasized horizon') -- not merged without verified measurement equivalence (see Step 2's own worked counter-examples).",SCENE_ORGANIZATION_FORMAL,KEPT_DISTINCT
HTP_14_WHOLE_WEIGHTED_REPEATED_LINES,Weighted/repeated lines,htp_2023_meta_analysis,"Guo et al. (2023) Front. Psychiatry 13:1041770 (30 studies, n=6295)",weighted_repeated_lines,weighted_repeated_lines,no,,,"Shares evidence family 'LINE_GEOMETRY_FORMAL' with entries from feats_formal_element_scale, koppitz_hfd_indicator, new_objective_graphic_feature, but names a distinct, object/context-specific measurable concept ('Weighted/repeated lines') -- not merged without verified measurement equivalence (see Step 2's own worked counter-examples).",LINE_GEOMETRY_FORMAL,KEPT_DISTINCT
HTP_15_WHOLE_FENCE,Fence,htp_2023_meta_analysis,"Guo et al. (2023) Front. Psychiatry 13:1041770 (30 studies, n=6295)",fence,fence,no,,,"Shares evidence family 'object_symbolism' with entries from existing_doar_rule, tree_imagery_2026_update, but names a distinct, object/context-specific measurable concept ('Fence') -- not merged without verified measurement equivalence (see Step 2's own worked counter-examples).",object_symbolism,KEPT_DISTINCT
HTP_16_HOUSE_BIZARRE_HOUSE,Bizarre house,htp_2023_meta_analysis,"Guo et al. (2023) Front. Psychiatry 13:1041770 (30 studies, n=6295)",bizarre_house,bizarre_house,no,,,"Shares evidence family 'object_symbolism' with entries from existing_doar_rule, tree_imagery_2026_update, but names a distinct, object/context-specific measurable concept ('Bizarre house') -- not merged without verified measurement equivalence (see Step 2's own worked counter-examples).",object_symbolism,KEPT_DISTINCT
HTP_17_HOUSE_NO_DOOR,House: door absent,htp_2023_meta_analysis,"Guo et al. (2023) Front. Psychiatry 13:1041770 (30 studies, n=6295)",house_door_missing,house_door_missing,no,,,"Shares evidence family 'missing_body_part' with entries from existing_doar_rule, family_drawing_2022_marker, feats_formal_element_scale, koppitz_hfd_indicator, new_objective_graphic_feature, but names a distinct, object/context-specific measurable concept ('House: door absent') -- not merged without verified measurement equivalence (see Step 2's own worked counter-examples).",missing_body_part,KEPT_DISTINCT
HTP_18_HOUSE_VERY_SMALL_HOUSE,House: relatively small size,htp_2023_meta_analysis,"Guo et al. (2023) Front. Psychiatry 13:1041770 (30 studies, n=6295)",house_relative_size_small,house_relative_size_small,no,,,"Shares evidence family 'size_composition' with entries from existing_doar_rule, family_drawing_2022_global_scale, family_drawing_2022_marker, feats_formal_element_scale, koppitz_hfd_indicator, new_objective_graphic_feature, but names a distinct, object/context-specific measurable concept ('House: relatively small size') -- not merged without verified measurement equivalence (see Step 2's own worked counter-examples).",size_composition,KEPT_DISTINCT
HTP_19_HOUSE_NO_WINDOW,House: window absent,htp_2023_meta_analysis,"Guo et al. (2023) Front. Psychiatry 13:1041770 (30 studies, n=6295)",house_window_missing,house_window_missing,no,,,"Shares evidence family 'missing_body_part' with entries from existing_doar_rule, family_drawing_2022_marker, feats_formal_element_scale, koppitz_hfd_indicator, new_objective_graphic_feature, but names a distinct, object/context-specific measurable concept ('House: window absent') -- not merged without verified measurement equivalence (see Step 2's own worked counter-examples).",missing_body_part,KEPT_DISTINCT
HTP_20_HOUSE_LEANING_HOUSE,Leaning house,htp_2023_meta_analysis,"Guo et al. (2023) Front. Psychiatry 13:1041770 (30 studies, n=6295)",leaning_house,leaning_house,no,,,"Shares evidence family 'LINE_GEOMETRY_FORMAL' with entries from feats_formal_element_scale, koppitz_hfd_indicator, new_objective_graphic_feature, but names a distinct, object/context-specific measurable concept ('Leaning house') -- not merged without verified measurement equivalence (see Step 2's own worked counter-examples).",LINE_GEOMETRY_FORMAL,KEPT_DISTINCT
HTP_21_HOUSE_DECORATED_ROOF,Decorated roof,htp_2023_meta_analysis,"Guo et al. (2023) Front. Psychiatry 13:1041770 (30 studies, n=6295)",decorated_roof,decorated_roof,no,,,"Shares evidence family 'detail_fixation' with entries from existing_doar_rule, family_drawing_2022_marker, feats_formal_element_scale, new_objective_graphic_feature, but names a distinct, object/context-specific measurable concept ('Decorated roof') -- not merged without verified measurement equivalence (see Step 2's own worked counter-examples).",detail_fixation,KEPT_DISTINCT
HTP_22_HOUSE_SMOKING_CHIMNEY,Smoking chimney,htp_2023_meta_analysis,"Guo et al. (2023) Front. Psychiatry 13:1041770 (30 studies, n=6295)",smoking_chimney,smoking_chimney,no,,,"Shares evidence family 'object_symbolism' with entries from existing_doar_rule, tree_imagery_2026_update, but names a distinct, object/context-specific measurable concept ('Smoking chimney') -- not merged without verified measurement equivalence (see Step 2's own worked counter-examples).",object_symbolism,KEPT_DISTINCT
HTP_23_HOUSE_TWO-DIMENSIONAL_HOUSE,Two-dimensional house,htp_2023_meta_analysis,"Guo et al. (2023) Front. Psychiatry 13:1041770 (30 studies, n=6295)",two_dimensional_house,two_dimensional_house,no,,,"Shares evidence family 'SCENE_ORGANIZATION_FORMAL' with entries from family_drawing_2022_global_scale, family_drawing_2022_marker, feats_formal_element_scale, koppitz_hfd_indicator, new_objective_graphic_feature, but names a distinct, object/context-specific measurable concept ('Two-dimensional house') -- not merged without verified measurement equivalence (see Step 2's own worked counter-examples).",SCENE_ORGANIZATION_FORMAL,KEPT_DISTINCT
HTP_24_HOUSE_SHADED_BLACKENED_WALL,House wall: shaded/blackened area,htp_2023_meta_analysis,"Guo et al. (2023) Front. Psychiatry 13:1041770 (30 studies, n=6295)",house_wall_darkness,house_wall_darkness,no,,,"Shares evidence family 'colour_mood_flags' with entries from existing_doar_rule, family_drawing_2022_global_scale, family_drawing_2022_marker, feats_formal_element_scale, koppitz_hfd_indicator, new_objective_graphic_feature, but names a distinct, object/context-specific measurable concept ('House wall: shaded/blackened area') -- not merged without verified measurement equivalence (see Step 2's own worked counter-examples).",colour_mood_flags,KEPT_DISTINCT
HTP_25_HOUSE_CHIMNEY_PRESENT,Chimney present,htp_2023_meta_analysis,"Guo et al. (2023) Front. Psychiatry 13:1041770 (30 studies, n=6295)",chimney_present,chimney_present,no,,,"Shares evidence family 'object_symbolism' with entries from existing_doar_rule, tree_imagery_2026_update, but names a distinct, object/context-specific measurable concept ('Chimney present') -- not merged without verified measurement equivalence (see Step 2's own worked counter-examples).",object_symbolism,KEPT_DISTINCT
HTP_26_HOUSE_CLOSED_DOOR,Closed door,htp_2023_meta_analysis,"Guo et al. (2023) Front. Psychiatry 13:1041770 (30 studies, n=6295)",closed_door,closed_door,no,,,"Shares evidence family 'object_symbolism' with entries from existing_doar_rule, tree_imagery_2026_update, but names a distinct, object/context-specific measurable concept ('Closed door') -- not merged without verified measurement equivalence (see Step 2's own worked counter-examples).",object_symbolism,KEPT_DISTINCT
HTP_27_HOUSE_CLOSED_WINDOW,Closed window,htp_2023_meta_analysis,"Guo et al. (2023) Front. Psychiatry 13:1041770 (30 studies, n=6295)",closed_window,closed_window,no,,,"Shares evidence family 'object_symbolism' with entries from existing_doar_rule, tree_imagery_2026_update, but names a distinct, object/context-specific measurable concept ('Closed window') -- not merged without verified measurement equivalence (see Step 2's own worked counter-examples).",object_symbolism,KEPT_DISTINCT
HTP_28_TREE_ROOTS,Roots,htp_2023_meta_analysis,"Guo et al. (2023) Front. Psychiatry 13:1041770 (30 studies, n=6295)",roots,roots,yes,TREE2026_07_THOUGHT_DISORDER_SUBGROUP,"Same measurable concept ('Roots') as TREE2026_07_THOUGHT_DISORDER_SUBGROUP -- merged under evidence family 'object_symbolism' because both describe the identical observable, not merely a similar interpretation.",,object_symbolism,MERGED
HTP_29_TREE_TRUNCATED_TREE,Truncated tree,htp_2023_meta_analysis,"Guo et al. (2023) Front. Psychiatry 13:1041770 (30 studies, n=6295)",truncated_tree,truncated_tree,no,,,"Shares evidence family 'object_symbolism' with entries from existing_doar_rule, tree_imagery_2026_update, but names a distinct, object/context-specific measurable concept ('Truncated tree') -- not merged without verified measurement equivalence (see Step 2's own worked counter-examples).",object_symbolism,KEPT_DISTINCT
HTP_30_TREE_FLATTENED_CROWN,Tree: flattened crown shape,htp_2023_meta_analysis,"Guo et al. (2023) Front. Psychiatry 13:1041770 (30 studies, n=6295)",tree_crown_flattened,tree_crown_flattened,yes,TREE2026_03_ODDLY_SHAPED,"Same measurable concept ('Tree: flattened crown shape') as TREE2026_03_ODDLY_SHAPED -- merged under evidence family 'object_symbolism' because both describe the identical observable, not merely a similar interpretation.",,object_symbolism,MERGED
HTP_31_TREE_BIZARRE_TREE,Bizarre tree,htp_2023_meta_analysis,"Guo et al. (2023) Front. Psychiatry 13:1041770 (30 studies, n=6295)",bizarre_tree,bizarre_tree,no,,,"Shares evidence family 'object_symbolism' with entries from existing_doar_rule, tree_imagery_2026_update, but names a distinct, object/context-specific measurable concept ('Bizarre tree') -- not merged without verified measurement equivalence (see Step 2's own worked counter-examples).",object_symbolism,KEPT_DISTINCT
HTP_32_TREE_DEAD_TREE,Dead tree,htp_2023_meta_analysis,"Guo et al. (2023) Front. Psychiatry 13:1041770 (30 studies, n=6295)",dead_tree,dead_tree,no,,,"Shares evidence family 'object_symbolism' with entries from existing_doar_rule, tree_imagery_2026_update, but names a distinct, object/context-specific measurable concept ('Dead tree') -- not merged without verified measurement equivalence (see Step 2's own worked counter-examples).",object_symbolism,KEPT_DISTINCT
HTP_33_TREE_VERY_SMALL_TREE,Tree: relatively small size,htp_2023_meta_analysis,"Guo et al. (2023) Front. Psychiatry 13:1041770 (30 studies, n=6295)",tree_relative_size_small,tree_relative_size_small,yes,TREE2026_04_NO_VITALITY,"Same measurable concept ('Tree: relatively small size') as TREE2026_04_NO_VITALITY -- merged under evidence family 'size_composition' because both describe the identical observable, not merely a similar interpretation.",,size_composition,MERGED
HTP_34_TREE_SHARP_BRANCH,Sharp branch,htp_2023_meta_analysis,"Guo et al. (2023) Front. Psychiatry 13:1041770 (30 studies, n=6295)",sharp_branch,sharp_branch,no,,,"Shares evidence family 'LINE_GEOMETRY_FORMAL' with entries from feats_formal_element_scale, koppitz_hfd_indicator, new_objective_graphic_feature, but names a distinct, object/context-specific measurable concept ('Sharp branch') -- not merged without verified measurement equivalence (see Step 2's own worked counter-examples).",LINE_GEOMETRY_FORMAL,KEPT_DISTINCT
HTP_35_TREE_TREE_SCARS,Tree scars,htp_2023_meta_analysis,"Guo et al. (2023) Front. Psychiatry 13:1041770 (30 studies, n=6295)",tree_scars,tree_scars,no,,,"Shares evidence family 'object_symbolism' with entries from existing_doar_rule, tree_imagery_2026_update, but names a distinct, object/context-specific measurable concept ('Tree scars') -- not merged without verified measurement equivalence (see Step 2's own worked counter-examples).",object_symbolism,KEPT_DISTINCT
HTP_36_TREE_SHADED_BLACKENED_TREE,Tree: shaded/blackened area,htp_2023_meta_analysis,"Guo et al. (2023) Front. Psychiatry 13:1041770 (30 studies, n=6295)",tree_darkness,tree_darkness,yes,TREE2026_01_BLACKENED_OUT,"Same measurable concept ('Tree: shaded/blackened area') as TREE2026_01_BLACKENED_OUT -- merged under evidence family 'colour_mood_flags' because both describe the identical observable, not merely a similar interpretation.",,colour_mood_flags,MERGED
HTP_37_PERSON_INCOMPLETE_PERSON,Person: incomplete (part unspecified),htp_2023_meta_analysis,"Guo et al. (2023) Front. Psychiatry 13:1041770 (30 studies, n=6295)",incomplete_person_generic,incomplete_person_generic,yes,FAMILY_MARKER_18_INCOMPLETE_FIGURES,"Same measurable concept ('Person: incomplete (part unspecified)') as FAMILY_MARKER_18_INCOMPLETE_FIGURES -- merged under evidence family 'missing_body_part' because both describe the identical observable, not merely a similar interpretation.",,missing_body_part,MERGED
HTP_38_PERSON_SHADED_BLACKENED_PERSON,Person: shaded/blackened area,htp_2023_meta_analysis,"Guo et al. (2023) Front. Psychiatry 13:1041770 (30 studies, n=6295)",person_darkness,person_darkness,no,,,"Shares evidence family 'colour_mood_flags' with entries from existing_doar_rule, family_drawing_2022_global_scale, family_drawing_2022_marker, feats_formal_element_scale, koppitz_hfd_indicator, new_objective_graphic_feature, but names a distinct, object/context-specific measurable concept ('Person: shaded/blackened area') -- not merged without verified measurement equivalence (see Step 2's own worked counter-examples).",colour_mood_flags,KEPT_DISTINCT
HTP_39_PERSON_FIST,Fist,htp_2023_meta_analysis,"Guo et al. (2023) Front. Psychiatry 13:1041770 (30 studies, n=6295)",fist,fist,no,,,"Shares evidence family 'SEMANTIC_THEME_CANDIDATE' with entries from family_drawing_2022_global_scale, family_drawing_2022_marker, feats_formal_element_scale, koppitz_hfd_indicator, new_objective_graphic_feature, but names a distinct, object/context-specific measurable concept ('Fist') -- not merged without verified measurement equivalence (see Step 2's own worked counter-examples).",SEMANTIC_THEME_CANDIDATE,KEPT_DISTINCT
HTP_40_PERSON_NEGATIVE_EXPRESSION,Facial expression: negative,htp_2023_meta_analysis,"Guo et al. (2023) Front. Psychiatry 13:1041770 (30 studies, n=6295)",facial_expression_negative,facial_expression_negative,yes,FAMILY_MARKER_21_NEUTRAL_NEGATIVE_FACIAL_AFFECT,"Same measurable concept ('Facial expression: negative') as FAMILY_MARKER_21_NEUTRAL_NEGATIVE_FACIAL_AFFECT -- merged under evidence family 'facial_feature_style' because both describe the identical observable, not merely a similar interpretation.",,facial_feature_style,MERGED
HTP_41_PERSON_BIZARRE_PERSON,Bizarre person,htp_2023_meta_analysis,"Guo et al. (2023) Front. Psychiatry 13:1041770 (30 studies, n=6295)",bizarre_person,bizarre_person,no,,,"Shares evidence family 'SEMANTIC_THEME_CANDIDATE' with entries from family_drawing_2022_global_scale, family_drawing_2022_marker, feats_formal_element_scale, koppitz_hfd_indicator, new_objective_graphic_feature, but names a distinct, object/context-specific measurable concept ('Bizarre person') -- not merged without verified measurement equivalence (see Step 2's own worked counter-examples).",SEMANTIC_THEME_CANDIDATE,KEPT_DISTINCT
HTP_42_PERSON_VERY_SMALL_PERSON,Person: relatively small size,htp_2023_meta_analysis,"Guo et al. (2023) Front. Psychiatry 13:1041770 (30 studies, n=6295)",person_relative_size_small,person_relative_size_small,yes,FAMILY_MARKER_10_UNUSUALLY_SMALL_FIGURES; KOPPITZ_07_TINY_FIGURE,"Same measurable concept ('Person: relatively small size') as FAMILY_MARKER_10_UNUSUALLY_SMALL_FIGURES, KOPPITZ_07_TINY_FIGURE -- merged under evidence family 'size_composition' because both describe the identical observable, not merely a similar interpretation.",,size_composition,MERGED
HTP_43_PERSON_LOSS_OF_FACIAL_FEATURES,Loss of facial features,htp_2023_meta_analysis,"Guo et al. (2023) Front. Psychiatry 13:1041770 (30 studies, n=6295)",loss_of_facial_features,loss_of_facial_features,no,,,"Shares evidence family 'facial_feature_style' with entries from existing_doar_rule, family_drawing_2022_marker, koppitz_hfd_indicator, new_objective_graphic_feature, but names a distinct, object/context-specific measurable concept ('Loss of facial features') -- not merged without verified measurement equivalence (see Step 2's own worked counter-examples).",facial_feature_style,KEPT_DISTINCT
HTP_44_PERSON_POKER_FACE,Facial expression: neutral/flat,htp_2023_meta_analysis,"Guo et al. (2023) Front. Psychiatry 13:1041770 (30 studies, n=6295)",facial_expression_neutral,facial_expression_neutral,no,,,"Shares evidence family 'facial_feature_style' with entries from existing_doar_rule, family_drawing_2022_marker, koppitz_hfd_indicator, new_objective_graphic_feature, but names a distinct, object/context-specific measurable concept ('Facial expression: neutral/flat') -- not merged without verified measurement equivalence (see Step 2's own worked counter-examples).",facial_feature_style,KEPT_DISTINCT
HTP_45_PERSON_INAPPROPRIATE_BODY_PROPORTIONS,Body: atypical proportions (part unspecified),htp_2023_meta_analysis,"Guo et al. (2023) Front. Psychiatry 13:1041770 (30 studies, n=6295)",body_proportion_anomaly_generic,body_proportion_anomaly_generic,yes,OBJFEAT_44_BODY_PART_PROPORTION_ANOMALIES,"Same measurable concept ('Body: atypical proportions (part unspecified)') as OBJFEAT_44_BODY_PART_PROPORTION_ANOMALIES -- merged under evidence family 'size_composition' because both describe the identical observable, not merely a similar interpretation.",,size_composition,MERGED
HTP_46_PERSON_SINGLE-LINE_LIMBS,Single-line limbs,htp_2023_meta_analysis,"Guo et al. (2023) Front. Psychiatry 13:1041770 (30 studies, n=6295)",single_line_limbs,single_line_limbs,no,,,"Shares evidence family 'LINE_GEOMETRY_FORMAL' with entries from feats_formal_element_scale, koppitz_hfd_indicator, new_objective_graphic_feature, but names a distinct, object/context-specific measurable concept ('Single-line limbs') -- not merged without verified measurement equivalence (see Step 2's own worked counter-examples).",LINE_GEOMETRY_FORMAL,KEPT_DISTINCT
HTP_47_PERSON_COMPLETE_PARTIAL_LOSS_OF_LIMBS,Limb(s): partial/complete absence (arm or leg unspecified),htp_2023_meta_analysis,"Guo et al. (2023) Front. Psychiatry 13:1041770 (30 studies, n=6295)",missing_limb_generic,missing_limb_generic,no,,,"Shares evidence family 'missing_body_part' with entries from existing_doar_rule, family_drawing_2022_marker, feats_formal_element_scale, koppitz_hfd_indicator, new_objective_graphic_feature, but names a distinct, object/context-specific measurable concept ('Limb(s): partial/complete absence (arm or leg unspecified)') -- not merged without verified measurement equivalence (see Step 2's own worked counter-examples).",missing_body_part,KEPT_DISTINCT
HTP_48_PERSON_SIMPLE_PERSON,Simple person,htp_2023_meta_analysis,"Guo et al. (2023) Front. Psychiatry 13:1041770 (30 studies, n=6295)",simple_person,simple_person,no,,,"Shares evidence family 'detail_fixation' with entries from existing_doar_rule, family_drawing_2022_marker, feats_formal_element_scale, new_objective_graphic_feature, but names a distinct, object/context-specific measurable concept ('Simple person') -- not merged without verified measurement equivalence (see Step 2's own worked counter-examples).",detail_fixation,KEPT_DISTINCT
HTP_49_PERSON_FINGERS,Fingers,htp_2023_meta_analysis,"Guo et al. (2023) Front. Psychiatry 13:1041770 (30 studies, n=6295)",fingers,fingers,no,,,"Shares evidence family 'detail_fixation' with entries from existing_doar_rule, family_drawing_2022_marker, feats_formal_element_scale, new_objective_graphic_feature, but names a distinct, object/context-specific measurable concept ('Fingers') -- not merged without verified measurement equivalence (see Step 2's own worked counter-examples).",detail_fixation,KEPT_DISTINCT
HTP_50_PERSON_NOT-FRONTAL_PORTRAIT,Not-frontal portrait,htp_2023_meta_analysis,"Guo et al. (2023) Front. Psychiatry 13:1041770 (30 studies, n=6295)",not_frontal_portrait,not_frontal_portrait,no,,,"Shares evidence family 'LINE_GEOMETRY_FORMAL' with entries from feats_formal_element_scale, koppitz_hfd_indicator, new_objective_graphic_feature, but names a distinct, object/context-specific measurable concept ('Not-frontal portrait') -- not merged without verified measurement equivalence (see Step 2's own worked counter-examples).",LINE_GEOMETRY_FORMAL,KEPT_DISTINCT
TREE2026_01_BLACKENED_OUT,Tree: shaded/blackened area,tree_imagery_2026_update,Guo et al. (2026) Depression and Anxiety 2026:9571222,tree_darkness,tree_darkness,yes,HTP_36_TREE_SHADED_BLACKENED_TREE,"Same measurable concept ('Tree: shaded/blackened area') as HTP_36_TREE_SHADED_BLACKENED_TREE -- merged under evidence family 'object_symbolism' because both describe the identical observable, not merely a similar interpretation.",,object_symbolism,MERGED
TREE2026_02_SCRIBBLED_LINES,Weak lines (example OR≈2.82),tree_imagery_2026_update,Guo et al. (2026) Depression and Anxiety 2026:9571222,weak_lines_example_or_2_82,weak_lines_example_or_2_82,no,,,"Shares evidence family 'object_symbolism' with entries from existing_doar_rule, htp_2023_meta_analysis, but names a distinct, object/context-specific measurable concept ('Weak lines (example OR≈2.82)') -- not merged without verified measurement equivalence (see Step 2's own worked counter-examples).",object_symbolism,KEPT_DISTINCT
TREE2026_03_ODDLY_SHAPED,Tree: flattened crown shape,tree_imagery_2026_update,Guo et al. (2026) Depression and Anxiety 2026:9571222,tree_crown_flattened,tree_crown_flattened,yes,HTP_30_TREE_FLATTENED_CROWN,"Same measurable concept ('Tree: flattened crown shape') as HTP_30_TREE_FLATTENED_CROWN -- merged under evidence family 'object_symbolism' because both describe the identical observable, not merely a similar interpretation.",,object_symbolism,MERGED
TREE2026_04_NO_VITALITY,Tree: relatively small size,tree_imagery_2026_update,Guo et al. (2026) Depression and Anxiety 2026:9571222,tree_relative_size_small,tree_relative_size_small,yes,HTP_33_TREE_VERY_SMALL_TREE,"Same measurable concept ('Tree: relatively small size') as HTP_33_TREE_VERY_SMALL_TREE -- merged under evidence family 'object_symbolism' because both describe the identical observable, not merely a similar interpretation.",,object_symbolism,MERGED
TREE2026_05_OVERLY_SIMPLE,Simplified drawing (example OR≈7.07),tree_imagery_2026_update,Guo et al. (2026) Depression and Anxiety 2026:9571222,simplified_drawing_example_or_7_07,simplified_drawing_example_or_7_07,no,,,"Shares evidence family 'object_symbolism' with entries from existing_doar_rule, htp_2023_meta_analysis, but names a distinct, object/context-specific measurable concept ('Simplified drawing (example OR≈7.07)') -- not merged without verified measurement equivalence (see Step 2's own worked counter-examples).",object_symbolism,KEPT_DISTINCT
TREE2026_06_AFFECTIVE_SUBGROUP,Blackened tree / no motion / excessive separation,tree_imagery_2026_update,Guo et al. (2026) Depression and Anxiety 2026:9571222,blackened_tree_no_motion_excessive_separation,blackened_tree_no_motion_excessive_separation,no,,,"Shares evidence family 'object_symbolism' with entries from existing_doar_rule, htp_2023_meta_analysis, but names a distinct, object/context-specific measurable concept ('Blackened tree / no motion / excessive separation') -- not merged without verified measurement equivalence (see Step 2's own worked counter-examples).",object_symbolism,KEPT_DISTINCT
TREE2026_07_THOUGHT_DISORDER_SUBGROUP,Roots,tree_imagery_2026_update,Guo et al. (2026) Depression and Anxiety 2026:9571222,roots,roots,yes,HTP_28_TREE_ROOTS,"Same measurable concept ('Roots') as HTP_28_TREE_ROOTS -- merged under evidence family 'object_symbolism' because both describe the identical observable, not merely a similar interpretation.",,object_symbolism,MERGED
FAMILY_MARKER_01_LACK_OF_COLOR,Low colour diversity/use,family_drawing_2022_marker,"Pace, Muzi & Vizzino (2022) Front. Psychol. 13:980129; Pace et al. (2022) Attach. Hum. Dev. 24(4) (Avoidant-marker system)",colour_diversity_low,colour_diversity_low,yes,OBJFEAT_23_COLOUR_DIVERSITY,"Same measurable concept ('Low colour diversity/use') as OBJFEAT_23_COLOUR_DIVERSITY -- merged under evidence family 'colour_mood_flags' because both describe the identical observable, not merely a similar interpretation.",,colour_mood_flags,MERGED
FAMILY_MARKER_02_CHILD_FAR_APART_FROM_MOTHER,Child far apart from mother,family_drawing_2022_marker,"Pace, Muzi & Vizzino (2022) Front. Psychol. 13:980129; Pace et al. (2022) Attach. Hum. Dev. 24(4) (Avoidant-marker system)",child_far_apart_from_mother,child_far_apart_from_mother,no,,,"Shares evidence family 'isolation_theme' with entries from existing_doar_rule, family_drawing_2022_global_scale, but names a distinct, object/context-specific measurable concept ('Child far apart from mother') -- not merged without verified measurement equivalence (see Step 2's own worked counter-examples).",isolation_theme,KEPT_DISTINCT
FAMILY_MARKER_03_OMISSION_OF_MOTHER_OR_CHILD,Family member: omitted from scene,family_drawing_2022_marker,"Pace, Muzi & Vizzino (2022) Front. Psychol. 13:980129; Pace et al. (2022) Attach. Hum. Dev. 24(4) (Avoidant-marker system)",family_member_omitted,family_member_omitted,no,,,"Shares evidence family 'missing_body_part' with entries from existing_doar_rule, feats_formal_element_scale, htp_2023_meta_analysis, koppitz_hfd_indicator, new_objective_graphic_feature, but names a distinct, object/context-specific measurable concept ('Family member: omitted from scene') -- not merged without verified measurement equivalence (see Step 2's own worked counter-examples).",missing_body_part,KEPT_DISTINCT
FAMILY_MARKER_04_LACK_OF_INDIVIDUATION_OF_FAMILY_MEMBERS,Lack of individuation of family members,family_drawing_2022_marker,"Pace, Muzi & Vizzino (2022) Front. Psychol. 13:980129; Pace et al. (2022) Attach. Hum. Dev. 24(4) (Avoidant-marker system)",lack_of_individuation_of_family_members,lack_of_individuation_of_family_members,no,,,"Shares evidence family 'facial_feature_style' with entries from existing_doar_rule, htp_2023_meta_analysis, koppitz_hfd_indicator, new_objective_graphic_feature, but names a distinct, object/context-specific measurable concept ('Lack of individuation of family members') -- not merged without verified measurement equivalence (see Step 2's own worked counter-examples).",facial_feature_style,KEPT_DISTINCT
FAMILY_MARKER_05_ARMS_DOWNWARD_CLOSE_TO_BODY,Arms downward/close to body,family_drawing_2022_marker,"Pace, Muzi & Vizzino (2022) Front. Psychol. 13:980129; Pace et al. (2022) Attach. Hum. Dev. 24(4) (Avoidant-marker system)",arms_downward_close_to_body,arms_downward_close_to_body,no,,,"Shares evidence family 'SYMMETRY_REGULARITY_FORMAL' with entries from feats_formal_element_scale, koppitz_hfd_indicator, new_objective_graphic_feature, but names a distinct, object/context-specific measurable concept ('Arms downward/close to body') -- not merged without verified measurement equivalence (see Step 2's own worked counter-examples).",SYMMETRY_REGULARITY_FORMAL,KEPT_DISTINCT
FAMILY_MARKER_06_EXAGGERATION_OF_HEADS,Head: relatively large size,family_drawing_2022_marker,"Pace, Muzi & Vizzino (2022) Front. Psychol. 13:980129; Pace et al. (2022) Attach. Hum. Dev. 24(4) (Avoidant-marker system)",head_relative_size_large,head_relative_size_large,no,,,"Shares evidence family 'size_composition' with entries from existing_doar_rule, family_drawing_2022_global_scale, feats_formal_element_scale, htp_2023_meta_analysis, koppitz_hfd_indicator, new_objective_graphic_feature, but names a distinct, object/context-specific measurable concept ('Head: relatively large size') -- not merged without verified measurement equivalence (see Step 2's own worked counter-examples).",size_composition,KEPT_DISTINCT
FAMILY_MARKER_07_DISGUISED_FAMILY_MEMBERS,Disguised family members,family_drawing_2022_marker,"Pace, Muzi & Vizzino (2022) Front. Psychol. 13:980129; Pace et al. (2022) Attach. Hum. Dev. 24(4) (Avoidant-marker system)",disguised_family_members,disguised_family_members,no,,,"Shares evidence family 'SEMANTIC_THEME_CANDIDATE' with entries from family_drawing_2022_global_scale, feats_formal_element_scale, htp_2023_meta_analysis, koppitz_hfd_indicator, new_objective_graphic_feature, but names a distinct, object/context-specific measurable concept ('Disguised family members') -- not merged without verified measurement equivalence (see Step 2's own worked counter-examples).",SEMANTIC_THEME_CANDIDATE,KEPT_DISTINCT
FAMILY_MARKER_08_FIGURES_SEPARATED_BY_BARRIERS,Figures separated by barriers,family_drawing_2022_marker,"Pace, Muzi & Vizzino (2022) Front. Psychol. 13:980129; Pace et al. (2022) Attach. Hum. Dev. 24(4) (Ambivalent-marker system)",figures_separated_by_barriers,figures_separated_by_barriers,no,,,"Shares evidence family 'SCENE_ORGANIZATION_FORMAL' with entries from family_drawing_2022_global_scale, feats_formal_element_scale, htp_2023_meta_analysis, koppitz_hfd_indicator, new_objective_graphic_feature, but names a distinct, object/context-specific measurable concept ('Figures separated by barriers') -- not merged without verified measurement equivalence (see Step 2's own worked counter-examples).",SCENE_ORGANIZATION_FORMAL,KEPT_DISTINCT
FAMILY_MARKER_09_FIGURES_CROWDED_OR_OVERLAPPING,Figures crowded or overlapping,family_drawing_2022_marker,"Pace, Muzi & Vizzino (2022) Front. Psychol. 13:980129; Pace et al. (2022) Attach. Hum. Dev. 24(4) (Ambivalent-marker system)",figures_crowded_or_overlapping,figures_crowded_or_overlapping,no,,,"Shares evidence family 'SCENE_ORGANIZATION_FORMAL' with entries from family_drawing_2022_global_scale, feats_formal_element_scale, htp_2023_meta_analysis, koppitz_hfd_indicator, new_objective_graphic_feature, but names a distinct, object/context-specific measurable concept ('Figures crowded or overlapping') -- not merged without verified measurement equivalence (see Step 2's own worked counter-examples).",SCENE_ORGANIZATION_FORMAL,KEPT_DISTINCT
FAMILY_MARKER_10_UNUSUALLY_SMALL_FIGURES,Person: relatively small size,family_drawing_2022_marker,"Pace, Muzi & Vizzino (2022) Front. Psychol. 13:980129; Pace et al. (2022) Attach. Hum. Dev. 24(4) (Ambivalent-marker system)",person_relative_size_small,person_relative_size_small,yes,HTP_42_PERSON_VERY_SMALL_PERSON; KOPPITZ_07_TINY_FIGURE,"Same measurable concept ('Person: relatively small size') as HTP_42_PERSON_VERY_SMALL_PERSON, KOPPITZ_07_TINY_FIGURE -- merged under evidence family 'size_composition' because both describe the identical observable, not merely a similar interpretation.",,size_composition,MERGED
FAMILY_MARKER_11_UNUSUALLY_LARGE_FIGURES,Person: relatively large size,family_drawing_2022_marker,"Pace, Muzi & Vizzino (2022) Front. Psychol. 13:980129; Pace et al. (2022) Attach. Hum. Dev. 24(4) (Ambivalent-marker system)",person_relative_size_large,person_relative_size_large,yes,KOPPITZ_08_BIG_FIGURE,"Same measurable concept ('Person: relatively large size') as KOPPITZ_08_BIG_FIGURE -- merged under evidence family 'size_composition' because both describe the identical observable, not merely a similar interpretation.",,size_composition,MERGED
FAMILY_MARKER_12_EXAGGERATION_OF_BODY_PART,Exaggeration of body part,family_drawing_2022_marker,"Pace, Muzi & Vizzino (2022) Front. Psychol. 13:980129; Pace et al. (2022) Attach. Hum. Dev. 24(4) (Ambivalent-marker system)",exaggeration_of_body_part,exaggeration_of_body_part,no,,,"Shares evidence family 'size_composition' with entries from existing_doar_rule, family_drawing_2022_global_scale, feats_formal_element_scale, htp_2023_meta_analysis, koppitz_hfd_indicator, new_objective_graphic_feature, but names a distinct, object/context-specific measurable concept ('Exaggeration of body part') -- not merged without verified measurement equivalence (see Step 2's own worked counter-examples).",size_composition,KEPT_DISTINCT
FAMILY_MARKER_13_EXAGGERATION_OF_HANDS_ARMS,Exaggeration of hands/arms,family_drawing_2022_marker,"Pace, Muzi & Vizzino (2022) Front. Psychol. 13:980129; Pace et al. (2022) Attach. Hum. Dev. 24(4) (Ambivalent-marker system)",exaggeration_of_hands_arms,exaggeration_of_hands_arms,no,,,"Shares evidence family 'size_composition' with entries from existing_doar_rule, family_drawing_2022_global_scale, feats_formal_element_scale, htp_2023_meta_analysis, koppitz_hfd_indicator, new_objective_graphic_feature, but names a distinct, object/context-specific measurable concept ('Exaggeration of hands/arms') -- not merged without verified measurement equivalence (see Step 2's own worked counter-examples).",size_composition,KEPT_DISTINCT
FAMILY_MARKER_14_EXAGGERATION_OF_FACIAL_FEATURES,Exaggeration of facial features,family_drawing_2022_marker,"Pace, Muzi & Vizzino (2022) Front. Psychol. 13:980129; Pace et al. (2022) Attach. Hum. Dev. 24(4) (Ambivalent-marker system)",exaggeration_of_facial_features,exaggeration_of_facial_features,no,,,"Shares evidence family 'facial_feature_style' with entries from existing_doar_rule, htp_2023_meta_analysis, koppitz_hfd_indicator, new_objective_graphic_feature, but names a distinct, object/context-specific measurable concept ('Exaggeration of facial features') -- not merged without verified measurement equivalence (see Step 2's own worked counter-examples).",facial_feature_style,KEPT_DISTINCT
FAMILY_MARKER_15_FIGURES_AT_CORNER_OF_PAGE,Figures at corner of page,family_drawing_2022_marker,"Pace, Muzi & Vizzino (2022) Front. Psychol. 13:980129; Pace et al. (2022) Attach. Hum. Dev. 24(4) (Ambivalent-marker system)",figures_at_corner_of_page,figures_at_corner_of_page,no,,,"Shares evidence family 'spatial_placement' with entries from existing_doar_rule, new_objective_graphic_feature, but names a distinct, object/context-specific measurable concept ('Figures at corner of page') -- not merged without verified measurement equivalence (see Step 2's own worked counter-examples).",spatial_placement,KEPT_DISTINCT
FAMILY_MARKER_16_LACK_OF_BACKGROUND_DETAIL,Lack of background detail,family_drawing_2022_marker,"Pace, Muzi & Vizzino (2022) Front. Psychol. 13:980129; Pace et al. (2022) Attach. Hum. Dev. 24(4) (General insecurity marker)",lack_of_background_detail,lack_of_background_detail,no,,,"Shares evidence family 'detail_fixation' with entries from existing_doar_rule, feats_formal_element_scale, htp_2023_meta_analysis, new_objective_graphic_feature, but names a distinct, object/context-specific measurable concept ('Lack of background detail') -- not merged without verified measurement equivalence (see Step 2's own worked counter-examples).",detail_fixation,KEPT_DISTINCT
FAMILY_MARKER_17_FIGURES_NOT_GROUNDED___FLOATING,Figures not grounded / floating,family_drawing_2022_marker,"Pace, Muzi & Vizzino (2022) Front. Psychol. 13:980129; Pace et al. (2022) Attach. Hum. Dev. 24(4) (General insecurity marker)",figures_not_grounded_floating,figures_not_grounded_floating,no,,,"Shares evidence family 'SCENE_ORGANIZATION_FORMAL' with entries from family_drawing_2022_global_scale, feats_formal_element_scale, htp_2023_meta_analysis, koppitz_hfd_indicator, new_objective_graphic_feature, but names a distinct, object/context-specific measurable concept ('Figures not grounded / floating') -- not merged without verified measurement equivalence (see Step 2's own worked counter-examples).",SCENE_ORGANIZATION_FORMAL,KEPT_DISTINCT
FAMILY_MARKER_18_INCOMPLETE_FIGURES,Person: incomplete (part unspecified),family_drawing_2022_marker,"Pace, Muzi & Vizzino (2022) Front. Psychol. 13:980129; Pace et al. (2022) Attach. Hum. Dev. 24(4) (General insecurity marker)",incomplete_person_generic,incomplete_person_generic,yes,HTP_37_PERSON_INCOMPLETE_PERSON,"Same measurable concept ('Person: incomplete (part unspecified)') as HTP_37_PERSON_INCOMPLETE_PERSON -- merged under evidence family 'missing_body_part' because both describe the identical observable, not merely a similar interpretation.",,missing_body_part,MERGED
FAMILY_MARKER_19_MOTHER_NOT_FEMINIZED,Mother not feminized,family_drawing_2022_marker,"Pace, Muzi & Vizzino (2022) Front. Psychol. 13:980129; Pace et al. (2022) Attach. Hum. Dev. 24(4) (Historical coding marker)",mother_not_feminized,mother_not_feminized,no,,,"Historical gender-norm-dependent coding marker -- flagged ETHICS_REVIEW / likely reject, never operationalized; kept as a distinct historical source entry, not merged toward activation.",SEMANTIC_THEME_CANDIDATE,ETHICS_REVIEW
FAMILY_MARKER_20_MALES_FEMALES_UNDIFFERENTIATED_BY_GENDER,Males/females undifferentiated by gender,family_drawing_2022_marker,"Pace, Muzi & Vizzino (2022) Front. Psychol. 13:980129; Pace et al. (2022) Attach. Hum. Dev. 24(4) (Historical coding marker)",males_females_undifferentiated_by_gender,males_females_undifferentiated_by_gender,no,,,"Historical gender-norm-dependent coding marker -- flagged ETHICS_REVIEW / likely reject, never operationalized; kept as a distinct historical source entry, not merged toward activation.",SEMANTIC_THEME_CANDIDATE,ETHICS_REVIEW
FAMILY_MARKER_21_NEUTRAL_NEGATIVE_FACIAL_AFFECT,Facial expression: negative,family_drawing_2022_marker,"Pace, Muzi & Vizzino (2022) Front. Psychol. 13:980129; Pace et al. (2022) Attach. Hum. Dev. 24(4) (General insecurity marker)",facial_expression_negative,facial_expression_negative,yes,HTP_40_PERSON_NEGATIVE_EXPRESSION,"Same measurable concept ('Facial expression: negative') as HTP_40_PERSON_NEGATIVE_EXPRESSION -- merged under evidence family 'facial_feature_style' because both describe the identical observable, not merely a similar interpretation.",,facial_feature_style,MERGED
FAMILY_MARKER_22_FALSE_STARTS,False starts,family_drawing_2022_marker,"Pace, Muzi & Vizzino (2022) Front. Psychol. 13:980129; Pace et al. (2022) Attach. Hum. Dev. 24(4) (Disorganized-marker system)",false_starts,false_starts,no,,,"Shares evidence family 'task_engagement' with entries from existing_doar_rule, but names a distinct, object/context-specific measurable concept ('False starts') -- not merged without verified measurement equivalence (see Step 2's own worked counter-examples).",task_engagement,KEPT_DISTINCT
FAMILY_MARKER_23_SCRUNCHED_FIGURES,Scrunched figures,family_drawing_2022_marker,"Pace, Muzi & Vizzino (2022) Front. Psychol. 13:980129; Pace et al. (2022) Attach. Hum. Dev. 24(4) (Disorganized-marker system)",scrunched_figures,scrunched_figures,no,,,"Shares evidence family 'size_composition' with entries from existing_doar_rule, family_drawing_2022_global_scale, feats_formal_element_scale, htp_2023_meta_analysis, koppitz_hfd_indicator, new_objective_graphic_feature, but names a distinct, object/context-specific measurable concept ('Scrunched figures') -- not merged without verified measurement equivalence (see Step 2's own worked counter-examples).",size_composition,KEPT_DISTINCT
FAMILY_MARKER_24_UNUSUAL_SIGNS_SYMBOLS_SCENES,Unusual signs/symbols/scenes,family_drawing_2022_marker,"Pace, Muzi & Vizzino (2022) Front. Psychol. 13:980129; Pace et al. (2022) Attach. Hum. Dev. 24(4) (Disorganized-marker system)",unusual_signs_symbols_scenes,unusual_signs_symbols_scenes,no,,,"Shares evidence family 'SEMANTIC_THEME_CANDIDATE' with entries from family_drawing_2022_global_scale, feats_formal_element_scale, htp_2023_meta_analysis, koppitz_hfd_indicator, new_objective_graphic_feature, but names a distinct, object/context-specific measurable concept ('Unusual signs/symbols/scenes') -- not merged without verified measurement equivalence (see Step 2's own worked counter-examples).",SEMANTIC_THEME_CANDIDATE,KEPT_DISTINCT
FAMILY_GLOBAL_SCALE_01_VITALITY___CREATIVITY,Vitality / Creativity,family_drawing_2022_global_scale,"Pace, Muzi & Vizzino (2022) Front. Psychol. 13:980129; Pace et al. (2022) Attach. Hum. Dev. 24(4)",vitality_creativity,vitality_creativity,no,,,"Shares evidence family 'STROKE_DENSITY_TEXTURE_FORMAL' with entries from feats_formal_element_scale, htp_2023_meta_analysis, new_objective_graphic_feature, but names a distinct, object/context-specific measurable concept ('Vitality / Creativity') -- not merged without verified measurement equivalence (see Step 2's own worked counter-examples).",STROKE_DENSITY_TEXTURE_FORMAL,KEPT_DISTINCT
FAMILY_GLOBAL_SCALE_02_FAMILY_PRIDE___HAPPINESS,Family Pride / Happiness,family_drawing_2022_global_scale,"Pace, Muzi & Vizzino (2022) Front. Psychol. 13:980129; Pace et al. (2022) Attach. Hum. Dev. 24(4)",family_pride_happiness,family_pride_happiness,no,,,"Shares evidence family 'SEMANTIC_THEME_CANDIDATE' with entries from family_drawing_2022_marker, feats_formal_element_scale, htp_2023_meta_analysis, koppitz_hfd_indicator, new_objective_graphic_feature, but names a distinct, object/context-specific measurable concept ('Family Pride / Happiness') -- not merged without verified measurement equivalence (see Step 2's own worked counter-examples).",SEMANTIC_THEME_CANDIDATE,KEPT_DISTINCT
FAMILY_GLOBAL_SCALE_03_EMOTIONAL_DISTANCE___ISOLATION,Isolation theme (generic),family_drawing_2022_global_scale,"Pace, Muzi & Vizzino (2022) Front. Psychol. 13:980129; Pace et al. (2022) Attach. Hum. Dev. 24(4)",isolation_theme_generic,isolation_theme_generic,yes,EN_COMPILED_REPEATED_ISOLATION_THEMES_028,"Same measurable concept ('Isolation theme (generic)') as EN_COMPILED_REPEATED_ISOLATION_THEMES_028 -- merged under evidence family 'isolation_theme' because both describe the identical observable, not merely a similar interpretation.",,isolation_theme,MERGED
FAMILY_GLOBAL_SCALE_04_TENSION___ANGER,Tension / Anger,family_drawing_2022_global_scale,"Pace, Muzi & Vizzino (2022) Front. Psychol. 13:980129; Pace et al. (2022) Attach. Hum. Dev. 24(4)",tension_anger,tension_anger,no,,,"Shares evidence family 'colour_mood_flags' with entries from existing_doar_rule, family_drawing_2022_marker, feats_formal_element_scale, htp_2023_meta_analysis, koppitz_hfd_indicator, new_objective_graphic_feature, but names a distinct, object/context-specific measurable concept ('Tension / Anger') -- not merged without verified measurement equivalence (see Step 2's own worked counter-examples).",colour_mood_flags,KEPT_DISTINCT
FAMILY_GLOBAL_SCALE_05_VULNERABILITY,Vulnerability,family_drawing_2022_global_scale,"Pace, Muzi & Vizzino (2022) Front. Psychol. 13:980129; Pace et al. (2022) Attach. Hum. Dev. 24(4)",vulnerability,vulnerability,no,,,"Shares evidence family 'size_composition' with entries from existing_doar_rule, family_drawing_2022_marker, feats_formal_element_scale, htp_2023_meta_analysis, koppitz_hfd_indicator, new_objective_graphic_feature, but names a distinct, object/context-specific measurable concept ('Vulnerability') -- not merged without verified measurement equivalence (see Step 2's own worked counter-examples).",size_composition,KEPT_DISTINCT
FAMILY_GLOBAL_SCALE_06_ROLE_REVERSAL,Role Reversal,family_drawing_2022_global_scale,"Pace, Muzi & Vizzino (2022) Front. Psychol. 13:980129; Pace et al. (2022) Attach. Hum. Dev. 24(4)",role_reversal,role_reversal,no,,,"Shares evidence family 'SEMANTIC_THEME_CANDIDATE' with entries from family_drawing_2022_marker, feats_formal_element_scale, htp_2023_meta_analysis, koppitz_hfd_indicator, new_objective_graphic_feature, but names a distinct, object/context-specific measurable concept ('Role Reversal') -- not merged without verified measurement equivalence (see Step 2's own worked counter-examples).",SEMANTIC_THEME_CANDIDATE,KEPT_DISTINCT
FAMILY_GLOBAL_SCALE_07_BIZARRENESS___DISSOCIATION,Bizarreness / Dissociation,family_drawing_2022_global_scale,"Pace, Muzi & Vizzino (2022) Front. Psychol. 13:980129; Pace et al. (2022) Attach. Hum. Dev. 24(4)",bizarreness_dissociation,bizarreness_dissociation,no,,,"Shares evidence family 'SEMANTIC_THEME_CANDIDATE' with entries from family_drawing_2022_marker, feats_formal_element_scale, htp_2023_meta_analysis, koppitz_hfd_indicator, new_objective_graphic_feature, but names a distinct, object/context-specific measurable concept ('Bizarreness / Dissociation') -- not merged without verified measurement equivalence (see Step 2's own worked counter-examples).",SEMANTIC_THEME_CANDIDATE,KEPT_DISTINCT
FAMILY_GLOBAL_SCALE_08_GLOBAL_PATHOLOGY_,Global Pathology (renamed 'Global family-drawing organization'),family_drawing_2022_global_scale,"Pace, Muzi & Vizzino (2022) Front. Psychol. 13:980129; Pace et al. (2022) Attach. Hum. Dev. 24(4)",global_pathology_renamed_global_family_drawing_organization,global_pathology_renamed_global_family_drawing_organization,no,,,"Shares evidence family 'SCENE_ORGANIZATION_FORMAL' with entries from family_drawing_2022_marker, feats_formal_element_scale, htp_2023_meta_analysis, koppitz_hfd_indicator, new_objective_graphic_feature, but names a distinct, object/context-specific measurable concept ('Global Pathology (renamed 'Global family-drawing organization')') -- not merged without verified measurement equivalence (see Step 2's own worked counter-examples).",SCENE_ORGANIZATION_FORMAL,KEPT_DISTINCT
OBJFEAT_01_MEAN_LINE_WIDTH,Mean line width,new_objective_graphic_feature,"Psychologist-meeting proposal, DOAR_Master_Rules_and_Features_Inventory_V3.pdf Appendix G",mean_line_width,mean_line_width,no,,,"Shares evidence family 'LINE_GEOMETRY_FORMAL' with entries from feats_formal_element_scale, htp_2023_meta_analysis, koppitz_hfd_indicator, but names a distinct, object/context-specific measurable concept ('Mean line width') -- not merged without verified measurement equivalence (see Step 2's own worked counter-examples).",LINE_GEOMETRY_FORMAL,KEPT_DISTINCT
OBJFEAT_02_LINE_WIDTH_VARIABILITY,Line-width variability,new_objective_graphic_feature,"Psychologist-meeting proposal, DOAR_Master_Rules_and_Features_Inventory_V3.pdf Appendix G",line_width_variability,line_width_variability,no,,,"Shares evidence family 'LINE_GEOMETRY_FORMAL' with entries from feats_formal_element_scale, htp_2023_meta_analysis, koppitz_hfd_indicator, but names a distinct, object/context-specific measurable concept ('Line-width variability') -- not merged without verified measurement equivalence (see Step 2's own worked counter-examples).",LINE_GEOMETRY_FORMAL,KEPT_DISTINCT
OBJFEAT_03_LINE_DARKNESS,Line darkness/pressure appearance,new_objective_graphic_feature,"Psychologist-meeting proposal, DOAR_Master_Rules_and_Features_Inventory_V3.pdf Appendix G",line_darkness_intensity,line_darkness_intensity,yes,EN_COMPILED_LINE_HEAVY_PRESSURE_030; EN_COMPILED_LINE_LIGHT_PRESSURE_031,"Same measurable concept ('Line darkness/pressure appearance') as EN_COMPILED_LINE_HEAVY_PRESSURE_030, EN_COMPILED_LINE_LIGHT_PRESSURE_031 -- merged under evidence family 'colour_mood_flags' because both describe the identical observable, not merely a similar interpretation.",,colour_mood_flags,MERGED
OBJFEAT_04_DARKNESS_VARIABILITY,Line darkness/pressure variability,new_objective_graphic_feature,"Psychologist-meeting proposal, DOAR_Master_Rules_and_Features_Inventory_V3.pdf Appendix G",line_darkness_variability,line_darkness_variability,no,,,"Shares evidence family 'colour_mood_flags' with entries from existing_doar_rule, family_drawing_2022_global_scale, family_drawing_2022_marker, feats_formal_element_scale, htp_2023_meta_analysis, koppitz_hfd_indicator, but names a distinct, object/context-specific measurable concept ('Line darkness/pressure variability') -- not merged without verified measurement equivalence (see Step 2's own worked counter-examples).",colour_mood_flags,KEPT_DISTINCT
OBJFEAT_05_LINE_CONTINUITY,Line continuity,new_objective_graphic_feature,"Psychologist-meeting proposal, DOAR_Master_Rules_and_Features_Inventory_V3.pdf Appendix G",line_continuity,line_continuity,no,,,"Shares evidence family 'LINE_GEOMETRY_FORMAL' with entries from feats_formal_element_scale, htp_2023_meta_analysis, koppitz_hfd_indicator, but names a distinct, object/context-specific measurable concept ('Line continuity') -- not merged without verified measurement equivalence (see Step 2's own worked counter-examples).",LINE_GEOMETRY_FORMAL,KEPT_DISTINCT
OBJFEAT_06_FRAGMENTATION_RATE,Fragmentation rate,new_objective_graphic_feature,"Psychologist-meeting proposal, DOAR_Master_Rules_and_Features_Inventory_V3.pdf Appendix G",fragmentation_rate,fragmentation_rate,no,,,"Shares evidence family 'LINE_GEOMETRY_FORMAL' with entries from feats_formal_element_scale, htp_2023_meta_analysis, koppitz_hfd_indicator, but names a distinct, object/context-specific measurable concept ('Fragmentation rate') -- not merged without verified measurement equivalence (see Step 2's own worked counter-examples).",LINE_GEOMETRY_FORMAL,KEPT_DISTINCT
OBJFEAT_07_LINE_JITTER_SHAKINESS,Line jitter/shakiness,new_objective_graphic_feature,"Psychologist-meeting proposal, DOAR_Master_Rules_and_Features_Inventory_V3.pdf Appendix G",line_jitter_shakiness,line_jitter_shakiness,no,,,"Shares evidence family 'LINE_GEOMETRY_FORMAL' with entries from feats_formal_element_scale, htp_2023_meta_analysis, koppitz_hfd_indicator, but names a distinct, object/context-specific measurable concept ('Line jitter/shakiness') -- not merged without verified measurement equivalence (see Step 2's own worked counter-examples).",LINE_GEOMETRY_FORMAL,KEPT_DISTINCT
OBJFEAT_08_STRAIGHTNESS,Straightness,new_objective_graphic_feature,"Psychologist-meeting proposal, DOAR_Master_Rules_and_Features_Inventory_V3.pdf Appendix G",straightness,straightness,no,,,"Shares evidence family 'LINE_GEOMETRY_FORMAL' with entries from feats_formal_element_scale, htp_2023_meta_analysis, koppitz_hfd_indicator, but names a distinct, object/context-specific measurable concept ('Straightness') -- not merged without verified measurement equivalence (see Step 2's own worked counter-examples).",LINE_GEOMETRY_FORMAL,KEPT_DISTINCT
OBJFEAT_09_CURVATURE,Curvature,new_objective_graphic_feature,"Psychologist-meeting proposal, DOAR_Master_Rules_and_Features_Inventory_V3.pdf Appendix G",curvature,curvature,no,,,"Shares evidence family 'LINE_GEOMETRY_FORMAL' with entries from feats_formal_element_scale, htp_2023_meta_analysis, koppitz_hfd_indicator, but names a distinct, object/context-specific measurable concept ('Curvature') -- not merged without verified measurement equivalence (see Step 2's own worked counter-examples).",LINE_GEOMETRY_FORMAL,KEPT_DISTINCT
OBJFEAT_10_ANGULARITY,Angularity,new_objective_graphic_feature,"Psychologist-meeting proposal, DOAR_Master_Rules_and_Features_Inventory_V3.pdf Appendix G",angularity,angularity,no,,,"Shares evidence family 'LINE_GEOMETRY_FORMAL' with entries from feats_formal_element_scale, htp_2023_meta_analysis, koppitz_hfd_indicator, but names a distinct, object/context-specific measurable concept ('Angularity') -- not merged without verified measurement equivalence (see Step 2's own worked counter-examples).",LINE_GEOMETRY_FORMAL,KEPT_DISTINCT
OBJFEAT_11_DOMINANT_ORIENTATION,Dominant orientation,new_objective_graphic_feature,"Psychologist-meeting proposal, DOAR_Master_Rules_and_Features_Inventory_V3.pdf Appendix G",dominant_orientation,dominant_orientation,no,,,"Shares evidence family 'LINE_GEOMETRY_FORMAL' with entries from feats_formal_element_scale, htp_2023_meta_analysis, koppitz_hfd_indicator, but names a distinct, object/context-specific measurable concept ('Dominant orientation') -- not merged without verified measurement equivalence (see Step 2's own worked counter-examples).",LINE_GEOMETRY_FORMAL,KEPT_DISTINCT
OBJFEAT_12_ORIENTATION_ENTROPY,Orientation entropy,new_objective_graphic_feature,"Psychologist-meeting proposal, DOAR_Master_Rules_and_Features_Inventory_V3.pdf Appendix G",orientation_entropy,orientation_entropy,no,,,"Shares evidence family 'LINE_GEOMETRY_FORMAL' with entries from feats_formal_element_scale, htp_2023_meta_analysis, koppitz_hfd_indicator, but names a distinct, object/context-specific measurable concept ('Orientation entropy') -- not merged without verified measurement equivalence (see Step 2's own worked counter-examples).",LINE_GEOMETRY_FORMAL,KEPT_DISTINCT
OBJFEAT_13_LOCAL_ORIENTATION_COHERENCE,Local orientation coherence,new_objective_graphic_feature,"Psychologist-meeting proposal, DOAR_Master_Rules_and_Features_Inventory_V3.pdf Appendix G",local_orientation_coherence,local_orientation_coherence,no,,,"Shares evidence family 'LINE_GEOMETRY_FORMAL' with entries from feats_formal_element_scale, htp_2023_meta_analysis, koppitz_hfd_indicator, but names a distinct, object/context-specific measurable concept ('Local orientation coherence') -- not merged without verified measurement equivalence (see Step 2's own worked counter-examples).",LINE_GEOMETRY_FORMAL,KEPT_DISTINCT
OBJFEAT_14_DIRECTION_CLUSTER_COUNT,Direction-cluster count,new_objective_graphic_feature,"Psychologist-meeting proposal, DOAR_Master_Rules_and_Features_Inventory_V3.pdf Appendix G",direction_cluster_count,direction_cluster_count,no,,,"Shares evidence family 'LINE_GEOMETRY_FORMAL' with entries from feats_formal_element_scale, htp_2023_meta_analysis, koppitz_hfd_indicator, but names a distinct, object/context-specific measurable concept ('Direction-cluster count') -- not merged without verified measurement equivalence (see Step 2's own worked counter-examples).",LINE_GEOMETRY_FORMAL,KEPT_DISTINCT
OBJFEAT_15_CROSSING_DENSITY,Crossing density,new_objective_graphic_feature,"Psychologist-meeting proposal, DOAR_Master_Rules_and_Features_Inventory_V3.pdf Appendix G",crossing_density,crossing_density,no,,,"Shares evidence family 'STROKE_DENSITY_TEXTURE_FORMAL' with entries from family_drawing_2022_global_scale, feats_formal_element_scale, htp_2023_meta_analysis, but names a distinct, object/context-specific measurable concept ('Crossing density') -- not merged without verified measurement equivalence (see Step 2's own worked counter-examples).",STROKE_DENSITY_TEXTURE_FORMAL,KEPT_DISTINCT
OBJFEAT_16_SCRIBBLE_DENSITY,Scribble density,new_objective_graphic_feature,"Psychologist-meeting proposal, DOAR_Master_Rules_and_Features_Inventory_V3.pdf Appendix G",scribble_density,scribble_density,no,,,"Shares evidence family 'STROKE_DENSITY_TEXTURE_FORMAL' with entries from family_drawing_2022_global_scale, feats_formal_element_scale, htp_2023_meta_analysis, but names a distinct, object/context-specific measurable concept ('Scribble density') -- not merged without verified measurement equivalence (see Step 2's own worked counter-examples).",STROKE_DENSITY_TEXTURE_FORMAL,KEPT_DISTINCT
OBJFEAT_17_HATCHING_DENSITY,Hatching density,new_objective_graphic_feature,"Psychologist-meeting proposal, DOAR_Master_Rules_and_Features_Inventory_V3.pdf Appendix G",hatching_density,hatching_density,no,,,"Shares evidence family 'STROKE_DENSITY_TEXTURE_FORMAL' with entries from family_drawing_2022_global_scale, feats_formal_element_scale, htp_2023_meta_analysis, but names a distinct, object/context-specific measurable concept ('Hatching density') -- not merged without verified measurement equivalence (see Step 2's own worked counter-examples).",STROKE_DENSITY_TEXTURE_FORMAL,KEPT_DISTINCT
OBJFEAT_18_CROSS_HATCHING,Cross-hatching,new_objective_graphic_feature,"Psychologist-meeting proposal, DOAR_Master_Rules_and_Features_Inventory_V3.pdf Appendix G",cross_hatching,cross_hatching,no,,,"Shares evidence family 'STROKE_DENSITY_TEXTURE_FORMAL' with entries from family_drawing_2022_global_scale, feats_formal_element_scale, htp_2023_meta_analysis, but names a distinct, object/context-specific measurable concept ('Cross-hatching') -- not merged without verified measurement equivalence (see Step 2's own worked counter-examples).",STROKE_DENSITY_TEXTURE_FORMAL,KEPT_DISTINCT
OBJFEAT_19_RETRACING_OVERDRAW_APPEARANCE,Retracing/overdraw appearance,new_objective_graphic_feature,"Psychologist-meeting proposal, DOAR_Master_Rules_and_Features_Inventory_V3.pdf Appendix G",retracing_overdraw_appearance,retracing_overdraw_appearance,no,,,requires_process_data=True -- 'Retracing/overdraw appearance' cannot be assessed from a single static image regardless of any evidence-family overlap.,STROKE_DENSITY_TEXTURE_FORMAL,PROCESS_ONLY
OBJFEAT_20_SHARP_TURN_DENSITY,Sharp-turn density,new_objective_graphic_feature,"Psychologist-meeting proposal, DOAR_Master_Rules_and_Features_Inventory_V3.pdf Appendix G",sharp_turn_density,sharp_turn_density,no,,,"Shares evidence family 'LINE_GEOMETRY_FORMAL' with entries from feats_formal_element_scale, htp_2023_meta_analysis, koppitz_hfd_indicator, but names a distinct, object/context-specific measurable concept ('Sharp-turn density') -- not merged without verified measurement equivalence (see Step 2's own worked counter-examples).",LINE_GEOMETRY_FORMAL,KEPT_DISTINCT
OBJFEAT_21_STROKE_DENSITY_MAP,Stroke-density map,new_objective_graphic_feature,"Psychologist-meeting proposal, DOAR_Master_Rules_and_Features_Inventory_V3.pdf Appendix G",stroke_density_map,stroke_density_map,no,,,"Shares evidence family 'STROKE_DENSITY_TEXTURE_FORMAL' with entries from family_drawing_2022_global_scale, feats_formal_element_scale, htp_2023_meta_analysis, but names a distinct, object/context-specific measurable concept ('Stroke-density map') -- not merged without verified measurement equivalence (see Step 2's own worked counter-examples).",STROKE_DENSITY_TEXTURE_FORMAL,KEPT_DISTINCT
OBJFEAT_22_COLOUR_COVERAGE,Colour coverage,new_objective_graphic_feature,"Psychologist-meeting proposal, DOAR_Master_Rules_and_Features_Inventory_V3.pdf Appendix G",colour_coverage,colour_coverage,no,,,"Shares evidence family 'colour_mood_flags' with entries from existing_doar_rule, family_drawing_2022_global_scale, family_drawing_2022_marker, feats_formal_element_scale, htp_2023_meta_analysis, koppitz_hfd_indicator, but names a distinct, object/context-specific measurable concept ('Colour coverage') -- not merged without verified measurement equivalence (see Step 2's own worked counter-examples).",colour_mood_flags,KEPT_DISTINCT
OBJFEAT_23_COLOUR_DIVERSITY,Low colour diversity/use,new_objective_graphic_feature,"Psychologist-meeting proposal, DOAR_Master_Rules_and_Features_Inventory_V3.pdf Appendix G",colour_diversity_low,colour_diversity_low,yes,FAMILY_MARKER_01_LACK_OF_COLOR,"Same measurable concept ('Low colour diversity/use') as FAMILY_MARKER_01_LACK_OF_COLOR -- merged under evidence family 'colour_mood_flags' because both describe the identical observable, not merely a similar interpretation.",,colour_mood_flags,MERGED
OBJFEAT_24_BRIGHTNESS_DARKNESS_PALETTE,Brightness/darkness palette,new_objective_graphic_feature,"Psychologist-meeting proposal, DOAR_Master_Rules_and_Features_Inventory_V3.pdf Appendix G",brightness_darkness_palette,brightness_darkness_palette,no,,,"Shares evidence family 'colour_mood_flags' with entries from existing_doar_rule, family_drawing_2022_global_scale, family_drawing_2022_marker, feats_formal_element_scale, htp_2023_meta_analysis, koppitz_hfd_indicator, but names a distinct, object/context-specific measurable concept ('Brightness/darkness palette') -- not merged without verified measurement equivalence (see Step 2's own worked counter-examples).",colour_mood_flags,KEPT_DISTINCT
OBJFEAT_25_SATURATION,Saturation,new_objective_graphic_feature,"Psychologist-meeting proposal, DOAR_Master_Rules_and_Features_Inventory_V3.pdf Appendix G",saturation,saturation,no,,,"Shares evidence family 'colour_mood_flags' with entries from existing_doar_rule, family_drawing_2022_global_scale, family_drawing_2022_marker, feats_formal_element_scale, htp_2023_meta_analysis, koppitz_hfd_indicator, but names a distinct, object/context-specific measurable concept ('Saturation') -- not merged without verified measurement equivalence (see Step 2's own worked counter-examples).",colour_mood_flags,KEPT_DISTINCT
OBJFEAT_26_BLACKENED_AREA_RATIO,Whole drawing: shaded/blackened area,new_objective_graphic_feature,"Psychologist-meeting proposal, DOAR_Master_Rules_and_Features_Inventory_V3.pdf Appendix G",whole_drawing_darkness,whole_drawing_darkness,yes,HTP_10_WHOLE_SHADED_BLACKENED_DRAWING,"Same measurable concept ('Whole drawing: shaded/blackened area') as HTP_10_WHOLE_SHADED_BLACKENED_DRAWING -- merged under evidence family 'colour_mood_flags' because both describe the identical observable, not merely a similar interpretation.",,colour_mood_flags,MERGED
OBJFEAT_27_SHADING_DENSITY,Whole drawing: local shading density,new_objective_graphic_feature,"Psychologist-meeting proposal, DOAR_Master_Rules_and_Features_Inventory_V3.pdf Appendix G",whole_drawing_shading_density,whole_drawing_shading_density,no,,,"Shares evidence family 'colour_mood_flags' with entries from existing_doar_rule, family_drawing_2022_global_scale, family_drawing_2022_marker, feats_formal_element_scale, htp_2023_meta_analysis, koppitz_hfd_indicator, but names a distinct, object/context-specific measurable concept ('Whole drawing: local shading density') -- not merged without verified measurement equivalence (see Step 2's own worked counter-examples).",colour_mood_flags,KEPT_DISTINCT
OBJFEAT_28_FILL_COMPLETENESS,Fill completeness,new_objective_graphic_feature,"Psychologist-meeting proposal, DOAR_Master_Rules_and_Features_Inventory_V3.pdf Appendix G",fill_completeness,fill_completeness,no,,,"No entry from a different source family shares evidence family 'FILL_QUALITY_FORMAL' -- 'Fill completeness' is inherently specific to new_objective_graphic_feature, so no merge candidate exists.",FILL_QUALITY_FORMAL,SOURCE_SPECIFIC
OBJFEAT_29_BOUNDARY_OVERFLOW,Boundary overflow,new_objective_graphic_feature,"Psychologist-meeting proposal, DOAR_Master_Rules_and_Features_Inventory_V3.pdf Appendix G",boundary_overflow,boundary_overflow,no,,,"No entry from a different source family shares evidence family 'FILL_QUALITY_FORMAL' -- 'Boundary overflow' is inherently specific to new_objective_graphic_feature, so no merge candidate exists.",FILL_QUALITY_FORMAL,SOURCE_SPECIFIC
OBJFEAT_30_FILL_UNIFORMITY,Fill uniformity,new_objective_graphic_feature,"Psychologist-meeting proposal, DOAR_Master_Rules_and_Features_Inventory_V3.pdf Appendix G",fill_uniformity,fill_uniformity,no,,,"No entry from a different source family shares evidence family 'FILL_QUALITY_FORMAL' -- 'Fill uniformity' is inherently specific to new_objective_graphic_feature, so no merge candidate exists.",FILL_QUALITY_FORMAL,SOURCE_SPECIFIC
OBJFEAT_31_REGION_COLOURING_DIRECTION_COHERENCE,Region colouring-direction coherence,new_objective_graphic_feature,"Psychologist-meeting proposal, DOAR_Master_Rules_and_Features_Inventory_V3.pdf Appendix G",region_colouring_direction_coherence,region_colouring_direction_coherence,no,,,"No entry from a different source family shares evidence family 'FILL_QUALITY_FORMAL' -- 'Region colouring-direction coherence' is inherently specific to new_objective_graphic_feature, so no merge candidate exists.",FILL_QUALITY_FORMAL,SOURCE_SPECIFIC
OBJFEAT_32_REGION_COLOURING_ORIENTATION_ENTROPY,Region colouring-orientation entropy,new_objective_graphic_feature,"Psychologist-meeting proposal, DOAR_Master_Rules_and_Features_Inventory_V3.pdf Appendix G",region_colouring_orientation_entropy,region_colouring_orientation_entropy,no,,,"No entry from a different source family shares evidence family 'FILL_QUALITY_FORMAL' -- 'Region colouring-orientation entropy' is inherently specific to new_objective_graphic_feature, so no merge candidate exists.",FILL_QUALITY_FORMAL,SOURCE_SPECIFIC
OBJFEAT_33_BILATERAL_SYMMETRY,Bilateral symmetry,new_objective_graphic_feature,"Psychologist-meeting proposal, DOAR_Master_Rules_and_Features_Inventory_V3.pdf Appendix G",bilateral_symmetry,bilateral_symmetry,no,,,"Shares evidence family 'SYMMETRY_REGULARITY_FORMAL' with entries from family_drawing_2022_marker, feats_formal_element_scale, koppitz_hfd_indicator, but names a distinct, object/context-specific measurable concept ('Bilateral symmetry') -- not merged without verified measurement equivalence (see Step 2's own worked counter-examples).",SYMMETRY_REGULARITY_FORMAL,KEPT_DISTINCT
OBJFEAT_34_LOCAL_SYMMETRY,Local symmetry,new_objective_graphic_feature,"Psychologist-meeting proposal, DOAR_Master_Rules_and_Features_Inventory_V3.pdf Appendix G",local_symmetry,local_symmetry,no,,,"Shares evidence family 'SYMMETRY_REGULARITY_FORMAL' with entries from family_drawing_2022_marker, feats_formal_element_scale, koppitz_hfd_indicator, but names a distinct, object/context-specific measurable concept ('Local symmetry') -- not merged without verified measurement equivalence (see Step 2's own worked counter-examples).",SYMMETRY_REGULARITY_FORMAL,KEPT_DISTINCT
OBJFEAT_35_SPACING_REGULARITY,Spacing regularity,new_objective_graphic_feature,"Psychologist-meeting proposal, DOAR_Master_Rules_and_Features_Inventory_V3.pdf Appendix G",spacing_regularity,spacing_regularity,no,,,"Shares evidence family 'SYMMETRY_REGULARITY_FORMAL' with entries from family_drawing_2022_marker, feats_formal_element_scale, koppitz_hfd_indicator, but names a distinct, object/context-specific measurable concept ('Spacing regularity') -- not merged without verified measurement equivalence (see Step 2's own worked counter-examples).",SYMMETRY_REGULARITY_FORMAL,KEPT_DISTINCT
OBJFEAT_36_REPETITION_PERSEVERATION_SCORE,Repetition/perseveration score,new_objective_graphic_feature,"Psychologist-meeting proposal, DOAR_Master_Rules_and_Features_Inventory_V3.pdf Appendix G",repetition_perseveration_score,repetition_perseveration_score,no,,,"Shares evidence family 'SYMMETRY_REGULARITY_FORMAL' with entries from family_drawing_2022_marker, feats_formal_element_scale, koppitz_hfd_indicator, but names a distinct, object/context-specific measurable concept ('Repetition/perseveration score') -- not merged without verified measurement equivalence (see Step 2's own worked counter-examples).",SYMMETRY_REGULARITY_FORMAL,KEPT_DISTINCT
OBJFEAT_37_GRAPHIC_INTEGRATION_SCORE,Graphic integration score,new_objective_graphic_feature,"Psychologist-meeting proposal, DOAR_Master_Rules_and_Features_Inventory_V3.pdf Appendix G",graphic_integration_score,graphic_integration_score,no,,,"Shares evidence family 'SCENE_ORGANIZATION_FORMAL' with entries from family_drawing_2022_global_scale, family_drawing_2022_marker, feats_formal_element_scale, htp_2023_meta_analysis, koppitz_hfd_indicator, but names a distinct, object/context-specific measurable concept ('Graphic integration score') -- not merged without verified measurement equivalence (see Step 2's own worked counter-examples).",SCENE_ORGANIZATION_FORMAL,KEPT_DISTINCT
OBJFEAT_38_DETAIL_DENSITY,Detail density,new_objective_graphic_feature,"Psychologist-meeting proposal, DOAR_Master_Rules_and_Features_Inventory_V3.pdf Appendix G",detail_density,detail_density,no,,,"Shares evidence family 'detail_fixation' with entries from existing_doar_rule, family_drawing_2022_marker, feats_formal_element_scale, htp_2023_meta_analysis, but names a distinct, object/context-specific measurable concept ('Detail density') -- not merged without verified measurement equivalence (see Step 2's own worked counter-examples).",detail_fixation,KEPT_DISTINCT
OBJFEAT_39_BACKGROUND_DETAIL_SCORE,Background-detail score,new_objective_graphic_feature,"Psychologist-meeting proposal, DOAR_Master_Rules_and_Features_Inventory_V3.pdf Appendix G",background_detail_score,background_detail_score,no,,,"Shares evidence family 'SCENE_ORGANIZATION_FORMAL' with entries from family_drawing_2022_global_scale, family_drawing_2022_marker, feats_formal_element_scale, htp_2023_meta_analysis, koppitz_hfd_indicator, but names a distinct, object/context-specific measurable concept ('Background-detail score') -- not merged without verified measurement equivalence (see Step 2's own worked counter-examples).",SCENE_ORGANIZATION_FORMAL,KEPT_DISTINCT
OBJFEAT_40_SCENE_CROWDING,Scene crowding,new_objective_graphic_feature,"Psychologist-meeting proposal, DOAR_Master_Rules_and_Features_Inventory_V3.pdf Appendix G",scene_crowding,scene_crowding,no,,,"Shares evidence family 'SCENE_ORGANIZATION_FORMAL' with entries from family_drawing_2022_global_scale, family_drawing_2022_marker, feats_formal_element_scale, htp_2023_meta_analysis, koppitz_hfd_indicator, but names a distinct, object/context-specific measurable concept ('Scene crowding') -- not merged without verified measurement equivalence (see Step 2's own worked counter-examples).",SCENE_ORGANIZATION_FORMAL,KEPT_DISTINCT
OBJFEAT_41_ELEMENT_SEPARATION,Element separation,new_objective_graphic_feature,"Psychologist-meeting proposal, DOAR_Master_Rules_and_Features_Inventory_V3.pdf Appendix G",element_separation,element_separation,no,,,"Shares evidence family 'spatial_placement' with entries from existing_doar_rule, family_drawing_2022_marker, but names a distinct, object/context-specific measurable concept ('Element separation') -- not merged without verified measurement equivalence (see Step 2's own worked counter-examples).",spatial_placement,KEPT_DISTINCT
OBJFEAT_42_FIGURE_OBJECT_SIZE_RATIOS,Figure/object: relative size ratio (generic measurement),new_objective_graphic_feature,"Psychologist-meeting proposal, DOAR_Master_Rules_and_Features_Inventory_V3.pdf Appendix G",figure_object_size_ratio_generic,figure_object_size_ratio_generic,no,,,"Shares evidence family 'size_composition' with entries from existing_doar_rule, family_drawing_2022_global_scale, family_drawing_2022_marker, feats_formal_element_scale, htp_2023_meta_analysis, koppitz_hfd_indicator, but names a distinct, object/context-specific measurable concept ('Figure/object: relative size ratio (generic measurement)') -- not merged without verified measurement equivalence (see Step 2's own worked counter-examples).",size_composition,KEPT_DISTINCT
OBJFEAT_43_PART_OMISSIONS,Object part: omission (generic measurement),new_objective_graphic_feature,"Psychologist-meeting proposal, DOAR_Master_Rules_and_Features_Inventory_V3.pdf Appendix G",part_omission_generic,part_omission_generic,no,,,"Shares evidence family 'missing_body_part' with entries from existing_doar_rule, family_drawing_2022_marker, feats_formal_element_scale, htp_2023_meta_analysis, koppitz_hfd_indicator, but names a distinct, object/context-specific measurable concept ('Object part: omission (generic measurement)') -- not merged without verified measurement equivalence (see Step 2's own worked counter-examples).",missing_body_part,KEPT_DISTINCT
OBJFEAT_44_BODY_PART_PROPORTION_ANOMALIES,Body: atypical proportions (part unspecified),new_objective_graphic_feature,"Psychologist-meeting proposal, DOAR_Master_Rules_and_Features_Inventory_V3.pdf Appendix G",body_proportion_anomaly_generic,body_proportion_anomaly_generic,yes,HTP_45_PERSON_INAPPROPRIATE_BODY_PROPORTIONS,"Same measurable concept ('Body: atypical proportions (part unspecified)') as HTP_45_PERSON_INAPPROPRIATE_BODY_PROPORTIONS -- merged under evidence family 'size_composition' because both describe the identical observable, not merely a similar interpretation.",,size_composition,MERGED
OBJFEAT_45_FACIAL_AFFECT_IN_DRAWING,Facial expression (generic depicted affect),new_objective_graphic_feature,"Psychologist-meeting proposal, DOAR_Master_Rules_and_Features_Inventory_V3.pdf Appendix G",facial_expression_generic,facial_expression_generic,yes,EN_COMPILED_FACE_EXPRESSION_021,"Same measurable concept ('Facial expression (generic depicted affect)') as EN_COMPILED_FACE_EXPRESSION_021 -- merged under evidence family 'facial_feature_style' because both describe the identical observable, not merely a similar interpretation.",,facial_feature_style,MERGED
OBJFEAT_46_IMPLIED_MOTION_ACTIVITY,Implied motion/activity,new_objective_graphic_feature,"Psychologist-meeting proposal, DOAR_Master_Rules_and_Features_Inventory_V3.pdf Appendix G",implied_motion_activity,implied_motion_activity,no,,,"Shares evidence family 'STROKE_DENSITY_TEXTURE_FORMAL' with entries from family_drawing_2022_global_scale, feats_formal_element_scale, htp_2023_meta_analysis, but names a distinct, object/context-specific measurable concept ('Implied motion/activity') -- not merged without verified measurement equivalence (see Step 2's own worked counter-examples).",STROKE_DENSITY_TEXTURE_FORMAL,KEPT_DISTINCT
OBJFEAT_47_SEMANTIC_CONFLICT_ACTION_THEME,Semantic conflict/action theme,new_objective_graphic_feature,"Psychologist-meeting proposal, DOAR_Master_Rules_and_Features_Inventory_V3.pdf Appendix G",semantic_conflict_action_theme,semantic_conflict_action_theme,no,,,"Shares evidence family 'SEMANTIC_THEME_CANDIDATE' with entries from family_drawing_2022_global_scale, family_drawing_2022_marker, feats_formal_element_scale, htp_2023_meta_analysis, koppitz_hfd_indicator, but names a distinct, object/context-specific measurable concept ('Semantic conflict/action theme') -- not merged without verified measurement equivalence (see Step 2's own worked counter-examples).",SEMANTIC_THEME_CANDIDATE,KEPT_DISTINCT
OBJFEAT_48_OWNERSHIP_PERMISSION_BOUNDARY_THEME,Ownership/permission/boundary theme,new_objective_graphic_feature,"Psychologist-meeting proposal, DOAR_Master_Rules_and_Features_Inventory_V3.pdf Appendix G",ownership_permission_boundary_theme,ownership_permission_boundary_theme,no,,,"Shares evidence family 'SEMANTIC_THEME_CANDIDATE' with entries from family_drawing_2022_global_scale, family_drawing_2022_marker, feats_formal_element_scale, htp_2023_meta_analysis, koppitz_hfd_indicator, but names a distinct, object/context-specific measurable concept ('Ownership/permission/boundary theme') -- not merged without verified measurement equivalence (see Step 2's own worked counter-examples).",SEMANTIC_THEME_CANDIDATE,KEPT_DISTINCT
OBJFEAT_49_GLOBAL_REGULARITY_CONTROL_PATTERN,Global regularity/control pattern,new_objective_graphic_feature,"Psychologist-meeting proposal, DOAR_Master_Rules_and_Features_Inventory_V3.pdf Appendix G",global_regularity_control_pattern,global_regularity_control_pattern,no,,,"Shares evidence family 'SYMMETRY_REGULARITY_FORMAL' with entries from family_drawing_2022_marker, feats_formal_element_scale, koppitz_hfd_indicator, but names a distinct, object/context-specific measurable concept ('Global regularity/control pattern') -- not merged without verified measurement equivalence (see Step 2's own worked counter-examples).",SYMMETRY_REGULARITY_FORMAL,KEPT_DISTINCT
OBJFEAT_50_GLOBAL_GRAPHIC_DISORGANIZATION,Global graphic disorganization,new_objective_graphic_feature,"Psychologist-meeting proposal, DOAR_Master_Rules_and_Features_Inventory_V3.pdf Appendix G",global_graphic_disorganization,global_graphic_disorganization,no,,,"Shares evidence family 'SCENE_ORGANIZATION_FORMAL' with entries from family_drawing_2022_global_scale, family_drawing_2022_marker, feats_formal_element_scale, htp_2023_meta_analysis, koppitz_hfd_indicator, but names a distinct, object/context-specific measurable concept ('Global graphic disorganization') -- not merged without verified measurement equivalence (see Step 2's own worked counter-examples).",SCENE_ORGANIZATION_FORMAL,KEPT_DISTINCT
MALCHIODI_FRAMEWORK_SOURCE,contextual_interpretation_framework,framework_source,"Malchiodi (1998), Understanding Children's Drawings, Guilford Press",contextual_interpretation_framework,contextual_interpretation_framework,no,,,"Governs HOW DOAR phrases/contextualizes findings (question generation, alternative explanations, ethics) -- not a measurable observable at all, so canonical-observable/evidence-family dedup does not apply.",,FRAMEWORK_ONLY
