model,class_name,cohort,error_type,pilot_id
owlv2,person,full_80,false_negative,p2b_0000
owlv2,person,full_80,false_negative,p2b_0003
owlv2,person,full_80,false_negative,p2b_0004
owlv2,person,full_80,false_negative,p2b_0006
owlv2,person,full_80,false_negative,p2b_0009
owlv2,person,full_80,false_negative,p2b_0011
owlv2,person,full_80,false_negative,p2b_0013
owlv2,person,full_80,false_negative,p2b_0015
owlv2,person,full_80,false_negative,p2b_0016
owlv2,person,full_80,false_negative,p2b_0018
owlv2,person,full_80,false_negative,p2b_0019
owlv2,person,full_80,false_negative,p2b_0020
owlv2,person,full_80,false_negative,p2b_0023
owlv2,person,full_80,false_negative,p2b_0024
owlv2,person,full_80,false_negative,p2b_0028
owlv2,person,full_80,false_negative,p2b_0029
owlv2,person,full_80,false_negative,p2b_0034
owlv2,person,full_80,false_negative,p2b_0037
owlv2,person,full_80,false_negative,p2b_0040
owlv2,person,full_80,false_negative,p2b_0041
owlv2,person,full_80,false_negative,p2b_0044
owlv2,person,full_80,false_negative,p2b_0046
owlv2,person,full_80,false_negative,p2b_0049
owlv2,person,full_80,false_negative,p2b_0050
owlv2,person,full_80,false_negative,p2b_0051
owlv2,person,full_80,false_negative,p2b_0052
owlv2,person,full_80,false_negative,p2b_0055
owlv2,person,full_80,false_negative,p2b_0056
owlv2,person,full_80,false_negative,p2b_0057
owlv2,person,full_80,false_negative,p2b_0058
owlv2,person,full_80,false_negative,p2b_0060
owlv2,person,full_80,false_negative,p2b_0061
owlv2,person,full_80,false_negative,p2b_0064
owlv2,person,full_80,false_negative,p2b_0066
owlv2,person,full_80,false_negative,p2b_0067
owlv2,person,full_80,false_negative,p2b_0068
owlv2,person,full_80,false_negative,p2b_0069
owlv2,person,full_80,false_negative,p2b_0070
owlv2,person,full_80,false_negative,p2b_0072
owlv2,person,full_80,false_negative,p2b_0077
owlv2,person,full_80,false_negative,p2b_0079
owlv2,person,dev_eligible_excl_test,false_negative,p2b_0000
owlv2,person,dev_eligible_excl_test,false_negative,p2b_0003
owlv2,person,dev_eligible_excl_test,false_negative,p2b_0004
owlv2,person,dev_eligible_excl_test,false_negative,p2b_0006
owlv2,person,dev_eligible_excl_test,false_negative,p2b_0009
owlv2,person,dev_eligible_excl_test,false_negative,p2b_0011
owlv2,person,dev_eligible_excl_test,false_negative,p2b_0016
owlv2,person,dev_eligible_excl_test,false_negative,p2b_0018
owlv2,person,dev_eligible_excl_test,false_negative,p2b_0019
owlv2,person,dev_eligible_excl_test,false_negative,p2b_0020
owlv2,person,dev_eligible_excl_test,false_negative,p2b_0023
owlv2,person,dev_eligible_excl_test,false_negative,p2b_0024
owlv2,person,dev_eligible_excl_test,false_negative,p2b_0028
owlv2,person,dev_eligible_excl_test,false_negative,p2b_0029
owlv2,person,dev_eligible_excl_test,false_negative,p2b_0034
owlv2,person,dev_eligible_excl_test,false_negative,p2b_0037
owlv2,person,dev_eligible_excl_test,false_negative,p2b_0040
owlv2,person,dev_eligible_excl_test,false_negative,p2b_0041
owlv2,person,dev_eligible_excl_test,false_negative,p2b_0044
owlv2,person,dev_eligible_excl_test,false_negative,p2b_0046
owlv2,person,dev_eligible_excl_test,false_negative,p2b_0049
owlv2,person,dev_eligible_excl_test,false_negative,p2b_0050
owlv2,person,dev_eligible_excl_test,false_negative,p2b_0051
owlv2,person,dev_eligible_excl_test,false_negative,p2b_0052
owlv2,person,dev_eligible_excl_test,false_negative,p2b_0055
owlv2,person,dev_eligible_excl_test,false_negative,p2b_0056
owlv2,person,dev_eligible_excl_test,false_negative,p2b_0058
owlv2,person,dev_eligible_excl_test,false_negative,p2b_0060
owlv2,person,dev_eligible_excl_test,false_negative,p2b_0066
owlv2,person,dev_eligible_excl_test,false_negative,p2b_0067
owlv2,person,dev_eligible_excl_test,false_negative,p2b_0068
owlv2,person,dev_eligible_excl_test,false_negative,p2b_0069
owlv2,person,dev_eligible_excl_test,false_negative,p2b_0070
owlv2,person,dev_eligible_excl_test,false_negative,p2b_0072
owlv2,person,dev_eligible_excl_test,false_negative,p2b_0077
owlv2,person,dev_eligible_excl_test,false_negative,p2b_0079
owlv2,person,locked_test_descriptive_only,false_negative,p2b_0013
owlv2,person,locked_test_descriptive_only,false_negative,p2b_0015
owlv2,person,locked_test_descriptive_only,false_negative,p2b_0057
owlv2,person,locked_test_descriptive_only,false_negative,p2b_0061
owlv2,person,locked_test_descriptive_only,false_negative,p2b_0064
owlv2,face,full_80,false_positive,p2b_0053
owlv2,face,full_80,false_negative,p2b_0000
owlv2,face,full_80,false_negative,p2b_0004
owlv2,face,full_80,false_negative,p2b_0006
owlv2,face,full_80,false_negative,p2b_0007
owlv2,face,full_80,false_negative,p2b_0009
owlv2,face,full_80,false_negative,p2b_0011
owlv2,face,full_80,false_negative,p2b_0013
owlv2,face,full_80,false_negative,p2b_0014
owlv2,face,full_80,false_negative,p2b_0015
owlv2,face,full_80,false_negative,p2b_0016
owlv2,face,full_80,false_negative,p2b_0017
owlv2,face,full_80,false_negative,p2b_0018
owlv2,face,full_80,false_negative,p2b_0019
owlv2,face,full_80,false_negative,p2b_0020
owlv2,face,full_80,false_negative,p2b_0023
owlv2,face,full_80,false_negative,p2b_0025
owlv2,face,full_80,false_negative,p2b_0026
owlv2,face,full_80,false_negative,p2b_0028
owlv2,face,full_80,false_negative,p2b_0029
owlv2,face,full_80,false_negative,p2b_0032
owlv2,face,full_80,false_negative,p2b_0034
owlv2,face,full_80,false_negative,p2b_0035
owlv2,face,full_80,false_negative,p2b_0036
owlv2,face,full_80,false_negative,p2b_0037
owlv2,face,full_80,false_negative,p2b_0038
owlv2,face,full_80,false_negative,p2b_0039
owlv2,face,full_80,false_negative,p2b_0040
owlv2,face,full_80,false_negative,p2b_0041
owlv2,face,full_80,false_negative,p2b_0043
owlv2,face,full_80,false_negative,p2b_0044
owlv2,face,full_80,false_negative,p2b_0046
owlv2,face,full_80,false_negative,p2b_0047
owlv2,face,full_80,false_negative,p2b_0048
owlv2,face,full_80,false_negative,p2b_0054
owlv2,face,full_80,false_negative,p2b_0057
owlv2,face,full_80,false_negative,p2b_0058
owlv2,face,full_80,false_negative,p2b_0059
owlv2,face,full_80,false_negative,p2b_0061
owlv2,face,full_80,false_negative,p2b_0062
owlv2,face,full_80,false_negative,p2b_0063
owlv2,face,full_80,false_negative,p2b_0064
owlv2,face,full_80,false_negative,p2b_0068
owlv2,face,full_80,false_negative,p2b_0073
owlv2,face,full_80,false_negative,p2b_0075
owlv2,face,dev_eligible_excl_test,false_positive,p2b_0053
owlv2,face,dev_eligible_excl_test,false_negative,p2b_0000
owlv2,face,dev_eligible_excl_test,false_negative,p2b_0004
owlv2,face,dev_eligible_excl_test,false_negative,p2b_0006
owlv2,face,dev_eligible_excl_test,false_negative,p2b_0007
owlv2,face,dev_eligible_excl_test,false_negative,p2b_0009
owlv2,face,dev_eligible_excl_test,false_negative,p2b_0011
owlv2,face,dev_eligible_excl_test,false_negative,p2b_0014
owlv2,face,dev_eligible_excl_test,false_negative,p2b_0016
owlv2,face,dev_eligible_excl_test,false_negative,p2b_0017
owlv2,face,dev_eligible_excl_test,false_negative,p2b_0018
owlv2,face,dev_eligible_excl_test,false_negative,p2b_0019
owlv2,face,dev_eligible_excl_test,false_negative,p2b_0020
owlv2,face,dev_eligible_excl_test,false_negative,p2b_0023
owlv2,face,dev_eligible_excl_test,false_negative,p2b_0025
owlv2,face,dev_eligible_excl_test,false_negative,p2b_0026
owlv2,face,dev_eligible_excl_test,false_negative,p2b_0028
owlv2,face,dev_eligible_excl_test,false_negative,p2b_0029
owlv2,face,dev_eligible_excl_test,false_negative,p2b_0032
owlv2,face,dev_eligible_excl_test,false_negative,p2b_0034
owlv2,face,dev_eligible_excl_test,false_negative,p2b_0035
owlv2,face,dev_eligible_excl_test,false_negative,p2b_0036
owlv2,face,dev_eligible_excl_test,false_negative,p2b_0037
owlv2,face,dev_eligible_excl_test,false_negative,p2b_0038
owlv2,face,dev_eligible_excl_test,false_negative,p2b_0039
owlv2,face,dev_eligible_excl_test,false_negative,p2b_0040
owlv2,face,dev_eligible_excl_test,false_negative,p2b_0041
owlv2,face,dev_eligible_excl_test,false_negative,p2b_0043
owlv2,face,dev_eligible_excl_test,false_negative,p2b_0044
owlv2,face,dev_eligible_excl_test,false_negative,p2b_0046
owlv2,face,dev_eligible_excl_test,false_negative,p2b_0047
owlv2,face,dev_eligible_excl_test,false_negative,p2b_0054
owlv2,face,dev_eligible_excl_test,false_negative,p2b_0058
owlv2,face,dev_eligible_excl_test,false_negative,p2b_0059
owlv2,face,dev_eligible_excl_test,false_negative,p2b_0062
owlv2,face,dev_eligible_excl_test,false_negative,p2b_0063
owlv2,face,dev_eligible_excl_test,false_negative,p2b_0068
owlv2,face,dev_eligible_excl_test,false_negative,p2b_0075
owlv2,face,locked_test_descriptive_only,false_negative,p2b_0013
owlv2,face,locked_test_descriptive_only,false_negative,p2b_0015
owlv2,face,locked_test_descriptive_only,false_negative,p2b_0048
owlv2,face,locked_test_descriptive_only,false_negative,p2b_0057
owlv2,face,locked_test_descriptive_only,false_negative,p2b_0061
owlv2,face,locked_test_descriptive_only,false_negative,p2b_0064
owlv2,face,locked_test_descriptive_only,false_negative,p2b_0073
owlv2,hand,full_80,false_positive,p2b_0035
owlv2,hand,full_80,false_positive,p2b_0053
owlv2,hand,full_80,false_negative,p2b_0000
owlv2,hand,full_80,false_negative,p2b_0004
owlv2,hand,full_80,false_negative,p2b_0007
owlv2,hand,full_80,false_negative,p2b_0009
owlv2,hand,full_80,false_negative,p2b_0011
owlv2,hand,full_80,false_negative,p2b_0012
owlv2,hand,full_80,false_negative,p2b_0013
owlv2,hand,full_80,false_negative,p2b_0015
owlv2,hand,full_80,false_negative,p2b_0016
owlv2,hand,full_80,false_negative,p2b_0019
owlv2,hand,full_80,false_negative,p2b_0023
owlv2,hand,full_80,false_negative,p2b_0024
owlv2,hand,full_80,false_negative,p2b_0025
owlv2,hand,full_80,false_negative,p2b_0033
owlv2,hand,full_80,false_negative,p2b_0034
owlv2,hand,full_80,false_negative,p2b_0036
owlv2,hand,full_80,false_negative,p2b_0038
owlv2,hand,full_80,false_negative,p2b_0039
owlv2,hand,full_80,false_negative,p2b_0040
owlv2,hand,full_80,false_negative,p2b_0044
owlv2,hand,full_80,false_negative,p2b_0045
owlv2,hand,full_80,false_negative,p2b_0046
owlv2,hand,full_80,false_negative,p2b_0047
owlv2,hand,full_80,false_negative,p2b_0048
owlv2,hand,full_80,false_negative,p2b_0049
owlv2,hand,full_80,false_negative,p2b_0051
owlv2,hand,full_80,false_negative,p2b_0058
owlv2,hand,full_80,false_negative,p2b_0059
owlv2,hand,full_80,false_negative,p2b_0061
owlv2,hand,full_80,false_negative,p2b_0062
owlv2,hand,full_80,false_negative,p2b_0063
owlv2,hand,full_80,false_negative,p2b_0068
owlv2,hand,full_80,false_negative,p2b_0069
owlv2,hand,full_80,false_negative,p2b_0074
owlv2,hand,dev_eligible_excl_test,false_positive,p2b_0035
owlv2,hand,dev_eligible_excl_test,false_positive,p2b_0053
owlv2,hand,dev_eligible_excl_test,false_negative,p2b_0000
owlv2,hand,dev_eligible_excl_test,false_negative,p2b_0004
owlv2,hand,dev_eligible_excl_test,false_negative,p2b_0007
owlv2,hand,dev_eligible_excl_test,false_negative,p2b_0009
owlv2,hand,dev_eligible_excl_test,false_negative,p2b_0011
owlv2,hand,dev_eligible_excl_test,false_negative,p2b_0012
owlv2,hand,dev_eligible_excl_test,false_negative,p2b_0016
owlv2,hand,dev_eligible_excl_test,false_negative,p2b_0019
owlv2,hand,dev_eligible_excl_test,false_negative,p2b_0023
owlv2,hand,dev_eligible_excl_test,false_negative,p2b_0024
owlv2,hand,dev_eligible_excl_test,false_negative,p2b_0025
owlv2,hand,dev_eligible_excl_test,false_negative,p2b_0033
owlv2,hand,dev_eligible_excl_test,false_negative,p2b_0034
owlv2,hand,dev_eligible_excl_test,false_negative,p2b_0036
owlv2,hand,dev_eligible_excl_test,false_negative,p2b_0038
owlv2,hand,dev_eligible_excl_test,false_negative,p2b_0039
owlv2,hand,dev_eligible_excl_test,false_negative,p2b_0040
owlv2,hand,dev_eligible_excl_test,false_negative,p2b_0044
owlv2,hand,dev_eligible_excl_test,false_negative,p2b_0045
owlv2,hand,dev_eligible_excl_test,false_negative,p2b_0046
owlv2,hand,dev_eligible_excl_test,false_negative,p2b_0047
owlv2,hand,dev_eligible_excl_test,false_negative,p2b_0049
owlv2,hand,dev_eligible_excl_test,false_negative,p2b_0051
owlv2,hand,dev_eligible_excl_test,false_negative,p2b_0058
owlv2,hand,dev_eligible_excl_test,false_negative,p2b_0059
owlv2,hand,dev_eligible_excl_test,false_negative,p2b_0062
owlv2,hand,dev_eligible_excl_test,false_negative,p2b_0063
owlv2,hand,dev_eligible_excl_test,false_negative,p2b_0068
owlv2,hand,dev_eligible_excl_test,false_negative,p2b_0069
owlv2,hand,dev_eligible_excl_test,false_negative,p2b_0074
owlv2,hand,locked_test_descriptive_only,false_negative,p2b_0013
owlv2,hand,locked_test_descriptive_only,false_negative,p2b_0015
owlv2,hand,locked_test_descriptive_only,false_negative,p2b_0048
owlv2,hand,locked_test_descriptive_only,false_negative,p2b_0061
owlv2,animal,full_80,false_positive,p2b_0004
owlv2,animal,full_80,false_positive,p2b_0032
owlv2,animal,full_80,false_positive,p2b_0066
owlv2,animal,full_80,false_positive,p2b_0076
owlv2,animal,full_80,false_negative,p2b_0005
owlv2,animal,full_80,false_negative,p2b_0007
owlv2,animal,full_80,false_negative,p2b_0013
owlv2,animal,full_80,false_negative,p2b_0014
owlv2,animal,full_80,false_negative,p2b_0017
owlv2,animal,full_80,false_negative,p2b_0021
owlv2,animal,full_80,false_negative,p2b_0033
owlv2,animal,full_80,false_negative,p2b_0038
owlv2,animal,full_80,false_negative,p2b_0048
owlv2,animal,full_80,false_negative,p2b_0062
owlv2,animal,full_80,false_negative,p2b_0068
owlv2,animal,full_80,false_negative,p2b_0079
owlv2,animal,dev_eligible_excl_test,false_positive,p2b_0004
owlv2,animal,dev_eligible_excl_test,false_positive,p2b_0032
owlv2,animal,dev_eligible_excl_test,false_positive,p2b_0066
owlv2,animal,dev_eligible_excl_test,false_positive,p2b_0076
owlv2,animal,dev_eligible_excl_test,false_negative,p2b_0005
owlv2,animal,dev_eligible_excl_test,false_negative,p2b_0007
owlv2,animal,dev_eligible_excl_test,false_negative,p2b_0014
owlv2,animal,dev_eligible_excl_test,false_negative,p2b_0017
owlv2,animal,dev_eligible_excl_test,false_negative,p2b_0021
owlv2,animal,dev_eligible_excl_test,false_negative,p2b_0033
owlv2,animal,dev_eligible_excl_test,false_negative,p2b_0038
owlv2,animal,dev_eligible_excl_test,false_negative,p2b_0062
owlv2,animal,dev_eligible_excl_test,false_negative,p2b_0068
owlv2,animal,dev_eligible_excl_test,false_negative,p2b_0079
owlv2,animal,locked_test_descriptive_only,false_negative,p2b_0013
owlv2,animal,locked_test_descriptive_only,false_negative,p2b_0048
owlv2,house,full_80,false_negative,p2b_0001
owlv2,house,full_80,false_negative,p2b_0011
owlv2,house,full_80,false_negative,p2b_0016
owlv2,house,full_80,false_negative,p2b_0017
owlv2,house,dev_eligible_excl_test,false_negative,p2b_0001
owlv2,house,dev_eligible_excl_test,false_negative,p2b_0011
owlv2,house,dev_eligible_excl_test,false_negative,p2b_0016
owlv2,house,dev_eligible_excl_test,false_negative,p2b_0017
owlv2,tree,full_80,false_negative,p2b_0002
owlv2,tree,full_80,false_negative,p2b_0022
owlv2,tree,full_80,false_negative,p2b_0030
owlv2,tree,full_80,false_negative,p2b_0042
owlv2,tree,full_80,false_negative,p2b_0044
owlv2,tree,full_80,false_negative,p2b_0064
owlv2,tree,full_80,false_negative,p2b_0066
owlv2,tree,full_80,false_negative,p2b_0068
owlv2,tree,dev_eligible_excl_test,false_negative,p2b_0002
owlv2,tree,dev_eligible_excl_test,false_negative,p2b_0022
owlv2,tree,dev_eligible_excl_test,false_negative,p2b_0030
owlv2,tree,dev_eligible_excl_test,false_negative,p2b_0042
owlv2,tree,dev_eligible_excl_test,false_negative,p2b_0044
owlv2,tree,dev_eligible_excl_test,false_negative,p2b_0066
owlv2,tree,dev_eligible_excl_test,false_negative,p2b_0068
owlv2,tree,locked_test_descriptive_only,false_negative,p2b_0064
owlv2,heart,full_80,false_positive,p2b_0007
owlv2,heart,full_80,false_positive,p2b_0015
owlv2,heart,full_80,false_positive,p2b_0025
owlv2,heart,full_80,false_positive,p2b_0029
owlv2,heart,full_80,false_positive,p2b_0032
owlv2,heart,full_80,false_positive,p2b_0034
owlv2,heart,full_80,false_positive,p2b_0051
owlv2,heart,full_80,false_positive,p2b_0073
owlv2,heart,dev_eligible_excl_test,false_positive,p2b_0007
owlv2,heart,dev_eligible_excl_test,false_positive,p2b_0025
owlv2,heart,dev_eligible_excl_test,false_positive,p2b_0029
owlv2,heart,dev_eligible_excl_test,false_positive,p2b_0032
owlv2,heart,dev_eligible_excl_test,false_positive,p2b_0034
owlv2,heart,dev_eligible_excl_test,false_positive,p2b_0051
owlv2,heart,locked_test_descriptive_only,false_positive,p2b_0015
owlv2,heart,locked_test_descriptive_only,false_positive,p2b_0073
owlv2,star,full_80,false_positive,p2b_0007
owlv2,star,full_80,false_positive,p2b_0008
owlv2,star,full_80,false_positive,p2b_0021
owlv2,star,full_80,false_positive,p2b_0031
owlv2,star,full_80,false_positive,p2b_0047
owlv2,star,full_80,false_positive,p2b_0057
owlv2,star,full_80,false_positive,p2b_0072
owlv2,star,full_80,false_positive,p2b_0078
owlv2,star,full_80,false_negative,p2b_0010
owlv2,star,full_80,false_negative,p2b_0019
owlv2,star,full_80,false_negative,p2b_0040
owlv2,star,full_80,false_negative,p2b_0053
owlv2,star,dev_eligible_excl_test,false_positive,p2b_0007
owlv2,star,dev_eligible_excl_test,false_positive,p2b_0008
owlv2,star,dev_eligible_excl_test,false_positive,p2b_0021
owlv2,star,dev_eligible_excl_test,false_positive,p2b_0031
owlv2,star,dev_eligible_excl_test,false_positive,p2b_0047
owlv2,star,dev_eligible_excl_test,false_positive,p2b_0072
owlv2,star,dev_eligible_excl_test,false_positive,p2b_0078
owlv2,star,dev_eligible_excl_test,false_negative,p2b_0010
owlv2,star,dev_eligible_excl_test,false_negative,p2b_0019
owlv2,star,dev_eligible_excl_test,false_negative,p2b_0040
owlv2,star,dev_eligible_excl_test,false_negative,p2b_0053
owlv2,star,locked_test_descriptive_only,false_positive,p2b_0057
owlv2,circle,full_80,false_positive,p2b_0000
owlv2,circle,full_80,false_positive,p2b_0009
owlv2,circle,full_80,false_positive,p2b_0019
owlv2,circle,full_80,false_positive,p2b_0020
owlv2,circle,full_80,false_positive,p2b_0023
owlv2,circle,full_80,false_positive,p2b_0026
owlv2,circle,full_80,false_positive,p2b_0035
owlv2,circle,full_80,false_positive,p2b_0039
owlv2,circle,full_80,false_positive,p2b_0051
owlv2,circle,full_80,false_positive,p2b_0053
owlv2,circle,full_80,false_positive,p2b_0059
owlv2,circle,full_80,false_positive,p2b_0060
owlv2,circle,full_80,false_positive,p2b_0062
owlv2,circle,full_80,false_positive,p2b_0066
owlv2,circle,full_80,false_positive,p2b_0068
owlv2,circle,full_80,false_negative,p2b_0003
owlv2,circle,full_80,false_negative,p2b_0010
owlv2,circle,full_80,false_negative,p2b_0016
owlv2,circle,full_80,false_negative,p2b_0063
owlv2,circle,dev_eligible_excl_test,false_positive,p2b_0000
owlv2,circle,dev_eligible_excl_test,false_positive,p2b_0009
owlv2,circle,dev_eligible_excl_test,false_positive,p2b_0019
owlv2,circle,dev_eligible_excl_test,false_positive,p2b_0020
owlv2,circle,dev_eligible_excl_test,false_positive,p2b_0023
owlv2,circle,dev_eligible_excl_test,false_positive,p2b_0026
owlv2,circle,dev_eligible_excl_test,false_positive,p2b_0035
owlv2,circle,dev_eligible_excl_test,false_positive,p2b_0039
owlv2,circle,dev_eligible_excl_test,false_positive,p2b_0051
owlv2,circle,dev_eligible_excl_test,false_positive,p2b_0053
owlv2,circle,dev_eligible_excl_test,false_positive,p2b_0059
owlv2,circle,dev_eligible_excl_test,false_positive,p2b_0060
owlv2,circle,dev_eligible_excl_test,false_positive,p2b_0062
owlv2,circle,dev_eligible_excl_test,false_positive,p2b_0066
owlv2,circle,dev_eligible_excl_test,false_positive,p2b_0068
owlv2,circle,dev_eligible_excl_test,false_negative,p2b_0003
owlv2,circle,dev_eligible_excl_test,false_negative,p2b_0010
owlv2,circle,dev_eligible_excl_test,false_negative,p2b_0016
owlv2,circle,dev_eligible_excl_test,false_negative,p2b_0063
owlv2,vehicle,full_80,false_negative,p2b_0034
owlv2,vehicle,full_80,false_negative,p2b_0057
owlv2,vehicle,full_80,false_negative,p2b_0066
owlv2,vehicle,full_80,false_negative,p2b_0073
owlv2,vehicle,full_80,false_negative,p2b_0079
owlv2,vehicle,dev_eligible_excl_test,false_negative,p2b_0034
owlv2,vehicle,dev_eligible_excl_test,false_negative,p2b_0066
owlv2,vehicle,dev_eligible_excl_test,false_negative,p2b_0079
owlv2,vehicle,locked_test_descriptive_only,false_negative,p2b_0057
owlv2,vehicle,locked_test_descriptive_only,false_negative,p2b_0073
grounding_dino,person,full_80,false_positive,p2b_0002
grounding_dino,person,full_80,false_positive,p2b_0012
grounding_dino,person,full_80,false_positive,p2b_0032
grounding_dino,person,full_80,false_positive,p2b_0035
grounding_dino,person,full_80,false_positive,p2b_0062
grounding_dino,person,full_80,false_positive,p2b_0071
grounding_dino,person,full_80,false_positive,p2b_0075
grounding_dino,person,full_80,false_positive,p2b_0076
grounding_dino,person,full_80,false_negative,p2b_0006
grounding_dino,person,full_80,false_negative,p2b_0009
grounding_dino,person,full_80,false_negative,p2b_0016
grounding_dino,person,full_80,false_negative,p2b_0020
grounding_dino,person,full_80,false_negative,p2b_0023
grounding_dino,person,full_80,false_negative,p2b_0029
grounding_dino,person,full_80,false_negative,p2b_0037
grounding_dino,person,full_80,false_negative,p2b_0058
grounding_dino,person,full_80,false_negative,p2b_0060
grounding_dino,person,full_80,false_negative,p2b_0061
grounding_dino,person,full_80,false_negative,p2b_0069
grounding_dino,person,dev_eligible_excl_test,false_positive,p2b_0002
grounding_dino,person,dev_eligible_excl_test,false_positive,p2b_0012
grounding_dino,person,dev_eligible_excl_test,false_positive,p2b_0032
grounding_dino,person,dev_eligible_excl_test,false_positive,p2b_0035
grounding_dino,person,dev_eligible_excl_test,false_positive,p2b_0062
grounding_dino,person,dev_eligible_excl_test,false_positive,p2b_0071
grounding_dino,person,dev_eligible_excl_test,false_positive,p2b_0075
grounding_dino,person,dev_eligible_excl_test,false_positive,p2b_0076
grounding_dino,person,dev_eligible_excl_test,false_negative,p2b_0006
grounding_dino,person,dev_eligible_excl_test,false_negative,p2b_0009
grounding_dino,person,dev_eligible_excl_test,false_negative,p2b_0016
grounding_dino,person,dev_eligible_excl_test,false_negative,p2b_0020
grounding_dino,person,dev_eligible_excl_test,false_negative,p2b_0023
grounding_dino,person,dev_eligible_excl_test,false_negative,p2b_0029
grounding_dino,person,dev_eligible_excl_test,false_negative,p2b_0037
grounding_dino,person,dev_eligible_excl_test,false_negative,p2b_0058
grounding_dino,person,dev_eligible_excl_test,false_negative,p2b_0060
grounding_dino,person,dev_eligible_excl_test,false_negative,p2b_0069
grounding_dino,person,locked_test_descriptive_only,false_negative,p2b_0061
grounding_dino,face,full_80,false_positive,p2b_0053
grounding_dino,face,full_80,false_negative,p2b_0004
grounding_dino,face,full_80,false_negative,p2b_0006
grounding_dino,face,full_80,false_negative,p2b_0011
grounding_dino,face,full_80,false_negative,p2b_0012
grounding_dino,face,full_80,false_negative,p2b_0014
grounding_dino,face,full_80,false_negative,p2b_0015
grounding_dino,face,full_80,false_negative,p2b_0017
grounding_dino,face,full_80,false_negative,p2b_0020
grounding_dino,face,full_80,false_negative,p2b_0023
grounding_dino,face,full_80,false_negative,p2b_0026
grounding_dino,face,full_80,false_negative,p2b_0034
grounding_dino,face,full_80,false_negative,p2b_0036
grounding_dino,face,full_80,false_negative,p2b_0037
grounding_dino,face,full_80,false_negative,p2b_0038
grounding_dino,face,full_80,false_negative,p2b_0040
grounding_dino,face,full_80,false_negative,p2b_0044
grounding_dino,face,full_80,false_negative,p2b_0054
grounding_dino,face,full_80,false_negative,p2b_0062
grounding_dino,face,full_80,false_negative,p2b_0075
grounding_dino,face,full_80,false_negative,p2b_0078
grounding_dino,face,dev_eligible_excl_test,false_positive,p2b_0053
grounding_dino,face,dev_eligible_excl_test,false_negative,p2b_0004
grounding_dino,face,dev_eligible_excl_test,false_negative,p2b_0006
grounding_dino,face,dev_eligible_excl_test,false_negative,p2b_0011
grounding_dino,face,dev_eligible_excl_test,false_negative,p2b_0012
grounding_dino,face,dev_eligible_excl_test,false_negative,p2b_0014
grounding_dino,face,dev_eligible_excl_test,false_negative,p2b_0017
grounding_dino,face,dev_eligible_excl_test,false_negative,p2b_0020
grounding_dino,face,dev_eligible_excl_test,false_negative,p2b_0023
grounding_dino,face,dev_eligible_excl_test,false_negative,p2b_0026
grounding_dino,face,dev_eligible_excl_test,false_negative,p2b_0034
grounding_dino,face,dev_eligible_excl_test,false_negative,p2b_0036
grounding_dino,face,dev_eligible_excl_test,false_negative,p2b_0037
grounding_dino,face,dev_eligible_excl_test,false_negative,p2b_0038
grounding_dino,face,dev_eligible_excl_test,false_negative,p2b_0040
grounding_dino,face,dev_eligible_excl_test,false_negative,p2b_0044
grounding_dino,face,dev_eligible_excl_test,false_negative,p2b_0054
grounding_dino,face,dev_eligible_excl_test,false_negative,p2b_0062
grounding_dino,face,dev_eligible_excl_test,false_negative,p2b_0075
grounding_dino,face,dev_eligible_excl_test,false_negative,p2b_0078
grounding_dino,face,locked_test_descriptive_only,false_negative,p2b_0015
grounding_dino,hand,full_80,false_positive,p2b_0035
grounding_dino,hand,full_80,false_negative,p2b_0000
grounding_dino,hand,full_80,false_negative,p2b_0004
grounding_dino,hand,full_80,false_negative,p2b_0009
grounding_dino,hand,full_80,false_negative,p2b_0011
grounding_dino,hand,full_80,false_negative,p2b_0012
grounding_dino,hand,full_80,false_negative,p2b_0013
grounding_dino,hand,full_80,false_negative,p2b_0016
grounding_dino,hand,full_80,false_negative,p2b_0019
grounding_dino,hand,full_80,false_negative,p2b_0023
grounding_dino,hand,full_80,false_negative,p2b_0024
grounding_dino,hand,full_80,false_negative,p2b_0025
grounding_dino,hand,full_80,false_negative,p2b_0033
grounding_dino,hand,full_80,false_negative,p2b_0034
grounding_dino,hand,full_80,false_negative,p2b_0036
grounding_dino,hand,full_80,false_negative,p2b_0038
grounding_dino,hand,full_80,false_negative,p2b_0039
grounding_dino,hand,full_80,false_negative,p2b_0040
grounding_dino,hand,full_80,false_negative,p2b_0044
grounding_dino,hand,full_80,false_negative,p2b_0046
grounding_dino,hand,full_80,false_negative,p2b_0049
grounding_dino,hand,full_80,false_negative,p2b_0051
grounding_dino,hand,full_80,false_negative,p2b_0058
grounding_dino,hand,full_80,false_negative,p2b_0059
grounding_dino,hand,full_80,false_negative,p2b_0061
grounding_dino,hand,full_80,false_negative,p2b_0062
grounding_dino,hand,full_80,false_negative,p2b_0063
grounding_dino,hand,full_80,false_negative,p2b_0065
grounding_dino,hand,full_80,false_negative,p2b_0068
grounding_dino,hand,full_80,false_negative,p2b_0069
grounding_dino,hand,full_80,false_negative,p2b_0074
grounding_dino,hand,dev_eligible_excl_test,false_positive,p2b_0035
grounding_dino,hand,dev_eligible_excl_test,false_negative,p2b_0000
grounding_dino,hand,dev_eligible_excl_test,false_negative,p2b_0004
grounding_dino,hand,dev_eligible_excl_test,false_negative,p2b_0009
grounding_dino,hand,dev_eligible_excl_test,false_negative,p2b_0011
grounding_dino,hand,dev_eligible_excl_test,false_negative,p2b_0012
grounding_dino,hand,dev_eligible_excl_test,false_negative,p2b_0016
grounding_dino,hand,dev_eligible_excl_test,false_negative,p2b_0019
grounding_dino,hand,dev_eligible_excl_test,false_negative,p2b_0023
grounding_dino,hand,dev_eligible_excl_test,false_negative,p2b_0024
grounding_dino,hand,dev_eligible_excl_test,false_negative,p2b_0025
grounding_dino,hand,dev_eligible_excl_test,false_negative,p2b_0033
grounding_dino,hand,dev_eligible_excl_test,false_negative,p2b_0034
grounding_dino,hand,dev_eligible_excl_test,false_negative,p2b_0036
grounding_dino,hand,dev_eligible_excl_test,false_negative,p2b_0038
grounding_dino,hand,dev_eligible_excl_test,false_negative,p2b_0039
grounding_dino,hand,dev_eligible_excl_test,false_negative,p2b_0040
grounding_dino,hand,dev_eligible_excl_test,false_negative,p2b_0044
grounding_dino,hand,dev_eligible_excl_test,false_negative,p2b_0046
grounding_dino,hand,dev_eligible_excl_test,false_negative,p2b_0049
grounding_dino,hand,dev_eligible_excl_test,false_negative,p2b_0051
grounding_dino,hand,dev_eligible_excl_test,false_negative,p2b_0058
grounding_dino,hand,dev_eligible_excl_test,false_negative,p2b_0059
grounding_dino,hand,dev_eligible_excl_test,false_negative,p2b_0062
grounding_dino,hand,dev_eligible_excl_test,false_negative,p2b_0063
grounding_dino,hand,dev_eligible_excl_test,false_negative,p2b_0065
grounding_dino,hand,dev_eligible_excl_test,false_negative,p2b_0068
grounding_dino,hand,dev_eligible_excl_test,false_negative,p2b_0069
grounding_dino,hand,dev_eligible_excl_test,false_negative,p2b_0074
grounding_dino,hand,locked_test_descriptive_only,false_negative,p2b_0013
grounding_dino,hand,locked_test_descriptive_only,false_negative,p2b_0061
grounding_dino,animal,full_80,false_positive,p2b_0000
grounding_dino,animal,full_80,false_positive,p2b_0001
grounding_dino,animal,full_80,false_positive,p2b_0002
grounding_dino,animal,full_80,false_positive,p2b_0004
grounding_dino,animal,full_80,false_positive,p2b_0009
grounding_dino,animal,full_80,false_positive,p2b_0010
grounding_dino,animal,full_80,false_positive,p2b_0011
grounding_dino,animal,full_80,false_positive,p2b_0018
grounding_dino,animal,full_80,false_positive,p2b_0019
grounding_dino,animal,full_80,false_positive,p2b_0020
grounding_dino,animal,full_80,false_positive,p2b_0023
grounding_dino,animal,full_80,false_positive,p2b_0024
grounding_dino,animal,full_80,false_positive,p2b_0028
grounding_dino,animal,full_80,false_positive,p2b_0029
grounding_dino,animal,full_80,false_positive,p2b_0030
grounding_dino,animal,full_80,false_positive,p2b_0032
grounding_dino,animal,full_80,false_positive,p2b_0034
grounding_dino,animal,full_80,false_positive,p2b_0035
grounding_dino,animal,full_80,false_positive,p2b_0040
grounding_dino,animal,full_80,false_positive,p2b_0041
grounding_dino,animal,full_80,false_positive,p2b_0042
grounding_dino,animal,full_80,false_positive,p2b_0046
grounding_dino,animal,full_80,false_positive,p2b_0047
grounding_dino,animal,full_80,false_positive,p2b_0049
grounding_dino,animal,full_80,false_positive,p2b_0051
grounding_dino,animal,full_80,false_positive,p2b_0052
grounding_dino,animal,full_80,false_positive,p2b_0056
grounding_dino,animal,full_80,false_positive,p2b_0057
grounding_dino,animal,full_80,false_positive,p2b_0059
grounding_dino,animal,full_80,false_positive,p2b_0060
grounding_dino,animal,full_80,false_positive,p2b_0064
grounding_dino,animal,full_80,false_positive,p2b_0070
grounding_dino,animal,full_80,false_positive,p2b_0072
grounding_dino,animal,full_80,false_positive,p2b_0077
grounding_dino,animal,full_80,false_positive,p2b_0078
grounding_dino,animal,full_80,false_negative,p2b_0007
grounding_dino,animal,full_80,false_negative,p2b_0068
grounding_dino,animal,dev_eligible_excl_test,false_positive,p2b_0000
grounding_dino,animal,dev_eligible_excl_test,false_positive,p2b_0001
grounding_dino,animal,dev_eligible_excl_test,false_positive,p2b_0002
grounding_dino,animal,dev_eligible_excl_test,false_positive,p2b_0004
grounding_dino,animal,dev_eligible_excl_test,false_positive,p2b_0009
grounding_dino,animal,dev_eligible_excl_test,false_positive,p2b_0010
grounding_dino,animal,dev_eligible_excl_test,false_positive,p2b_0011
grounding_dino,animal,dev_eligible_excl_test,false_positive,p2b_0018
grounding_dino,animal,dev_eligible_excl_test,false_positive,p2b_0019
grounding_dino,animal,dev_eligible_excl_test,false_positive,p2b_0020
grounding_dino,animal,dev_eligible_excl_test,false_positive,p2b_0023
grounding_dino,animal,dev_eligible_excl_test,false_positive,p2b_0024
grounding_dino,animal,dev_eligible_excl_test,false_positive,p2b_0028
grounding_dino,animal,dev_eligible_excl_test,false_positive,p2b_0029
grounding_dino,animal,dev_eligible_excl_test,false_positive,p2b_0030
grounding_dino,animal,dev_eligible_excl_test,false_positive,p2b_0032
grounding_dino,animal,dev_eligible_excl_test,false_positive,p2b_0034
grounding_dino,animal,dev_eligible_excl_test,false_positive,p2b_0035
grounding_dino,animal,dev_eligible_excl_test,false_positive,p2b_0040
grounding_dino,animal,dev_eligible_excl_test,false_positive,p2b_0041
grounding_dino,animal,dev_eligible_excl_test,false_positive,p2b_0042
grounding_dino,animal,dev_eligible_excl_test,false_positive,p2b_0046
grounding_dino,animal,dev_eligible_excl_test,false_positive,p2b_0047
grounding_dino,animal,dev_eligible_excl_test,false_positive,p2b_0049
grounding_dino,animal,dev_eligible_excl_test,false_positive,p2b_0051
grounding_dino,animal,dev_eligible_excl_test,false_positive,p2b_0052
grounding_dino,animal,dev_eligible_excl_test,false_positive,p2b_0056
grounding_dino,animal,dev_eligible_excl_test,false_positive,p2b_0059
grounding_dino,animal,dev_eligible_excl_test,false_positive,p2b_0060
grounding_dino,animal,dev_eligible_excl_test,false_positive,p2b_0070
grounding_dino,animal,dev_eligible_excl_test,false_positive,p2b_0072
grounding_dino,animal,dev_eligible_excl_test,false_positive,p2b_0077
grounding_dino,animal,dev_eligible_excl_test,false_positive,p2b_0078
grounding_dino,animal,dev_eligible_excl_test,false_negative,p2b_0007
grounding_dino,animal,dev_eligible_excl_test,false_negative,p2b_0068
grounding_dino,animal,locked_test_descriptive_only,false_positive,p2b_0057
grounding_dino,animal,locked_test_descriptive_only,false_positive,p2b_0064
grounding_dino,house,full_80,false_positive,p2b_0000
grounding_dino,house,full_80,false_positive,p2b_0003
grounding_dino,house,full_80,false_positive,p2b_0005
grounding_dino,house,full_80,false_positive,p2b_0006
grounding_dino,house,full_80,false_positive,p2b_0008
grounding_dino,house,full_80,false_positive,p2b_0009
grounding_dino,house,full_80,false_positive,p2b_0012
grounding_dino,house,full_80,false_positive,p2b_0013
grounding_dino,house,full_80,false_positive,p2b_0014
grounding_dino,house,full_80,false_positive,p2b_0015
grounding_dino,house,full_80,false_positive,p2b_0022
grounding_dino,house,full_80,false_positive,p2b_0023
grounding_dino,house,full_80,false_positive,p2b_0024
grounding_dino,house,full_80,false_positive,p2b_0030
grounding_dino,house,full_80,false_positive,p2b_0032
grounding_dino,house,full_80,false_positive,p2b_0035
grounding_dino,house,full_80,false_positive,p2b_0036
grounding_dino,house,full_80,false_positive,p2b_0037
grounding_dino,house,full_80,false_positive,p2b_0039
grounding_dino,house,full_80,false_positive,p2b_0040
grounding_dino,house,full_80,false_positive,p2b_0041
grounding_dino,house,full_80,false_positive,p2b_0045
grounding_dino,house,full_80,false_positive,p2b_0047
grounding_dino,house,full_80,false_positive,p2b_0049
grounding_dino,house,full_80,false_positive,p2b_0050
grounding_dino,house,full_80,false_positive,p2b_0059
grounding_dino,house,full_80,false_positive,p2b_0061
grounding_dino,house,full_80,false_positive,p2b_0062
grounding_dino,house,full_80,false_positive,p2b_0064
grounding_dino,house,full_80,false_positive,p2b_0069
grounding_dino,house,full_80,false_positive,p2b_0070
grounding_dino,house,full_80,false_positive,p2b_0075
grounding_dino,house,full_80,false_positive,p2b_0076
grounding_dino,house,full_80,false_positive,p2b_0077
grounding_dino,house,full_80,false_positive,p2b_0079
grounding_dino,house,full_80,false_negative,p2b_0011
grounding_dino,house,full_80,false_negative,p2b_0016
grounding_dino,house,full_80,false_negative,p2b_0044
grounding_dino,house,dev_eligible_excl_test,false_positive,p2b_0000
grounding_dino,house,dev_eligible_excl_test,false_positive,p2b_0003
grounding_dino,house,dev_eligible_excl_test,false_positive,p2b_0005
grounding_dino,house,dev_eligible_excl_test,false_positive,p2b_0006
grounding_dino,house,dev_eligible_excl_test,false_positive,p2b_0008
grounding_dino,house,dev_eligible_excl_test,false_positive,p2b_0009
grounding_dino,house,dev_eligible_excl_test,false_positive,p2b_0012
grounding_dino,house,dev_eligible_excl_test,false_positive,p2b_0014
grounding_dino,house,dev_eligible_excl_test,false_positive,p2b_0022
grounding_dino,house,dev_eligible_excl_test,false_positive,p2b_0023
grounding_dino,house,dev_eligible_excl_test,false_positive,p2b_0024
grounding_dino,house,dev_eligible_excl_test,false_positive,p2b_0030
grounding_dino,house,dev_eligible_excl_test,false_positive,p2b_0032
grounding_dino,house,dev_eligible_excl_test,false_positive,p2b_0035
grounding_dino,house,dev_eligible_excl_test,false_positive,p2b_0036
grounding_dino,house,dev_eligible_excl_test,false_positive,p2b_0037
grounding_dino,house,dev_eligible_excl_test,false_positive,p2b_0039
grounding_dino,house,dev_eligible_excl_test,false_positive,p2b_0040
grounding_dino,house,dev_eligible_excl_test,false_positive,p2b_0041
grounding_dino,house,dev_eligible_excl_test,false_positive,p2b_0045
grounding_dino,house,dev_eligible_excl_test,false_positive,p2b_0047
grounding_dino,house,dev_eligible_excl_test,false_positive,p2b_0049
grounding_dino,house,dev_eligible_excl_test,false_positive,p2b_0050
grounding_dino,house,dev_eligible_excl_test,false_positive,p2b_0059
grounding_dino,house,dev_eligible_excl_test,false_positive,p2b_0062
grounding_dino,house,dev_eligible_excl_test,false_positive,p2b_0069
grounding_dino,house,dev_eligible_excl_test,false_positive,p2b_0070
grounding_dino,house,dev_eligible_excl_test,false_positive,p2b_0075
grounding_dino,house,dev_eligible_excl_test,false_positive,p2b_0076
grounding_dino,house,dev_eligible_excl_test,false_positive,p2b_0077
grounding_dino,house,dev_eligible_excl_test,false_positive,p2b_0079
grounding_dino,house,dev_eligible_excl_test,false_negative,p2b_0011
grounding_dino,house,dev_eligible_excl_test,false_negative,p2b_0016
grounding_dino,house,dev_eligible_excl_test,false_negative,p2b_0044
grounding_dino,house,locked_test_descriptive_only,false_positive,p2b_0013
grounding_dino,house,locked_test_descriptive_only,false_positive,p2b_0015
grounding_dino,house,locked_test_descriptive_only,false_positive,p2b_0061
grounding_dino,house,locked_test_descriptive_only,false_positive,p2b_0064
grounding_dino,tree,full_80,false_positive,p2b_0000
grounding_dino,tree,full_80,false_positive,p2b_0004
grounding_dino,tree,full_80,false_positive,p2b_0006
grounding_dino,tree,full_80,false_positive,p2b_0008
grounding_dino,tree,full_80,false_positive,p2b_0009
grounding_dino,tree,full_80,false_positive,p2b_0010
grounding_dino,tree,full_80,false_positive,p2b_0011
grounding_dino,tree,full_80,false_positive,p2b_0012
grounding_dino,tree,full_80,false_positive,p2b_0014
grounding_dino,tree,full_80,false_positive,p2b_0016
grounding_dino,tree,full_80,false_positive,p2b_0018
grounding_dino,tree,full_80,false_positive,p2b_0019
grounding_dino,tree,full_80,false_positive,p2b_0020
grounding_dino,tree,full_80,false_positive,p2b_0024
grounding_dino,tree,full_80,false_positive,p2b_0027
grounding_dino,tree,full_80,false_positive,p2b_0028
grounding_dino,tree,full_80,false_positive,p2b_0029
grounding_dino,tree,full_80,false_positive,p2b_0032
grounding_dino,tree,full_80,false_positive,p2b_0033
grounding_dino,tree,full_80,false_positive,p2b_0034
grounding_dino,tree,full_80,false_positive,p2b_0036
grounding_dino,tree,full_80,false_positive,p2b_0037
grounding_dino,tree,full_80,false_positive,p2b_0040
grounding_dino,tree,full_80,false_positive,p2b_0041
grounding_dino,tree,full_80,false_positive,p2b_0043
grounding_dino,tree,full_80,false_positive,p2b_0049
grounding_dino,tree,full_80,false_positive,p2b_0050
grounding_dino,tree,full_80,false_positive,p2b_0051
grounding_dino,tree,full_80,false_positive,p2b_0052
grounding_dino,tree,full_80,false_positive,p2b_0054
grounding_dino,tree,full_80,false_positive,p2b_0055
grounding_dino,tree,full_80,false_positive,p2b_0057
grounding_dino,tree,full_80,false_positive,p2b_0058
grounding_dino,tree,full_80,false_positive,p2b_0059
grounding_dino,tree,full_80,false_positive,p2b_0060
grounding_dino,tree,full_80,false_positive,p2b_0061
grounding_dino,tree,full_80,false_positive,p2b_0067
grounding_dino,tree,full_80,false_positive,p2b_0069
grounding_dino,tree,full_80,false_positive,p2b_0070
grounding_dino,tree,full_80,false_positive,p2b_0071
grounding_dino,tree,full_80,false_positive,p2b_0075
grounding_dino,tree,full_80,false_positive,p2b_0076
grounding_dino,tree,full_80,false_positive,p2b_0077
grounding_dino,tree,full_80,false_positive,p2b_0078
grounding_dino,tree,full_80,false_positive,p2b_0079
grounding_dino,tree,full_80,false_negative,p2b_0064
grounding_dino,tree,dev_eligible_excl_test,false_positive,p2b_0000
grounding_dino,tree,dev_eligible_excl_test,false_positive,p2b_0004
grounding_dino,tree,dev_eligible_excl_test,false_positive,p2b_0006
grounding_dino,tree,dev_eligible_excl_test,false_positive,p2b_0008
grounding_dino,tree,dev_eligible_excl_test,false_positive,p2b_0009
grounding_dino,tree,dev_eligible_excl_test,false_positive,p2b_0010
grounding_dino,tree,dev_eligible_excl_test,false_positive,p2b_0011
grounding_dino,tree,dev_eligible_excl_test,false_positive,p2b_0012
grounding_dino,tree,dev_eligible_excl_test,false_positive,p2b_0014
grounding_dino,tree,dev_eligible_excl_test,false_positive,p2b_0016
grounding_dino,tree,dev_eligible_excl_test,false_positive,p2b_0018
grounding_dino,tree,dev_eligible_excl_test,false_positive,p2b_0019
grounding_dino,tree,dev_eligible_excl_test,false_positive,p2b_0020
grounding_dino,tree,dev_eligible_excl_test,false_positive,p2b_0024
grounding_dino,tree,dev_eligible_excl_test,false_positive,p2b_0027
grounding_dino,tree,dev_eligible_excl_test,false_positive,p2b_0028
grounding_dino,tree,dev_eligible_excl_test,false_positive,p2b_0029
grounding_dino,tree,dev_eligible_excl_test,false_positive,p2b_0032
grounding_dino,tree,dev_eligible_excl_test,false_positive,p2b_0033
grounding_dino,tree,dev_eligible_excl_test,false_positive,p2b_0034
grounding_dino,tree,dev_eligible_excl_test,false_positive,p2b_0036
grounding_dino,tree,dev_eligible_excl_test,false_positive,p2b_0037
grounding_dino,tree,dev_eligible_excl_test,false_positive,p2b_0040
grounding_dino,tree,dev_eligible_excl_test,false_positive,p2b_0041
grounding_dino,tree,dev_eligible_excl_test,false_positive,p2b_0043
grounding_dino,tree,dev_eligible_excl_test,false_positive,p2b_0049
grounding_dino,tree,dev_eligible_excl_test,false_positive,p2b_0050
grounding_dino,tree,dev_eligible_excl_test,false_positive,p2b_0051
grounding_dino,tree,dev_eligible_excl_test,false_positive,p2b_0052
grounding_dino,tree,dev_eligible_excl_test,false_positive,p2b_0054
grounding_dino,tree,dev_eligible_excl_test,false_positive,p2b_0055
grounding_dino,tree,dev_eligible_excl_test,false_positive,p2b_0058
grounding_dino,tree,dev_eligible_excl_test,false_positive,p2b_0059
grounding_dino,tree,dev_eligible_excl_test,false_positive,p2b_0060
grounding_dino,tree,dev_eligible_excl_test,false_positive,p2b_0067
grounding_dino,tree,dev_eligible_excl_test,false_positive,p2b_0069
grounding_dino,tree,dev_eligible_excl_test,false_positive,p2b_0070
grounding_dino,tree,dev_eligible_excl_test,false_positive,p2b_0071
grounding_dino,tree,dev_eligible_excl_test,false_positive,p2b_0075
grounding_dino,tree,dev_eligible_excl_test,false_positive,p2b_0076
grounding_dino,tree,dev_eligible_excl_test,false_positive,p2b_0077
grounding_dino,tree,dev_eligible_excl_test,false_positive,p2b_0078
grounding_dino,tree,dev_eligible_excl_test,false_positive,p2b_0079
grounding_dino,tree,locked_test_descriptive_only,false_positive,p2b_0057
grounding_dino,tree,locked_test_descriptive_only,false_positive,p2b_0061
grounding_dino,tree,locked_test_descriptive_only,false_negative,p2b_0064
grounding_dino,heart,full_80,false_positive,p2b_0000
grounding_dino,heart,full_80,false_positive,p2b_0001
grounding_dino,heart,full_80,false_positive,p2b_0003
grounding_dino,heart,full_80,false_positive,p2b_0004
grounding_dino,heart,full_80,false_positive,p2b_0006
grounding_dino,heart,full_80,false_positive,p2b_0007
grounding_dino,heart,full_80,false_positive,p2b_0009
grounding_dino,heart,full_80,false_positive,p2b_0015
grounding_dino,heart,full_80,false_positive,p2b_0017
grounding_dino,heart,full_80,false_positive,p2b_0018
grounding_dino,heart,full_80,false_positive,p2b_0019
grounding_dino,heart,full_80,false_positive,p2b_0022
grounding_dino,heart,full_80,false_positive,p2b_0025
grounding_dino,heart,full_80,false_positive,p2b_0026
grounding_dino,heart,full_80,false_positive,p2b_0029
grounding_dino,heart,full_80,false_positive,p2b_0030
grounding_dino,heart,full_80,false_positive,p2b_0031
grounding_dino,heart,full_80,false_positive,p2b_0032
grounding_dino,heart,full_80,false_positive,p2b_0034
grounding_dino,heart,full_80,false_positive,p2b_0035
grounding_dino,heart,full_80,false_positive,p2b_0036
grounding_dino,heart,full_80,false_positive,p2b_0038
grounding_dino,heart,full_80,false_positive,p2b_0039
grounding_dino,heart,full_80,false_positive,p2b_0040
grounding_dino,heart,full_80,false_positive,p2b_0041
grounding_dino,heart,full_80,false_positive,p2b_0042
grounding_dino,heart,full_80,false_positive,p2b_0043
grounding_dino,heart,full_80,false_positive,p2b_0045
grounding_dino,heart,full_80,false_positive,p2b_0046
grounding_dino,heart,full_80,false_positive,p2b_0047
grounding_dino,heart,full_80,false_positive,p2b_0049
grounding_dino,heart,full_80,false_positive,p2b_0051
grounding_dino,heart,full_80,false_positive,p2b_0053
grounding_dino,heart,full_80,false_positive,p2b_0057
grounding_dino,heart,full_80,false_positive,p2b_0058
grounding_dino,heart,full_80,false_positive,p2b_0059
grounding_dino,heart,full_80,false_positive,p2b_0060
grounding_dino,heart,full_80,false_positive,p2b_0061
grounding_dino,heart,full_80,false_positive,p2b_0063
grounding_dino,heart,full_80,false_positive,p2b_0064
grounding_dino,heart,full_80,false_positive,p2b_0065
grounding_dino,heart,full_80,false_positive,p2b_0066
grounding_dino,heart,full_80,false_positive,p2b_0067
grounding_dino,heart,full_80,false_positive,p2b_0068
grounding_dino,heart,full_80,false_positive,p2b_0071
grounding_dino,heart,full_80,false_positive,p2b_0072
grounding_dino,heart,full_80,false_positive,p2b_0073
grounding_dino,heart,full_80,false_positive,p2b_0076
grounding_dino,heart,full_80,false_positive,p2b_0077
grounding_dino,heart,full_80,false_positive,p2b_0078
grounding_dino,heart,full_80,false_positive,p2b_0079
grounding_dino,heart,full_80,false_negative,p2b_0011
grounding_dino,heart,dev_eligible_excl_test,false_positive,p2b_0000
grounding_dino,heart,dev_eligible_excl_test,false_positive,p2b_0001
grounding_dino,heart,dev_eligible_excl_test,false_positive,p2b_0003
grounding_dino,heart,dev_eligible_excl_test,false_positive,p2b_0004
grounding_dino,heart,dev_eligible_excl_test,false_positive,p2b_0006
grounding_dino,heart,dev_eligible_excl_test,false_positive,p2b_0007
grounding_dino,heart,dev_eligible_excl_test,false_positive,p2b_0009
grounding_dino,heart,dev_eligible_excl_test,false_positive,p2b_0017
grounding_dino,heart,dev_eligible_excl_test,false_positive,p2b_0018
grounding_dino,heart,dev_eligible_excl_test,false_positive,p2b_0019
grounding_dino,heart,dev_eligible_excl_test,false_positive,p2b_0022
grounding_dino,heart,dev_eligible_excl_test,false_positive,p2b_0025
grounding_dino,heart,dev_eligible_excl_test,false_positive,p2b_0026
grounding_dino,heart,dev_eligible_excl_test,false_positive,p2b_0029
grounding_dino,heart,dev_eligible_excl_test,false_positive,p2b_0030
grounding_dino,heart,dev_eligible_excl_test,false_positive,p2b_0031
grounding_dino,heart,dev_eligible_excl_test,false_positive,p2b_0032
grounding_dino,heart,dev_eligible_excl_test,false_positive,p2b_0034
grounding_dino,heart,dev_eligible_excl_test,false_positive,p2b_0035
grounding_dino,heart,dev_eligible_excl_test,false_positive,p2b_0036
grounding_dino,heart,dev_eligible_excl_test,false_positive,p2b_0038
grounding_dino,heart,dev_eligible_excl_test,false_positive,p2b_0039
grounding_dino,heart,dev_eligible_excl_test,false_positive,p2b_0040
grounding_dino,heart,dev_eligible_excl_test,false_positive,p2b_0041
grounding_dino,heart,dev_eligible_excl_test,false_positive,p2b_0042
grounding_dino,heart,dev_eligible_excl_test,false_positive,p2b_0043
grounding_dino,heart,dev_eligible_excl_test,false_positive,p2b_0045
grounding_dino,heart,dev_eligible_excl_test,false_positive,p2b_0046
grounding_dino,heart,dev_eligible_excl_test,false_positive,p2b_0047
grounding_dino,heart,dev_eligible_excl_test,false_positive,p2b_0049
grounding_dino,heart,dev_eligible_excl_test,false_positive,p2b_0051
grounding_dino,heart,dev_eligible_excl_test,false_positive,p2b_0053
grounding_dino,heart,dev_eligible_excl_test,false_positive,p2b_0058
grounding_dino,heart,dev_eligible_excl_test,false_positive,p2b_0059
grounding_dino,heart,dev_eligible_excl_test,false_positive,p2b_0060
grounding_dino,heart,dev_eligible_excl_test,false_positive,p2b_0063
grounding_dino,heart,dev_eligible_excl_test,false_positive,p2b_0065
grounding_dino,heart,dev_eligible_excl_test,false_positive,p2b_0066
grounding_dino,heart,dev_eligible_excl_test,false_positive,p2b_0067
grounding_dino,heart,dev_eligible_excl_test,false_positive,p2b_0068
grounding_dino,heart,dev_eligible_excl_test,false_positive,p2b_0071
grounding_dino,heart,dev_eligible_excl_test,false_positive,p2b_0072
grounding_dino,heart,dev_eligible_excl_test,false_positive,p2b_0076
grounding_dino,heart,dev_eligible_excl_test,false_positive,p2b_0077
grounding_dino,heart,dev_eligible_excl_test,false_positive,p2b_0078
grounding_dino,heart,dev_eligible_excl_test,false_positive,p2b_0079
grounding_dino,heart,dev_eligible_excl_test,false_negative,p2b_0011
grounding_dino,heart,locked_test_descriptive_only,false_positive,p2b_0015
grounding_dino,heart,locked_test_descriptive_only,false_positive,p2b_0057
grounding_dino,heart,locked_test_descriptive_only,false_positive,p2b_0061
grounding_dino,heart,locked_test_descriptive_only,false_positive,p2b_0064
grounding_dino,heart,locked_test_descriptive_only,false_positive,p2b_0073
grounding_dino,star,full_80,false_positive,p2b_0000
grounding_dino,star,full_80,false_positive,p2b_0003
grounding_dino,star,full_80,false_positive,p2b_0004
grounding_dino,star,full_80,false_positive,p2b_0005
grounding_dino,star,full_80,false_positive,p2b_0008
grounding_dino,star,full_80,false_positive,p2b_0009
grounding_dino,star,full_80,false_positive,p2b_0011
grounding_dino,star,full_80,false_positive,p2b_0012
grounding_dino,star,full_80,false_positive,p2b_0013
grounding_dino,star,full_80,false_positive,p2b_0014
grounding_dino,star,full_80,false_positive,p2b_0023
grounding_dino,star,full_80,false_positive,p2b_0024
grounding_dino,star,full_80,false_positive,p2b_0025
grounding_dino,star,full_80,false_positive,p2b_0030
grounding_dino,star,full_80,false_positive,p2b_0035
grounding_dino,star,full_80,false_positive,p2b_0039
grounding_dino,star,full_80,false_positive,p2b_0041
grounding_dino,star,full_80,false_positive,p2b_0042
grounding_dino,star,full_80,false_positive,p2b_0043
grounding_dino,star,full_80,false_positive,p2b_0047
grounding_dino,star,full_80,false_positive,p2b_0049
grounding_dino,star,full_80,false_positive,p2b_0057
grounding_dino,star,full_80,false_positive,p2b_0058
grounding_dino,star,full_80,false_positive,p2b_0059
grounding_dino,star,full_80,false_positive,p2b_0060
grounding_dino,star,full_80,false_positive,p2b_0061
grounding_dino,star,full_80,false_positive,p2b_0063
grounding_dino,star,full_80,false_positive,p2b_0064
grounding_dino,star,full_80,false_positive,p2b_0065
grounding_dino,star,full_80,false_positive,p2b_0068
grounding_dino,star,full_80,false_positive,p2b_0072
grounding_dino,star,full_80,false_positive,p2b_0076
grounding_dino,star,full_80,false_positive,p2b_0078
grounding_dino,star,full_80,false_positive,p2b_0079
grounding_dino,star,full_80,false_negative,p2b_0019
grounding_dino,star,full_80,false_negative,p2b_0053
grounding_dino,star,dev_eligible_excl_test,false_positive,p2b_0000
grounding_dino,star,dev_eligible_excl_test,false_positive,p2b_0003
grounding_dino,star,dev_eligible_excl_test,false_positive,p2b_0004
grounding_dino,star,dev_eligible_excl_test,false_positive,p2b_0005
grounding_dino,star,dev_eligible_excl_test,false_positive,p2b_0008
grounding_dino,star,dev_eligible_excl_test,false_positive,p2b_0009
grounding_dino,star,dev_eligible_excl_test,false_positive,p2b_0011
grounding_dino,star,dev_eligible_excl_test,false_positive,p2b_0012
grounding_dino,star,dev_eligible_excl_test,false_positive,p2b_0014
grounding_dino,star,dev_eligible_excl_test,false_positive,p2b_0023
grounding_dino,star,dev_eligible_excl_test,false_positive,p2b_0024
grounding_dino,star,dev_eligible_excl_test,false_positive,p2b_0025
grounding_dino,star,dev_eligible_excl_test,false_positive,p2b_0030
grounding_dino,star,dev_eligible_excl_test,false_positive,p2b_0035
grounding_dino,star,dev_eligible_excl_test,false_positive,p2b_0039
grounding_dino,star,dev_eligible_excl_test,false_positive,p2b_0041
grounding_dino,star,dev_eligible_excl_test,false_positive,p2b_0042
grounding_dino,star,dev_eligible_excl_test,false_positive,p2b_0043
grounding_dino,star,dev_eligible_excl_test,false_positive,p2b_0047
grounding_dino,star,dev_eligible_excl_test,false_positive,p2b_0049
grounding_dino,star,dev_eligible_excl_test,false_positive,p2b_0058
grounding_dino,star,dev_eligible_excl_test,false_positive,p2b_0059
grounding_dino,star,dev_eligible_excl_test,false_positive,p2b_0060
grounding_dino,star,dev_eligible_excl_test,false_positive,p2b_0063
grounding_dino,star,dev_eligible_excl_test,false_positive,p2b_0065
grounding_dino,star,dev_eligible_excl_test,false_positive,p2b_0068
grounding_dino,star,dev_eligible_excl_test,false_positive,p2b_0072
grounding_dino,star,dev_eligible_excl_test,false_positive,p2b_0076
grounding_dino,star,dev_eligible_excl_test,false_positive,p2b_0078
grounding_dino,star,dev_eligible_excl_test,false_positive,p2b_0079
grounding_dino,star,dev_eligible_excl_test,false_negative,p2b_0019
grounding_dino,star,dev_eligible_excl_test,false_negative,p2b_0053
grounding_dino,star,locked_test_descriptive_only,false_positive,p2b_0013
grounding_dino,star,locked_test_descriptive_only,false_positive,p2b_0057
grounding_dino,star,locked_test_descriptive_only,false_positive,p2b_0061
grounding_dino,star,locked_test_descriptive_only,false_positive,p2b_0064
grounding_dino,circle,full_80,false_positive,p2b_0000
grounding_dino,circle,full_80,false_positive,p2b_0001
grounding_dino,circle,full_80,false_positive,p2b_0005
grounding_dino,circle,full_80,false_positive,p2b_0007
grounding_dino,circle,full_80,false_positive,p2b_0008
grounding_dino,circle,full_80,false_positive,p2b_0009
grounding_dino,circle,full_80,false_positive,p2b_0015
grounding_dino,circle,full_80,false_positive,p2b_0017
grounding_dino,circle,full_80,false_positive,p2b_0018
grounding_dino,circle,full_80,false_positive,p2b_0019
grounding_dino,circle,full_80,false_positive,p2b_0022
grounding_dino,circle,full_80,false_positive,p2b_0023
grounding_dino,circle,full_80,false_positive,p2b_0024
grounding_dino,circle,full_80,false_positive,p2b_0025
grounding_dino,circle,full_80,false_positive,p2b_0026
grounding_dino,circle,full_80,false_positive,p2b_0029
grounding_dino,circle,full_80,false_positive,p2b_0030
grounding_dino,circle,full_80,false_positive,p2b_0032
grounding_dino,circle,full_80,false_positive,p2b_0034
grounding_dino,circle,full_80,false_positive,p2b_0035
grounding_dino,circle,full_80,false_positive,p2b_0040
grounding_dino,circle,full_80,false_positive,p2b_0041
grounding_dino,circle,full_80,false_positive,p2b_0042
grounding_dino,circle,full_80,false_positive,p2b_0043
grounding_dino,circle,full_80,false_positive,p2b_0045
grounding_dino,circle,full_80,false_positive,p2b_0047
grounding_dino,circle,full_80,false_positive,p2b_0048
grounding_dino,circle,full_80,false_positive,p2b_0049
grounding_dino,circle,full_80,false_positive,p2b_0051
grounding_dino,circle,full_80,false_positive,p2b_0053
grounding_dino,circle,full_80,false_positive,p2b_0055
grounding_dino,circle,full_80,false_positive,p2b_0057
grounding_dino,circle,full_80,false_positive,p2b_0058
grounding_dino,circle,full_80,false_positive,p2b_0059
grounding_dino,circle,full_80,false_positive,p2b_0060
grounding_dino,circle,full_80,false_positive,p2b_0061
grounding_dino,circle,full_80,false_positive,p2b_0062
grounding_dino,circle,full_80,false_positive,p2b_0064
grounding_dino,circle,full_80,false_positive,p2b_0065
grounding_dino,circle,full_80,false_positive,p2b_0066
grounding_dino,circle,full_80,false_positive,p2b_0067
grounding_dino,circle,full_80,false_positive,p2b_0068
grounding_dino,circle,full_80,false_positive,p2b_0069
grounding_dino,circle,full_80,false_positive,p2b_0071
grounding_dino,circle,full_80,false_positive,p2b_0072
grounding_dino,circle,full_80,false_positive,p2b_0073
grounding_dino,circle,full_80,false_positive,p2b_0076
grounding_dino,circle,full_80,false_positive,p2b_0078
grounding_dino,circle,full_80,false_negative,p2b_0010
grounding_dino,circle,full_80,false_negative,p2b_0016
grounding_dino,circle,full_80,false_negative,p2b_0063
grounding_dino,circle,dev_eligible_excl_test,false_positive,p2b_0000
grounding_dino,circle,dev_eligible_excl_test,false_positive,p2b_0001
grounding_dino,circle,dev_eligible_excl_test,false_positive,p2b_0005
grounding_dino,circle,dev_eligible_excl_test,false_positive,p2b_0007
grounding_dino,circle,dev_eligible_excl_test,false_positive,p2b_0008
grounding_dino,circle,dev_eligible_excl_test,false_positive,p2b_0009
grounding_dino,circle,dev_eligible_excl_test,false_positive,p2b_0017
grounding_dino,circle,dev_eligible_excl_test,false_positive,p2b_0018
grounding_dino,circle,dev_eligible_excl_test,false_positive,p2b_0019
grounding_dino,circle,dev_eligible_excl_test,false_positive,p2b_0022
grounding_dino,circle,dev_eligible_excl_test,false_positive,p2b_0023
grounding_dino,circle,dev_eligible_excl_test,false_positive,p2b_0024
grounding_dino,circle,dev_eligible_excl_test,false_positive,p2b_0025
grounding_dino,circle,dev_eligible_excl_test,false_positive,p2b_0026
grounding_dino,circle,dev_eligible_excl_test,false_positive,p2b_0029
grounding_dino,circle,dev_eligible_excl_test,false_positive,p2b_0030
grounding_dino,circle,dev_eligible_excl_test,false_positive,p2b_0032
grounding_dino,circle,dev_eligible_excl_test,false_positive,p2b_0034
grounding_dino,circle,dev_eligible_excl_test,false_positive,p2b_0035
grounding_dino,circle,dev_eligible_excl_test,false_positive,p2b_0040
grounding_dino,circle,dev_eligible_excl_test,false_positive,p2b_0041
grounding_dino,circle,dev_eligible_excl_test,false_positive,p2b_0042
grounding_dino,circle,dev_eligible_excl_test,false_positive,p2b_0043
grounding_dino,circle,dev_eligible_excl_test,false_positive,p2b_0045
grounding_dino,circle,dev_eligible_excl_test,false_positive,p2b_0047
grounding_dino,circle,dev_eligible_excl_test,false_positive,p2b_0049
grounding_dino,circle,dev_eligible_excl_test,false_positive,p2b_0051
grounding_dino,circle,dev_eligible_excl_test,false_positive,p2b_0053
grounding_dino,circle,dev_eligible_excl_test,false_positive,p2b_0055
grounding_dino,circle,dev_eligible_excl_test,false_positive,p2b_0058
grounding_dino,circle,dev_eligible_excl_test,false_positive,p2b_0059
grounding_dino,circle,dev_eligible_excl_test,false_positive,p2b_0060
grounding_dino,circle,dev_eligible_excl_test,false_positive,p2b_0062
grounding_dino,circle,dev_eligible_excl_test,false_positive,p2b_0065
grounding_dino,circle,dev_eligible_excl_test,false_positive,p2b_0066
grounding_dino,circle,dev_eligible_excl_test,false_positive,p2b_0067
grounding_dino,circle,dev_eligible_excl_test,false_positive,p2b_0068
grounding_dino,circle,dev_eligible_excl_test,false_positive,p2b_0069
grounding_dino,circle,dev_eligible_excl_test,false_positive,p2b_0071
grounding_dino,circle,dev_eligible_excl_test,false_positive,p2b_0072
grounding_dino,circle,dev_eligible_excl_test,false_positive,p2b_0076
grounding_dino,circle,dev_eligible_excl_test,false_positive,p2b_0078
grounding_dino,circle,dev_eligible_excl_test,false_negative,p2b_0010
grounding_dino,circle,dev_eligible_excl_test,false_negative,p2b_0016
grounding_dino,circle,dev_eligible_excl_test,false_negative,p2b_0063
grounding_dino,circle,locked_test_descriptive_only,false_positive,p2b_0015
grounding_dino,circle,locked_test_descriptive_only,false_positive,p2b_0048
grounding_dino,circle,locked_test_descriptive_only,false_positive,p2b_0057
grounding_dino,circle,locked_test_descriptive_only,false_positive,p2b_0061
grounding_dino,circle,locked_test_descriptive_only,false_positive,p2b_0064
grounding_dino,circle,locked_test_descriptive_only,false_positive,p2b_0073
grounding_dino,vehicle,full_80,false_negative,p2b_0034
grounding_dino,vehicle,full_80,false_negative,p2b_0057
grounding_dino,vehicle,full_80,false_negative,p2b_0066
grounding_dino,vehicle,full_80,false_negative,p2b_0073
grounding_dino,vehicle,full_80,false_negative,p2b_0079
grounding_dino,vehicle,dev_eligible_excl_test,false_negative,p2b_0034
grounding_dino,vehicle,dev_eligible_excl_test,false_negative,p2b_0066
grounding_dino,vehicle,dev_eligible_excl_test,false_negative,p2b_0079
grounding_dino,vehicle,locked_test_descriptive_only,false_negative,p2b_0057
grounding_dino,vehicle,locked_test_descriptive_only,false_negative,p2b_0073
florence2,person,full_80,false_positive,p2b_0001
florence2,person,full_80,false_positive,p2b_0002
florence2,person,full_80,false_positive,p2b_0005
florence2,person,full_80,false_positive,p2b_0010
florence2,person,full_80,false_positive,p2b_0012
florence2,person,full_80,false_positive,p2b_0014
florence2,person,full_80,false_positive,p2b_0017
florence2,person,full_80,false_positive,p2b_0022
florence2,person,full_80,false_positive,p2b_0026
florence2,person,full_80,false_positive,p2b_0030
florence2,person,full_80,false_positive,p2b_0032
florence2,person,full_80,false_positive,p2b_0035
florence2,person,full_80,false_positive,p2b_0036
florence2,person,full_80,false_positive,p2b_0039
florence2,person,full_80,false_positive,p2b_0042
florence2,person,full_80,false_positive,p2b_0053
florence2,person,full_80,false_positive,p2b_0059
florence2,person,full_80,false_positive,p2b_0062
florence2,person,full_80,false_positive,p2b_0071
florence2,person,full_80,false_positive,p2b_0075
florence2,person,full_80,false_positive,p2b_0076
florence2,person,dev_eligible_excl_test,false_positive,p2b_0001
florence2,person,dev_eligible_excl_test,false_positive,p2b_0002
florence2,person,dev_eligible_excl_test,false_positive,p2b_0005
florence2,person,dev_eligible_excl_test,false_positive,p2b_0010
florence2,person,dev_eligible_excl_test,false_positive,p2b_0012
florence2,person,dev_eligible_excl_test,false_positive,p2b_0014
florence2,person,dev_eligible_excl_test,false_positive,p2b_0017
florence2,person,dev_eligible_excl_test,false_positive,p2b_0022
florence2,person,dev_eligible_excl_test,false_positive,p2b_0026
florence2,person,dev_eligible_excl_test,false_positive,p2b_0030
florence2,person,dev_eligible_excl_test,false_positive,p2b_0032
florence2,person,dev_eligible_excl_test,false_positive,p2b_0035
florence2,person,dev_eligible_excl_test,false_positive,p2b_0036
florence2,person,dev_eligible_excl_test,false_positive,p2b_0039
florence2,person,dev_eligible_excl_test,false_positive,p2b_0042
florence2,person,dev_eligible_excl_test,false_positive,p2b_0053
florence2,person,dev_eligible_excl_test,false_positive,p2b_0059
florence2,person,dev_eligible_excl_test,false_positive,p2b_0062
florence2,person,dev_eligible_excl_test,false_positive,p2b_0071
florence2,person,dev_eligible_excl_test,false_positive,p2b_0075
florence2,person,dev_eligible_excl_test,false_positive,p2b_0076
florence2,face,full_80,false_positive,p2b_0001
florence2,face,full_80,false_positive,p2b_0002
florence2,face,full_80,false_positive,p2b_0022
florence2,face,full_80,false_positive,p2b_0030
florence2,face,full_80,false_positive,p2b_0042
florence2,face,full_80,false_positive,p2b_0053
florence2,face,full_80,false_positive,p2b_0069
florence2,face,full_80,false_positive,p2b_0070
florence2,face,full_80,false_positive,p2b_0079
florence2,face,dev_eligible_excl_test,false_positive,p2b_0001
florence2,face,dev_eligible_excl_test,false_positive,p2b_0002
florence2,face,dev_eligible_excl_test,false_positive,p2b_0022
florence2,face,dev_eligible_excl_test,false_positive,p2b_0030
florence2,face,dev_eligible_excl_test,false_positive,p2b_0042
florence2,face,dev_eligible_excl_test,false_positive,p2b_0053
florence2,face,dev_eligible_excl_test,false_positive,p2b_0069
florence2,face,dev_eligible_excl_test,false_positive,p2b_0070
florence2,face,dev_eligible_excl_test,false_positive,p2b_0079
florence2,hand,full_80,false_positive,p2b_0001
florence2,hand,full_80,false_positive,p2b_0002
florence2,hand,full_80,false_positive,p2b_0003
florence2,hand,full_80,false_positive,p2b_0005
florence2,hand,full_80,false_positive,p2b_0006
florence2,hand,full_80,false_positive,p2b_0010
florence2,hand,full_80,false_positive,p2b_0014
florence2,hand,full_80,false_positive,p2b_0017
florence2,hand,full_80,false_positive,p2b_0018
florence2,hand,full_80,false_positive,p2b_0020
florence2,hand,full_80,false_positive,p2b_0022
florence2,hand,full_80,false_positive,p2b_0026
florence2,hand,full_80,false_positive,p2b_0027
florence2,hand,full_80,false_positive,p2b_0028
florence2,hand,full_80,false_positive,p2b_0029
florence2,hand,full_80,false_positive,p2b_0030
florence2,hand,full_80,false_positive,p2b_0032
florence2,hand,full_80,false_positive,p2b_0035
florence2,hand,full_80,false_positive,p2b_0037
florence2,hand,full_80,false_positive,p2b_0042
florence2,hand,full_80,false_positive,p2b_0050
florence2,hand,full_80,false_positive,p2b_0052
florence2,hand,full_80,false_positive,p2b_0053
florence2,hand,full_80,false_positive,p2b_0055
florence2,hand,full_80,false_positive,p2b_0056
florence2,hand,full_80,false_positive,p2b_0057
florence2,hand,full_80,false_positive,p2b_0060
florence2,hand,full_80,false_positive,p2b_0064
florence2,hand,full_80,false_positive,p2b_0066
florence2,hand,full_80,false_positive,p2b_0067
florence2,hand,full_80,false_positive,p2b_0070
florence2,hand,full_80,false_positive,p2b_0071
florence2,hand,full_80,false_positive,p2b_0072
florence2,hand,full_80,false_positive,p2b_0075
florence2,hand,full_80,false_positive,p2b_0076
florence2,hand,full_80,false_positive,p2b_0077
florence2,hand,full_80,false_positive,p2b_0079
florence2,hand,dev_eligible_excl_test,false_positive,p2b_0001
florence2,hand,dev_eligible_excl_test,false_positive,p2b_0002
florence2,hand,dev_eligible_excl_test,false_positive,p2b_0003
florence2,hand,dev_eligible_excl_test,false_positive,p2b_0005
florence2,hand,dev_eligible_excl_test,false_positive,p2b_0006
florence2,hand,dev_eligible_excl_test,false_positive,p2b_0010
florence2,hand,dev_eligible_excl_test,false_positive,p2b_0014
florence2,hand,dev_eligible_excl_test,false_positive,p2b_0017
florence2,hand,dev_eligible_excl_test,false_positive,p2b_0018
florence2,hand,dev_eligible_excl_test,false_positive,p2b_0020
florence2,hand,dev_eligible_excl_test,false_positive,p2b_0022
florence2,hand,dev_eligible_excl_test,false_positive,p2b_0026
florence2,hand,dev_eligible_excl_test,false_positive,p2b_0027
florence2,hand,dev_eligible_excl_test,false_positive,p2b_0028
florence2,hand,dev_eligible_excl_test,false_positive,p2b_0029
florence2,hand,dev_eligible_excl_test,false_positive,p2b_0030
florence2,hand,dev_eligible_excl_test,false_positive,p2b_0032
florence2,hand,dev_eligible_excl_test,false_positive,p2b_0035
florence2,hand,dev_eligible_excl_test,false_positive,p2b_0037
florence2,hand,dev_eligible_excl_test,false_positive,p2b_0042
florence2,hand,dev_eligible_excl_test,false_positive,p2b_0050
florence2,hand,dev_eligible_excl_test,false_positive,p2b_0052
florence2,hand,dev_eligible_excl_test,false_positive,p2b_0053
florence2,hand,dev_eligible_excl_test,false_positive,p2b_0055
florence2,hand,dev_eligible_excl_test,false_positive,p2b_0056
florence2,hand,dev_eligible_excl_test,false_positive,p2b_0060
florence2,hand,dev_eligible_excl_test,false_positive,p2b_0066
florence2,hand,dev_eligible_excl_test,false_positive,p2b_0067
florence2,hand,dev_eligible_excl_test,false_positive,p2b_0070
florence2,hand,dev_eligible_excl_test,false_positive,p2b_0071
florence2,hand,dev_eligible_excl_test,false_positive,p2b_0072
florence2,hand,dev_eligible_excl_test,false_positive,p2b_0075
florence2,hand,dev_eligible_excl_test,false_positive,p2b_0076
florence2,hand,dev_eligible_excl_test,false_positive,p2b_0077
florence2,hand,dev_eligible_excl_test,false_positive,p2b_0079
florence2,hand,locked_test_descriptive_only,false_positive,p2b_0057
florence2,hand,locked_test_descriptive_only,false_positive,p2b_0064
florence2,animal,full_80,false_positive,p2b_0000
florence2,animal,full_80,false_positive,p2b_0001
florence2,animal,full_80,false_positive,p2b_0002
florence2,animal,full_80,false_positive,p2b_0003
florence2,animal,full_80,false_positive,p2b_0004
florence2,animal,full_80,false_positive,p2b_0006
florence2,animal,full_80,false_positive,p2b_0008
florence2,animal,full_80,false_positive,p2b_0009
florence2,animal,full_80,false_positive,p2b_0010
florence2,animal,full_80,false_positive,p2b_0011
florence2,animal,full_80,false_positive,p2b_0012
florence2,animal,full_80,false_positive,p2b_0015
florence2,animal,full_80,false_positive,p2b_0016
florence2,animal,full_80,false_positive,p2b_0018
florence2,animal,full_80,false_positive,p2b_0019
florence2,animal,full_80,false_positive,p2b_0020
florence2,animal,full_80,false_positive,p2b_0022
florence2,animal,full_80,false_positive,p2b_0023
florence2,animal,full_80,false_positive,p2b_0024
florence2,animal,full_80,false_positive,p2b_0025
florence2,animal,full_80,false_positive,p2b_0026
florence2,animal,full_80,false_positive,p2b_0027
florence2,animal,full_80,false_positive,p2b_0028
florence2,animal,full_80,false_positive,p2b_0029
florence2,animal,full_80,false_positive,p2b_0030
florence2,animal,full_80,false_positive,p2b_0031
florence2,animal,full_80,false_positive,p2b_0032
florence2,animal,full_80,false_positive,p2b_0034
florence2,animal,full_80,false_positive,p2b_0035
florence2,animal,full_80,false_positive,p2b_0036
florence2,animal,full_80,false_positive,p2b_0037
florence2,animal,full_80,false_positive,p2b_0039
florence2,animal,full_80,false_positive,p2b_0040
florence2,animal,full_80,false_positive,p2b_0041
florence2,animal,full_80,false_positive,p2b_0042
florence2,animal,full_80,false_positive,p2b_0043
florence2,animal,full_80,false_positive,p2b_0044
florence2,animal,full_80,false_positive,p2b_0045
florence2,animal,full_80,false_positive,p2b_0046
florence2,animal,full_80,false_positive,p2b_0047
florence2,animal,full_80,false_positive,p2b_0049
florence2,animal,full_80,false_positive,p2b_0050
florence2,animal,full_80,false_positive,p2b_0051
florence2,animal,full_80,false_positive,p2b_0052
florence2,animal,full_80,false_positive,p2b_0053
florence2,animal,full_80,false_positive,p2b_0054
florence2,animal,full_80,false_positive,p2b_0055
florence2,animal,full_80,false_positive,p2b_0056
florence2,animal,full_80,false_positive,p2b_0057
florence2,animal,full_80,false_positive,p2b_0058
florence2,animal,full_80,false_positive,p2b_0059
florence2,animal,full_80,false_positive,p2b_0060
florence2,animal,full_80,false_positive,p2b_0061
florence2,animal,full_80,false_positive,p2b_0063
florence2,animal,full_80,false_positive,p2b_0064
florence2,animal,full_80,false_positive,p2b_0065
florence2,animal,full_80,false_positive,p2b_0066
florence2,animal,full_80,false_positive,p2b_0067
florence2,animal,full_80,false_positive,p2b_0069
florence2,animal,full_80,false_positive,p2b_0070
florence2,animal,full_80,false_positive,p2b_0071
florence2,animal,full_80,false_positive,p2b_0072
florence2,animal,full_80,false_positive,p2b_0074
florence2,animal,full_80,false_positive,p2b_0075
florence2,animal,full_80,false_positive,p2b_0076
florence2,animal,full_80,false_positive,p2b_0077
florence2,animal,full_80,false_positive,p2b_0078
florence2,animal,dev_eligible_excl_test,false_positive,p2b_0000
florence2,animal,dev_eligible_excl_test,false_positive,p2b_0001
florence2,animal,dev_eligible_excl_test,false_positive,p2b_0002
florence2,animal,dev_eligible_excl_test,false_positive,p2b_0003
florence2,animal,dev_eligible_excl_test,false_positive,p2b_0004
florence2,animal,dev_eligible_excl_test,false_positive,p2b_0006
florence2,animal,dev_eligible_excl_test,false_positive,p2b_0008
florence2,animal,dev_eligible_excl_test,false_positive,p2b_0009
florence2,animal,dev_eligible_excl_test,false_positive,p2b_0010
florence2,animal,dev_eligible_excl_test,false_positive,p2b_0011
florence2,animal,dev_eligible_excl_test,false_positive,p2b_0012
florence2,animal,dev_eligible_excl_test,false_positive,p2b_0016
florence2,animal,dev_eligible_excl_test,false_positive,p2b_0018
florence2,animal,dev_eligible_excl_test,false_positive,p2b_0019
florence2,animal,dev_eligible_excl_test,false_positive,p2b_0020
florence2,animal,dev_eligible_excl_test,false_positive,p2b_0022
florence2,animal,dev_eligible_excl_test,false_positive,p2b_0023
florence2,animal,dev_eligible_excl_test,false_positive,p2b_0024
florence2,animal,dev_eligible_excl_test,false_positive,p2b_0025
florence2,animal,dev_eligible_excl_test,false_positive,p2b_0026
florence2,animal,dev_eligible_excl_test,false_positive,p2b_0027
florence2,animal,dev_eligible_excl_test,false_positive,p2b_0028
florence2,animal,dev_eligible_excl_test,false_positive,p2b_0029
florence2,animal,dev_eligible_excl_test,false_positive,p2b_0030
florence2,animal,dev_eligible_excl_test,false_positive,p2b_0031
florence2,animal,dev_eligible_excl_test,false_positive,p2b_0032
florence2,animal,dev_eligible_excl_test,false_positive,p2b_0034
florence2,animal,dev_eligible_excl_test,false_positive,p2b_0035
florence2,animal,dev_eligible_excl_test,false_positive,p2b_0036
florence2,animal,dev_eligible_excl_test,false_positive,p2b_0037
florence2,animal,dev_eligible_excl_test,false_positive,p2b_0039
florence2,animal,dev_eligible_excl_test,false_positive,p2b_0040
florence2,animal,dev_eligible_excl_test,false_positive,p2b_0041
florence2,animal,dev_eligible_excl_test,false_positive,p2b_0042
florence2,animal,dev_eligible_excl_test,false_positive,p2b_0043
florence2,animal,dev_eligible_excl_test,false_positive,p2b_0044
florence2,animal,dev_eligible_excl_test,false_positive,p2b_0045
florence2,animal,dev_eligible_excl_test,false_positive,p2b_0046
florence2,animal,dev_eligible_excl_test,false_positive,p2b_0047
florence2,animal,dev_eligible_excl_test,false_positive,p2b_0049
florence2,animal,dev_eligible_excl_test,false_positive,p2b_0050
florence2,animal,dev_eligible_excl_test,false_positive,p2b_0051
florence2,animal,dev_eligible_excl_test,false_positive,p2b_0052
florence2,animal,dev_eligible_excl_test,false_positive,p2b_0053
florence2,animal,dev_eligible_excl_test,false_positive,p2b_0054
florence2,animal,dev_eligible_excl_test,false_positive,p2b_0055
florence2,animal,dev_eligible_excl_test,false_positive,p2b_0056
florence2,animal,dev_eligible_excl_test,false_positive,p2b_0058
florence2,animal,dev_eligible_excl_test,false_positive,p2b_0059
florence2,animal,dev_eligible_excl_test,false_positive,p2b_0060
florence2,animal,dev_eligible_excl_test,false_positive,p2b_0063
florence2,animal,dev_eligible_excl_test,false_positive,p2b_0065
florence2,animal,dev_eligible_excl_test,false_positive,p2b_0066
florence2,animal,dev_eligible_excl_test,false_positive,p2b_0067
florence2,animal,dev_eligible_excl_test,false_positive,p2b_0069
florence2,animal,dev_eligible_excl_test,false_positive,p2b_0070
florence2,animal,dev_eligible_excl_test,false_positive,p2b_0071
florence2,animal,dev_eligible_excl_test,false_positive,p2b_0072
florence2,animal,dev_eligible_excl_test,false_positive,p2b_0074
florence2,animal,dev_eligible_excl_test,false_positive,p2b_0075
florence2,animal,dev_eligible_excl_test,false_positive,p2b_0076
florence2,animal,dev_eligible_excl_test,false_positive,p2b_0077
florence2,animal,dev_eligible_excl_test,false_positive,p2b_0078
florence2,animal,locked_test_descriptive_only,false_positive,p2b_0015
florence2,animal,locked_test_descriptive_only,false_positive,p2b_0057
florence2,animal,locked_test_descriptive_only,false_positive,p2b_0061
florence2,animal,locked_test_descriptive_only,false_positive,p2b_0064
florence2,house,full_80,false_positive,p2b_0000
florence2,house,full_80,false_positive,p2b_0002
florence2,house,full_80,false_positive,p2b_0003
florence2,house,full_80,false_positive,p2b_0004
florence2,house,full_80,false_positive,p2b_0005
florence2,house,full_80,false_positive,p2b_0006
florence2,house,full_80,false_positive,p2b_0007
florence2,house,full_80,false_positive,p2b_0008
florence2,house,full_80,false_positive,p2b_0009
florence2,house,full_80,false_positive,p2b_0010
florence2,house,full_80,false_positive,p2b_0012
florence2,house,full_80,false_positive,p2b_0013
florence2,house,full_80,false_positive,p2b_0014
florence2,house,full_80,false_positive,p2b_0015
florence2,house,full_80,false_positive,p2b_0018
florence2,house,full_80,false_positive,p2b_0020
florence2,house,full_80,false_positive,p2b_0021
florence2,house,full_80,false_positive,p2b_0022
florence2,house,full_80,false_positive,p2b_0023
florence2,house,full_80,false_positive,p2b_0024
florence2,house,full_80,false_positive,p2b_0025
florence2,house,full_80,false_positive,p2b_0026
florence2,house,full_80,false_positive,p2b_0027
florence2,house,full_80,false_positive,p2b_0028
florence2,house,full_80,false_positive,p2b_0029
florence2,house,full_80,false_positive,p2b_0030
florence2,house,full_80,false_positive,p2b_0031
florence2,house,full_80,false_positive,p2b_0032
florence2,house,full_80,false_positive,p2b_0033
florence2,house,full_80,false_positive,p2b_0034
florence2,house,full_80,false_positive,p2b_0035
florence2,house,full_80,false_positive,p2b_0036
florence2,house,full_80,false_positive,p2b_0037
florence2,house,full_80,false_positive,p2b_0039
florence2,house,full_80,false_positive,p2b_0040
florence2,house,full_80,false_positive,p2b_0041
florence2,house,full_80,false_positive,p2b_0043
florence2,house,full_80,false_positive,p2b_0045
florence2,house,full_80,false_positive,p2b_0046
florence2,house,full_80,false_positive,p2b_0047
florence2,house,full_80,false_positive,p2b_0048
florence2,house,full_80,false_positive,p2b_0049
florence2,house,full_80,false_positive,p2b_0050
florence2,house,full_80,false_positive,p2b_0051
florence2,house,full_80,false_positive,p2b_0052
florence2,house,full_80,false_positive,p2b_0055
florence2,house,full_80,false_positive,p2b_0056
florence2,house,full_80,false_positive,p2b_0058
florence2,house,full_80,false_positive,p2b_0059
florence2,house,full_80,false_positive,p2b_0060
florence2,house,full_80,false_positive,p2b_0061
florence2,house,full_80,false_positive,p2b_0062
florence2,house,full_80,false_positive,p2b_0064
florence2,house,full_80,false_positive,p2b_0065
florence2,house,full_80,false_positive,p2b_0066
florence2,house,full_80,false_positive,p2b_0067
florence2,house,full_80,false_positive,p2b_0069
florence2,house,full_80,false_positive,p2b_0070
florence2,house,full_80,false_positive,p2b_0071
florence2,house,full_80,false_positive,p2b_0072
florence2,house,full_80,false_positive,p2b_0074
florence2,house,full_80,false_positive,p2b_0075
florence2,house,full_80,false_positive,p2b_0076
florence2,house,full_80,false_positive,p2b_0077
florence2,house,full_80,false_positive,p2b_0078
florence2,house,full_80,false_positive,p2b_0079
florence2,house,dev_eligible_excl_test,false_positive,p2b_0000
florence2,house,dev_eligible_excl_test,false_positive,p2b_0002
florence2,house,dev_eligible_excl_test,false_positive,p2b_0003
florence2,house,dev_eligible_excl_test,false_positive,p2b_0004
florence2,house,dev_eligible_excl_test,false_positive,p2b_0005
florence2,house,dev_eligible_excl_test,false_positive,p2b_0006
florence2,house,dev_eligible_excl_test,false_positive,p2b_0007
florence2,house,dev_eligible_excl_test,false_positive,p2b_0008
florence2,house,dev_eligible_excl_test,false_positive,p2b_0009
florence2,house,dev_eligible_excl_test,false_positive,p2b_0010
florence2,house,dev_eligible_excl_test,false_positive,p2b_0012
florence2,house,dev_eligible_excl_test,false_positive,p2b_0014
florence2,house,dev_eligible_excl_test,false_positive,p2b_0018
florence2,house,dev_eligible_excl_test,false_positive,p2b_0020
florence2,house,dev_eligible_excl_test,false_positive,p2b_0021
florence2,house,dev_eligible_excl_test,false_positive,p2b_0022
florence2,house,dev_eligible_excl_test,false_positive,p2b_0023
florence2,house,dev_eligible_excl_test,false_positive,p2b_0024
florence2,house,dev_eligible_excl_test,false_positive,p2b_0025
florence2,house,dev_eligible_excl_test,false_positive,p2b_0026
florence2,house,dev_eligible_excl_test,false_positive,p2b_0027
florence2,house,dev_eligible_excl_test,false_positive,p2b_0028
florence2,house,dev_eligible_excl_test,false_positive,p2b_0029
florence2,house,dev_eligible_excl_test,false_positive,p2b_0030
florence2,house,dev_eligible_excl_test,false_positive,p2b_0031
florence2,house,dev_eligible_excl_test,false_positive,p2b_0032
florence2,house,dev_eligible_excl_test,false_positive,p2b_0033
florence2,house,dev_eligible_excl_test,false_positive,p2b_0034
florence2,house,dev_eligible_excl_test,false_positive,p2b_0035
florence2,house,dev_eligible_excl_test,false_positive,p2b_0036
florence2,house,dev_eligible_excl_test,false_positive,p2b_0037
florence2,house,dev_eligible_excl_test,false_positive,p2b_0039
florence2,house,dev_eligible_excl_test,false_positive,p2b_0040
florence2,house,dev_eligible_excl_test,false_positive,p2b_0041
florence2,house,dev_eligible_excl_test,false_positive,p2b_0043
florence2,house,dev_eligible_excl_test,false_positive,p2b_0045
florence2,house,dev_eligible_excl_test,false_positive,p2b_0046
florence2,house,dev_eligible_excl_test,false_positive,p2b_0047
florence2,house,dev_eligible_excl_test,false_positive,p2b_0049
florence2,house,dev_eligible_excl_test,false_positive,p2b_0050
florence2,house,dev_eligible_excl_test,false_positive,p2b_0051
florence2,house,dev_eligible_excl_test,false_positive,p2b_0052
florence2,house,dev_eligible_excl_test,false_positive,p2b_0055
florence2,house,dev_eligible_excl_test,false_positive,p2b_0056
florence2,house,dev_eligible_excl_test,false_positive,p2b_0058
florence2,house,dev_eligible_excl_test,false_positive,p2b_0059
florence2,house,dev_eligible_excl_test,false_positive,p2b_0060
florence2,house,dev_eligible_excl_test,false_positive,p2b_0062
florence2,house,dev_eligible_excl_test,false_positive,p2b_0065
florence2,house,dev_eligible_excl_test,false_positive,p2b_0066
florence2,house,dev_eligible_excl_test,false_positive,p2b_0067
florence2,house,dev_eligible_excl_test,false_positive,p2b_0069
florence2,house,dev_eligible_excl_test,false_positive,p2b_0070
florence2,house,dev_eligible_excl_test,false_positive,p2b_0071
florence2,house,dev_eligible_excl_test,false_positive,p2b_0072
florence2,house,dev_eligible_excl_test,false_positive,p2b_0074
florence2,house,dev_eligible_excl_test,false_positive,p2b_0075
florence2,house,dev_eligible_excl_test,false_positive,p2b_0076
florence2,house,dev_eligible_excl_test,false_positive,p2b_0077
florence2,house,dev_eligible_excl_test,false_positive,p2b_0078
florence2,house,dev_eligible_excl_test,false_positive,p2b_0079
florence2,house,locked_test_descriptive_only,false_positive,p2b_0013
florence2,house,locked_test_descriptive_only,false_positive,p2b_0015
florence2,house,locked_test_descriptive_only,false_positive,p2b_0048
florence2,house,locked_test_descriptive_only,false_positive,p2b_0061
florence2,house,locked_test_descriptive_only,false_positive,p2b_0064
florence2,tree,full_80,false_positive,p2b_0000
florence2,tree,full_80,false_positive,p2b_0003
florence2,tree,full_80,false_positive,p2b_0004
florence2,tree,full_80,false_positive,p2b_0005
florence2,tree,full_80,false_positive,p2b_0006
florence2,tree,full_80,false_positive,p2b_0008
florence2,tree,full_80,false_positive,p2b_0009
florence2,tree,full_80,false_positive,p2b_0010
florence2,tree,full_80,false_positive,p2b_0011
florence2,tree,full_80,false_positive,p2b_0012
florence2,tree,full_80,false_positive,p2b_0013
florence2,tree,full_80,false_positive,p2b_0014
florence2,tree,full_80,false_positive,p2b_0015
florence2,tree,full_80,false_positive,p2b_0016
florence2,tree,full_80,false_positive,p2b_0017
florence2,tree,full_80,false_positive,p2b_0018
florence2,tree,full_80,false_positive,p2b_0019
florence2,tree,full_80,false_positive,p2b_0020
florence2,tree,full_80,false_positive,p2b_0021
florence2,tree,full_80,false_positive,p2b_0023
florence2,tree,full_80,false_positive,p2b_0024
florence2,tree,full_80,false_positive,p2b_0025
florence2,tree,full_80,false_positive,p2b_0026
florence2,tree,full_80,false_positive,p2b_0027
florence2,tree,full_80,false_positive,p2b_0028
florence2,tree,full_80,false_positive,p2b_0029
florence2,tree,full_80,false_positive,p2b_0032
florence2,tree,full_80,false_positive,p2b_0033
florence2,tree,full_80,false_positive,p2b_0034
florence2,tree,full_80,false_positive,p2b_0035
florence2,tree,full_80,false_positive,p2b_0036
florence2,tree,full_80,false_positive,p2b_0037
florence2,tree,full_80,false_positive,p2b_0039
florence2,tree,full_80,false_positive,p2b_0040
florence2,tree,full_80,false_positive,p2b_0041
florence2,tree,full_80,false_positive,p2b_0043
florence2,tree,full_80,false_positive,p2b_0045
florence2,tree,full_80,false_positive,p2b_0046
florence2,tree,full_80,false_positive,p2b_0047
florence2,tree,full_80,false_positive,p2b_0048
florence2,tree,full_80,false_positive,p2b_0049
florence2,tree,full_80,false_positive,p2b_0050
florence2,tree,full_80,false_positive,p2b_0051
florence2,tree,full_80,false_positive,p2b_0052
florence2,tree,full_80,false_positive,p2b_0054
florence2,tree,full_80,false_positive,p2b_0055
florence2,tree,full_80,false_positive,p2b_0056
florence2,tree,full_80,false_positive,p2b_0057
florence2,tree,full_80,false_positive,p2b_0058
florence2,tree,full_80,false_positive,p2b_0059
florence2,tree,full_80,false_positive,p2b_0060
florence2,tree,full_80,false_positive,p2b_0061
florence2,tree,full_80,false_positive,p2b_0062
florence2,tree,full_80,false_positive,p2b_0065
florence2,tree,full_80,false_positive,p2b_0067
florence2,tree,full_80,false_positive,p2b_0069
florence2,tree,full_80,false_positive,p2b_0070
florence2,tree,full_80,false_positive,p2b_0071
florence2,tree,full_80,false_positive,p2b_0074
florence2,tree,full_80,false_positive,p2b_0075
florence2,tree,full_80,false_positive,p2b_0076
florence2,tree,full_80,false_positive,p2b_0077
florence2,tree,full_80,false_positive,p2b_0078
florence2,tree,full_80,false_positive,p2b_0079
florence2,tree,dev_eligible_excl_test,false_positive,p2b_0000
florence2,tree,dev_eligible_excl_test,false_positive,p2b_0003
florence2,tree,dev_eligible_excl_test,false_positive,p2b_0004
florence2,tree,dev_eligible_excl_test,false_positive,p2b_0005
florence2,tree,dev_eligible_excl_test,false_positive,p2b_0006
florence2,tree,dev_eligible_excl_test,false_positive,p2b_0008
florence2,tree,dev_eligible_excl_test,false_positive,p2b_0009
florence2,tree,dev_eligible_excl_test,false_positive,p2b_0010
florence2,tree,dev_eligible_excl_test,false_positive,p2b_0011
florence2,tree,dev_eligible_excl_test,false_positive,p2b_0012
florence2,tree,dev_eligible_excl_test,false_positive,p2b_0014
florence2,tree,dev_eligible_excl_test,false_positive,p2b_0016
florence2,tree,dev_eligible_excl_test,false_positive,p2b_0017
florence2,tree,dev_eligible_excl_test,false_positive,p2b_0018
florence2,tree,dev_eligible_excl_test,false_positive,p2b_0019
florence2,tree,dev_eligible_excl_test,false_positive,p2b_0020
florence2,tree,dev_eligible_excl_test,false_positive,p2b_0021
florence2,tree,dev_eligible_excl_test,false_positive,p2b_0023
florence2,tree,dev_eligible_excl_test,false_positive,p2b_0024
florence2,tree,dev_eligible_excl_test,false_positive,p2b_0025
florence2,tree,dev_eligible_excl_test,false_positive,p2b_0026
florence2,tree,dev_eligible_excl_test,false_positive,p2b_0027
florence2,tree,dev_eligible_excl_test,false_positive,p2b_0028
florence2,tree,dev_eligible_excl_test,false_positive,p2b_0029
florence2,tree,dev_eligible_excl_test,false_positive,p2b_0032
florence2,tree,dev_eligible_excl_test,false_positive,p2b_0033
florence2,tree,dev_eligible_excl_test,false_positive,p2b_0034
florence2,tree,dev_eligible_excl_test,false_positive,p2b_0035
florence2,tree,dev_eligible_excl_test,false_positive,p2b_0036
florence2,tree,dev_eligible_excl_test,false_positive,p2b_0037
florence2,tree,dev_eligible_excl_test,false_positive,p2b_0039
florence2,tree,dev_eligible_excl_test,false_positive,p2b_0040
florence2,tree,dev_eligible_excl_test,false_positive,p2b_0041
florence2,tree,dev_eligible_excl_test,false_positive,p2b_0043
florence2,tree,dev_eligible_excl_test,false_positive,p2b_0045
florence2,tree,dev_eligible_excl_test,false_positive,p2b_0046
florence2,tree,dev_eligible_excl_test,false_positive,p2b_0047
florence2,tree,dev_eligible_excl_test,false_positive,p2b_0049
florence2,tree,dev_eligible_excl_test,false_positive,p2b_0050
florence2,tree,dev_eligible_excl_test,false_positive,p2b_0051
florence2,tree,dev_eligible_excl_test,false_positive,p2b_0052
florence2,tree,dev_eligible_excl_test,false_positive,p2b_0054
florence2,tree,dev_eligible_excl_test,false_positive,p2b_0055
florence2,tree,dev_eligible_excl_test,false_positive,p2b_0056
florence2,tree,dev_eligible_excl_test,false_positive,p2b_0058
florence2,tree,dev_eligible_excl_test,false_positive,p2b_0059
florence2,tree,dev_eligible_excl_test,false_positive,p2b_0060
florence2,tree,dev_eligible_excl_test,false_positive,p2b_0062
florence2,tree,dev_eligible_excl_test,false_positive,p2b_0065
florence2,tree,dev_eligible_excl_test,false_positive,p2b_0067
florence2,tree,dev_eligible_excl_test,false_positive,p2b_0069
florence2,tree,dev_eligible_excl_test,false_positive,p2b_0070
florence2,tree,dev_eligible_excl_test,false_positive,p2b_0071
florence2,tree,dev_eligible_excl_test,false_positive,p2b_0074
florence2,tree,dev_eligible_excl_test,false_positive,p2b_0075
florence2,tree,dev_eligible_excl_test,false_positive,p2b_0076
florence2,tree,dev_eligible_excl_test,false_positive,p2b_0077
florence2,tree,dev_eligible_excl_test,false_positive,p2b_0078
florence2,tree,dev_eligible_excl_test,false_positive,p2b_0079
florence2,tree,locked_test_descriptive_only,false_positive,p2b_0013
florence2,tree,locked_test_descriptive_only,false_positive,p2b_0015
florence2,tree,locked_test_descriptive_only,false_positive,p2b_0048
florence2,tree,locked_test_descriptive_only,false_positive,p2b_0057
florence2,tree,locked_test_descriptive_only,false_positive,p2b_0061
florence2,heart,full_80,false_positive,p2b_0000
florence2,heart,full_80,false_positive,p2b_0001
florence2,heart,full_80,false_positive,p2b_0002
florence2,heart,full_80,false_positive,p2b_0003
florence2,heart,full_80,false_positive,p2b_0004
florence2,heart,full_80,false_positive,p2b_0005
florence2,heart,full_80,false_positive,p2b_0006
florence2,heart,full_80,false_positive,p2b_0007
florence2,heart,full_80,false_positive,p2b_0009
florence2,heart,full_80,false_positive,p2b_0010
florence2,heart,full_80,false_positive,p2b_0012
florence2,heart,full_80,false_positive,p2b_0013
florence2,heart,full_80,false_positive,p2b_0014
florence2,heart,full_80,false_positive,p2b_0015
florence2,heart,full_80,false_positive,p2b_0016
florence2,heart,full_80,false_positive,p2b_0017
florence2,heart,full_80,false_positive,p2b_0018
florence2,heart,full_80,false_positive,p2b_0019
florence2,heart,full_80,false_positive,p2b_0020
florence2,heart,full_80,false_positive,p2b_0021
florence2,heart,full_80,false_positive,p2b_0022
florence2,heart,full_80,false_positive,p2b_0024
florence2,heart,full_80,false_positive,p2b_0025
florence2,heart,full_80,false_positive,p2b_0026
florence2,heart,full_80,false_positive,p2b_0027
florence2,heart,full_80,false_positive,p2b_0028
florence2,heart,full_80,false_positive,p2b_0029
florence2,heart,full_80,false_positive,p2b_0030
florence2,heart,full_80,false_positive,p2b_0031
florence2,heart,full_80,false_positive,p2b_0032
florence2,heart,full_80,false_positive,p2b_0033
florence2,heart,full_80,false_positive,p2b_0034
florence2,heart,full_80,false_positive,p2b_0035
florence2,heart,full_80,false_positive,p2b_0036
florence2,heart,full_80,false_positive,p2b_0037
florence2,heart,full_80,false_positive,p2b_0038
florence2,heart,full_80,false_positive,p2b_0039
florence2,heart,full_80,false_positive,p2b_0040
florence2,heart,full_80,false_positive,p2b_0041
florence2,heart,full_80,false_positive,p2b_0042
florence2,heart,full_80,false_positive,p2b_0043
florence2,heart,full_80,false_positive,p2b_0044
florence2,heart,full_80,false_positive,p2b_0045
florence2,heart,full_80,false_positive,p2b_0046
florence2,heart,full_80,false_positive,p2b_0047
florence2,heart,full_80,false_positive,p2b_0049
florence2,heart,full_80,false_positive,p2b_0050
florence2,heart,full_80,false_positive,p2b_0051
florence2,heart,full_80,false_positive,p2b_0052
florence2,heart,full_80,false_positive,p2b_0053
florence2,heart,full_80,false_positive,p2b_0054
florence2,heart,full_80,false_positive,p2b_0056
florence2,heart,full_80,false_positive,p2b_0057
florence2,heart,full_80,false_positive,p2b_0058
florence2,heart,full_80,false_positive,p2b_0059
florence2,heart,full_80,false_positive,p2b_0060
florence2,heart,full_80,false_positive,p2b_0061
florence2,heart,full_80,false_positive,p2b_0062
florence2,heart,full_80,false_positive,p2b_0063
florence2,heart,full_80,false_positive,p2b_0064
florence2,heart,full_80,false_positive,p2b_0065
florence2,heart,full_80,false_positive,p2b_0066
florence2,heart,full_80,false_positive,p2b_0067
florence2,heart,full_80,false_positive,p2b_0068
florence2,heart,full_80,false_positive,p2b_0069
florence2,heart,full_80,false_positive,p2b_0070
florence2,heart,full_80,false_positive,p2b_0071
florence2,heart,full_80,false_positive,p2b_0072
florence2,heart,full_80,false_positive,p2b_0073
florence2,heart,full_80,false_positive,p2b_0074
florence2,heart,full_80,false_positive,p2b_0075
florence2,heart,full_80,false_positive,p2b_0076
florence2,heart,full_80,false_positive,p2b_0077
florence2,heart,full_80,false_positive,p2b_0078
florence2,heart,full_80,false_positive,p2b_0079
florence2,heart,dev_eligible_excl_test,false_positive,p2b_0000
florence2,heart,dev_eligible_excl_test,false_positive,p2b_0001
florence2,heart,dev_eligible_excl_test,false_positive,p2b_0002
florence2,heart,dev_eligible_excl_test,false_positive,p2b_0003
florence2,heart,dev_eligible_excl_test,false_positive,p2b_0004
florence2,heart,dev_eligible_excl_test,false_positive,p2b_0005
florence2,heart,dev_eligible_excl_test,false_positive,p2b_0006
florence2,heart,dev_eligible_excl_test,false_positive,p2b_0007
florence2,heart,dev_eligible_excl_test,false_positive,p2b_0009
florence2,heart,dev_eligible_excl_test,false_positive,p2b_0010
florence2,heart,dev_eligible_excl_test,false_positive,p2b_0012
florence2,heart,dev_eligible_excl_test,false_positive,p2b_0014
florence2,heart,dev_eligible_excl_test,false_positive,p2b_0016
florence2,heart,dev_eligible_excl_test,false_positive,p2b_0017
florence2,heart,dev_eligible_excl_test,false_positive,p2b_0018
florence2,heart,dev_eligible_excl_test,false_positive,p2b_0019
florence2,heart,dev_eligible_excl_test,false_positive,p2b_0020
florence2,heart,dev_eligible_excl_test,false_positive,p2b_0021
florence2,heart,dev_eligible_excl_test,false_positive,p2b_0022
florence2,heart,dev_eligible_excl_test,false_positive,p2b_0024
florence2,heart,dev_eligible_excl_test,false_positive,p2b_0025
florence2,heart,dev_eligible_excl_test,false_positive,p2b_0026
florence2,heart,dev_eligible_excl_test,false_positive,p2b_0027
florence2,heart,dev_eligible_excl_test,false_positive,p2b_0028
florence2,heart,dev_eligible_excl_test,false_positive,p2b_0029
florence2,heart,dev_eligible_excl_test,false_positive,p2b_0030
florence2,heart,dev_eligible_excl_test,false_positive,p2b_0031
florence2,heart,dev_eligible_excl_test,false_positive,p2b_0032
florence2,heart,dev_eligible_excl_test,false_positive,p2b_0033
florence2,heart,dev_eligible_excl_test,false_positive,p2b_0034
florence2,heart,dev_eligible_excl_test,false_positive,p2b_0035
florence2,heart,dev_eligible_excl_test,false_positive,p2b_0036
florence2,heart,dev_eligible_excl_test,false_positive,p2b_0037
florence2,heart,dev_eligible_excl_test,false_positive,p2b_0038
florence2,heart,dev_eligible_excl_test,false_positive,p2b_0039
florence2,heart,dev_eligible_excl_test,false_positive,p2b_0040
florence2,heart,dev_eligible_excl_test,false_positive,p2b_0041
florence2,heart,dev_eligible_excl_test,false_positive,p2b_0042
florence2,heart,dev_eligible_excl_test,false_positive,p2b_0043
florence2,heart,dev_eligible_excl_test,false_positive,p2b_0044
florence2,heart,dev_eligible_excl_test,false_positive,p2b_0045
florence2,heart,dev_eligible_excl_test,false_positive,p2b_0046
florence2,heart,dev_eligible_excl_test,false_positive,p2b_0047
florence2,heart,dev_eligible_excl_test,false_positive,p2b_0049
florence2,heart,dev_eligible_excl_test,false_positive,p2b_0050
florence2,heart,dev_eligible_excl_test,false_positive,p2b_0051
florence2,heart,dev_eligible_excl_test,false_positive,p2b_0052
florence2,heart,dev_eligible_excl_test,false_positive,p2b_0053
florence2,heart,dev_eligible_excl_test,false_positive,p2b_0054
florence2,heart,dev_eligible_excl_test,false_positive,p2b_0056
florence2,heart,dev_eligible_excl_test,false_positive,p2b_0058
florence2,heart,dev_eligible_excl_test,false_positive,p2b_0059
florence2,heart,dev_eligible_excl_test,false_positive,p2b_0060
florence2,heart,dev_eligible_excl_test,false_positive,p2b_0062
florence2,heart,dev_eligible_excl_test,false_positive,p2b_0063
florence2,heart,dev_eligible_excl_test,false_positive,p2b_0065
florence2,heart,dev_eligible_excl_test,false_positive,p2b_0066
florence2,heart,dev_eligible_excl_test,false_positive,p2b_0067
florence2,heart,dev_eligible_excl_test,false_positive,p2b_0068
florence2,heart,dev_eligible_excl_test,false_positive,p2b_0069
florence2,heart,dev_eligible_excl_test,false_positive,p2b_0070
florence2,heart,dev_eligible_excl_test,false_positive,p2b_0071
florence2,heart,dev_eligible_excl_test,false_positive,p2b_0072
florence2,heart,dev_eligible_excl_test,false_positive,p2b_0074
florence2,heart,dev_eligible_excl_test,false_positive,p2b_0075
florence2,heart,dev_eligible_excl_test,false_positive,p2b_0076
florence2,heart,dev_eligible_excl_test,false_positive,p2b_0077
florence2,heart,dev_eligible_excl_test,false_positive,p2b_0078
florence2,heart,dev_eligible_excl_test,false_positive,p2b_0079
florence2,heart,locked_test_descriptive_only,false_positive,p2b_0013
florence2,heart,locked_test_descriptive_only,false_positive,p2b_0015
florence2,heart,locked_test_descriptive_only,false_positive,p2b_0057
florence2,heart,locked_test_descriptive_only,false_positive,p2b_0061
florence2,heart,locked_test_descriptive_only,false_positive,p2b_0064
florence2,heart,locked_test_descriptive_only,false_positive,p2b_0073
florence2,star,full_80,false_positive,p2b_0000
florence2,star,full_80,false_positive,p2b_0001
florence2,star,full_80,false_positive,p2b_0002
florence2,star,full_80,false_positive,p2b_0003
florence2,star,full_80,false_positive,p2b_0004
florence2,star,full_80,false_positive,p2b_0005
florence2,star,full_80,false_positive,p2b_0006
florence2,star,full_80,false_positive,p2b_0007
florence2,star,full_80,false_positive,p2b_0008
florence2,star,full_80,false_positive,p2b_0009
florence2,star,full_80,false_positive,p2b_0011
florence2,star,full_80,false_positive,p2b_0012
florence2,star,full_80,false_positive,p2b_0013
florence2,star,full_80,false_positive,p2b_0014
florence2,star,full_80,false_positive,p2b_0015
florence2,star,full_80,false_positive,p2b_0016
florence2,star,full_80,false_positive,p2b_0018
florence2,star,full_80,false_positive,p2b_0020
florence2,star,full_80,false_positive,p2b_0021
florence2,star,full_80,false_positive,p2b_0022
florence2,star,full_80,false_positive,p2b_0023
florence2,star,full_80,false_positive,p2b_0024
florence2,star,full_80,false_positive,p2b_0025
florence2,star,full_80,false_positive,p2b_0026
florence2,star,full_80,false_positive,p2b_0027
florence2,star,full_80,false_positive,p2b_0028
florence2,star,full_80,false_positive,p2b_0029
florence2,star,full_80,false_positive,p2b_0030
florence2,star,full_80,false_positive,p2b_0031
florence2,star,full_80,false_positive,p2b_0032
florence2,star,full_80,false_positive,p2b_0033
florence2,star,full_80,false_positive,p2b_0034
florence2,star,full_80,false_positive,p2b_0035
florence2,star,full_80,false_positive,p2b_0036
florence2,star,full_80,false_positive,p2b_0037
florence2,star,full_80,false_positive,p2b_0038
florence2,star,full_80,false_positive,p2b_0039
florence2,star,full_80,false_positive,p2b_0042
florence2,star,full_80,false_positive,p2b_0043
florence2,star,full_80,false_positive,p2b_0044
florence2,star,full_80,false_positive,p2b_0045
florence2,star,full_80,false_positive,p2b_0046
florence2,star,full_80,false_positive,p2b_0047
florence2,star,full_80,false_positive,p2b_0048
florence2,star,full_80,false_positive,p2b_0049
florence2,star,full_80,false_positive,p2b_0050
florence2,star,full_80,false_positive,p2b_0051
florence2,star,full_80,false_positive,p2b_0052
florence2,star,full_80,false_positive,p2b_0054
florence2,star,full_80,false_positive,p2b_0055
florence2,star,full_80,false_positive,p2b_0056
florence2,star,full_80,false_positive,p2b_0057
florence2,star,full_80,false_positive,p2b_0058
florence2,star,full_80,false_positive,p2b_0059
florence2,star,full_80,false_positive,p2b_0060
florence2,star,full_80,false_positive,p2b_0061
florence2,star,full_80,false_positive,p2b_0062
florence2,star,full_80,false_positive,p2b_0063
florence2,star,full_80,false_positive,p2b_0064
florence2,star,full_80,false_positive,p2b_0065
florence2,star,full_80,false_positive,p2b_0066
florence2,star,full_80,false_positive,p2b_0067
florence2,star,full_80,false_positive,p2b_0068
florence2,star,full_80,false_positive,p2b_0069
florence2,star,full_80,false_positive,p2b_0070
florence2,star,full_80,false_positive,p2b_0071
florence2,star,full_80,false_positive,p2b_0072
florence2,star,full_80,false_positive,p2b_0074
florence2,star,full_80,false_positive,p2b_0075
florence2,star,full_80,false_positive,p2b_0076
florence2,star,full_80,false_positive,p2b_0077
florence2,star,full_80,false_positive,p2b_0078
florence2,star,full_80,false_positive,p2b_0079
florence2,star,dev_eligible_excl_test,false_positive,p2b_0000
florence2,star,dev_eligible_excl_test,false_positive,p2b_0001
florence2,star,dev_eligible_excl_test,false_positive,p2b_0002
florence2,star,dev_eligible_excl_test,false_positive,p2b_0003
florence2,star,dev_eligible_excl_test,false_positive,p2b_0004
florence2,star,dev_eligible_excl_test,false_positive,p2b_0005
florence2,star,dev_eligible_excl_test,false_positive,p2b_0006
florence2,star,dev_eligible_excl_test,false_positive,p2b_0007
florence2,star,dev_eligible_excl_test,false_positive,p2b_0008
florence2,star,dev_eligible_excl_test,false_positive,p2b_0009
florence2,star,dev_eligible_excl_test,false_positive,p2b_0011
florence2,star,dev_eligible_excl_test,false_positive,p2b_0012
florence2,star,dev_eligible_excl_test,false_positive,p2b_0014
florence2,star,dev_eligible_excl_test,false_positive,p2b_0016
florence2,star,dev_eligible_excl_test,false_positive,p2b_0018
florence2,star,dev_eligible_excl_test,false_positive,p2b_0020
florence2,star,dev_eligible_excl_test,false_positive,p2b_0021
florence2,star,dev_eligible_excl_test,false_positive,p2b_0022
florence2,star,dev_eligible_excl_test,false_positive,p2b_0023
florence2,star,dev_eligible_excl_test,false_positive,p2b_0024
florence2,star,dev_eligible_excl_test,false_positive,p2b_0025
florence2,star,dev_eligible_excl_test,false_positive,p2b_0026
florence2,star,dev_eligible_excl_test,false_positive,p2b_0027
florence2,star,dev_eligible_excl_test,false_positive,p2b_0028
florence2,star,dev_eligible_excl_test,false_positive,p2b_0029
florence2,star,dev_eligible_excl_test,false_positive,p2b_0030
florence2,star,dev_eligible_excl_test,false_positive,p2b_0031
florence2,star,dev_eligible_excl_test,false_positive,p2b_0032
florence2,star,dev_eligible_excl_test,false_positive,p2b_0033
florence2,star,dev_eligible_excl_test,false_positive,p2b_0034
florence2,star,dev_eligible_excl_test,false_positive,p2b_0035
florence2,star,dev_eligible_excl_test,false_positive,p2b_0036
florence2,star,dev_eligible_excl_test,false_positive,p2b_0037
florence2,star,dev_eligible_excl_test,false_positive,p2b_0038
florence2,star,dev_eligible_excl_test,false_positive,p2b_0039
florence2,star,dev_eligible_excl_test,false_positive,p2b_0042
florence2,star,dev_eligible_excl_test,false_positive,p2b_0043
florence2,star,dev_eligible_excl_test,false_positive,p2b_0044
florence2,star,dev_eligible_excl_test,false_positive,p2b_0045
florence2,star,dev_eligible_excl_test,false_positive,p2b_0046
florence2,star,dev_eligible_excl_test,false_positive,p2b_0047
florence2,star,dev_eligible_excl_test,false_positive,p2b_0049
florence2,star,dev_eligible_excl_test,false_positive,p2b_0050
florence2,star,dev_eligible_excl_test,false_positive,p2b_0051
florence2,star,dev_eligible_excl_test,false_positive,p2b_0052
florence2,star,dev_eligible_excl_test,false_positive,p2b_0054
florence2,star,dev_eligible_excl_test,false_positive,p2b_0055
florence2,star,dev_eligible_excl_test,false_positive,p2b_0056
florence2,star,dev_eligible_excl_test,false_positive,p2b_0058
florence2,star,dev_eligible_excl_test,false_positive,p2b_0059
florence2,star,dev_eligible_excl_test,false_positive,p2b_0060
florence2,star,dev_eligible_excl_test,false_positive,p2b_0062
florence2,star,dev_eligible_excl_test,false_positive,p2b_0063
florence2,star,dev_eligible_excl_test,false_positive,p2b_0065
florence2,star,dev_eligible_excl_test,false_positive,p2b_0066
florence2,star,dev_eligible_excl_test,false_positive,p2b_0067
florence2,star,dev_eligible_excl_test,false_positive,p2b_0068
florence2,star,dev_eligible_excl_test,false_positive,p2b_0069
florence2,star,dev_eligible_excl_test,false_positive,p2b_0070
florence2,star,dev_eligible_excl_test,false_positive,p2b_0071
florence2,star,dev_eligible_excl_test,false_positive,p2b_0072
florence2,star,dev_eligible_excl_test,false_positive,p2b_0074
florence2,star,dev_eligible_excl_test,false_positive,p2b_0075
florence2,star,dev_eligible_excl_test,false_positive,p2b_0076
florence2,star,dev_eligible_excl_test,false_positive,p2b_0077
florence2,star,dev_eligible_excl_test,false_positive,p2b_0078
florence2,star,dev_eligible_excl_test,false_positive,p2b_0079
florence2,star,locked_test_descriptive_only,false_positive,p2b_0013
florence2,star,locked_test_descriptive_only,false_positive,p2b_0015
florence2,star,locked_test_descriptive_only,false_positive,p2b_0048
florence2,star,locked_test_descriptive_only,false_positive,p2b_0057
florence2,star,locked_test_descriptive_only,false_positive,p2b_0061
florence2,star,locked_test_descriptive_only,false_positive,p2b_0064
florence2,circle,full_80,false_positive,p2b_0000
florence2,circle,full_80,false_positive,p2b_0001
florence2,circle,full_80,false_positive,p2b_0002
florence2,circle,full_80,false_positive,p2b_0004
florence2,circle,full_80,false_positive,p2b_0005
florence2,circle,full_80,false_positive,p2b_0006
florence2,circle,full_80,false_positive,p2b_0007
florence2,circle,full_80,false_positive,p2b_0008
florence2,circle,full_80,false_positive,p2b_0009
florence2,circle,full_80,false_positive,p2b_0011
florence2,circle,full_80,false_positive,p2b_0012
florence2,circle,full_80,false_positive,p2b_0013
florence2,circle,full_80,false_positive,p2b_0014
florence2,circle,full_80,false_positive,p2b_0015
florence2,circle,full_80,false_positive,p2b_0017
florence2,circle,full_80,false_positive,p2b_0018
florence2,circle,full_80,false_positive,p2b_0019
florence2,circle,full_80,false_positive,p2b_0020
florence2,circle,full_80,false_positive,p2b_0021
florence2,circle,full_80,false_positive,p2b_0022
florence2,circle,full_80,false_positive,p2b_0023
florence2,circle,full_80,false_positive,p2b_0024
florence2,circle,full_80,false_positive,p2b_0025
florence2,circle,full_80,false_positive,p2b_0026
florence2,circle,full_80,false_positive,p2b_0027
florence2,circle,full_80,false_positive,p2b_0028
florence2,circle,full_80,false_positive,p2b_0029
florence2,circle,full_80,false_positive,p2b_0030
florence2,circle,full_80,false_positive,p2b_0031
florence2,circle,full_80,false_positive,p2b_0032
florence2,circle,full_80,false_positive,p2b_0033
florence2,circle,full_80,false_positive,p2b_0034
florence2,circle,full_80,false_positive,p2b_0035
florence2,circle,full_80,false_positive,p2b_0036
florence2,circle,full_80,false_positive,p2b_0037
florence2,circle,full_80,false_positive,p2b_0038
florence2,circle,full_80,false_positive,p2b_0039
florence2,circle,full_80,false_positive,p2b_0040
florence2,circle,full_80,false_positive,p2b_0041
florence2,circle,full_80,false_positive,p2b_0042
florence2,circle,full_80,false_positive,p2b_0043
florence2,circle,full_80,false_positive,p2b_0044
florence2,circle,full_80,false_positive,p2b_0045
florence2,circle,full_80,false_positive,p2b_0046
florence2,circle,full_80,false_positive,p2b_0047
florence2,circle,full_80,false_positive,p2b_0048
florence2,circle,full_80,false_positive,p2b_0049
florence2,circle,full_80,false_positive,p2b_0050
florence2,circle,full_80,false_positive,p2b_0051
florence2,circle,full_80,false_positive,p2b_0052
florence2,circle,full_80,false_positive,p2b_0053
florence2,circle,full_80,false_positive,p2b_0054
florence2,circle,full_80,false_positive,p2b_0055
florence2,circle,full_80,false_positive,p2b_0056
florence2,circle,full_80,false_positive,p2b_0057
florence2,circle,full_80,false_positive,p2b_0058
florence2,circle,full_80,false_positive,p2b_0059
florence2,circle,full_80,false_positive,p2b_0060
florence2,circle,full_80,false_positive,p2b_0061
florence2,circle,full_80,false_positive,p2b_0062
florence2,circle,full_80,false_positive,p2b_0064
florence2,circle,full_80,false_positive,p2b_0065
florence2,circle,full_80,false_positive,p2b_0066
florence2,circle,full_80,false_positive,p2b_0067
florence2,circle,full_80,false_positive,p2b_0068
florence2,circle,full_80,false_positive,p2b_0069
florence2,circle,full_80,false_positive,p2b_0070
florence2,circle,full_80,false_positive,p2b_0071
florence2,circle,full_80,false_positive,p2b_0072
florence2,circle,full_80,false_positive,p2b_0073
florence2,circle,full_80,false_positive,p2b_0074
florence2,circle,full_80,false_positive,p2b_0075
florence2,circle,full_80,false_positive,p2b_0076
florence2,circle,full_80,false_positive,p2b_0077
florence2,circle,full_80,false_positive,p2b_0078
florence2,circle,full_80,false_positive,p2b_0079
florence2,circle,dev_eligible_excl_test,false_positive,p2b_0000
florence2,circle,dev_eligible_excl_test,false_positive,p2b_0001
florence2,circle,dev_eligible_excl_test,false_positive,p2b_0002
florence2,circle,dev_eligible_excl_test,false_positive,p2b_0004
florence2,circle,dev_eligible_excl_test,false_positive,p2b_0005
florence2,circle,dev_eligible_excl_test,false_positive,p2b_0006
florence2,circle,dev_eligible_excl_test,false_positive,p2b_0007
florence2,circle,dev_eligible_excl_test,false_positive,p2b_0008
florence2,circle,dev_eligible_excl_test,false_positive,p2b_0009
florence2,circle,dev_eligible_excl_test,false_positive,p2b_0011
florence2,circle,dev_eligible_excl_test,false_positive,p2b_0012
florence2,circle,dev_eligible_excl_test,false_positive,p2b_0014
florence2,circle,dev_eligible_excl_test,false_positive,p2b_0017
florence2,circle,dev_eligible_excl_test,false_positive,p2b_0018
florence2,circle,dev_eligible_excl_test,false_positive,p2b_0019
florence2,circle,dev_eligible_excl_test,false_positive,p2b_0020
florence2,circle,dev_eligible_excl_test,false_positive,p2b_0021
florence2,circle,dev_eligible_excl_test,false_positive,p2b_0022
florence2,circle,dev_eligible_excl_test,false_positive,p2b_0023
florence2,circle,dev_eligible_excl_test,false_positive,p2b_0024
florence2,circle,dev_eligible_excl_test,false_positive,p2b_0025
florence2,circle,dev_eligible_excl_test,false_positive,p2b_0026
florence2,circle,dev_eligible_excl_test,false_positive,p2b_0027
florence2,circle,dev_eligible_excl_test,false_positive,p2b_0028
florence2,circle,dev_eligible_excl_test,false_positive,p2b_0029
florence2,circle,dev_eligible_excl_test,false_positive,p2b_0030
florence2,circle,dev_eligible_excl_test,false_positive,p2b_0031
florence2,circle,dev_eligible_excl_test,false_positive,p2b_0032
florence2,circle,dev_eligible_excl_test,false_positive,p2b_0033
florence2,circle,dev_eligible_excl_test,false_positive,p2b_0034
florence2,circle,dev_eligible_excl_test,false_positive,p2b_0035
florence2,circle,dev_eligible_excl_test,false_positive,p2b_0036
florence2,circle,dev_eligible_excl_test,false_positive,p2b_0037
florence2,circle,dev_eligible_excl_test,false_positive,p2b_0038
florence2,circle,dev_eligible_excl_test,false_positive,p2b_0039
florence2,circle,dev_eligible_excl_test,false_positive,p2b_0040
florence2,circle,dev_eligible_excl_test,false_positive,p2b_0041
florence2,circle,dev_eligible_excl_test,false_positive,p2b_0042
florence2,circle,dev_eligible_excl_test,false_positive,p2b_0043
florence2,circle,dev_eligible_excl_test,false_positive,p2b_0044
florence2,circle,dev_eligible_excl_test,false_positive,p2b_0045
florence2,circle,dev_eligible_excl_test,false_positive,p2b_0046
florence2,circle,dev_eligible_excl_test,false_positive,p2b_0047
florence2,circle,dev_eligible_excl_test,false_positive,p2b_0049
florence2,circle,dev_eligible_excl_test,false_positive,p2b_0050
florence2,circle,dev_eligible_excl_test,false_positive,p2b_0051
florence2,circle,dev_eligible_excl_test,false_positive,p2b_0052
florence2,circle,dev_eligible_excl_test,false_positive,p2b_0053
florence2,circle,dev_eligible_excl_test,false_positive,p2b_0054
florence2,circle,dev_eligible_excl_test,false_positive,p2b_0055
florence2,circle,dev_eligible_excl_test,false_positive,p2b_0056
florence2,circle,dev_eligible_excl_test,false_positive,p2b_0058
florence2,circle,dev_eligible_excl_test,false_positive,p2b_0059
florence2,circle,dev_eligible_excl_test,false_positive,p2b_0060
florence2,circle,dev_eligible_excl_test,false_positive,p2b_0062
florence2,circle,dev_eligible_excl_test,false_positive,p2b_0065
florence2,circle,dev_eligible_excl_test,false_positive,p2b_0066
florence2,circle,dev_eligible_excl_test,false_positive,p2b_0067
florence2,circle,dev_eligible_excl_test,false_positive,p2b_0068
florence2,circle,dev_eligible_excl_test,false_positive,p2b_0069
florence2,circle,dev_eligible_excl_test,false_positive,p2b_0070
florence2,circle,dev_eligible_excl_test,false_positive,p2b_0071
florence2,circle,dev_eligible_excl_test,false_positive,p2b_0072
florence2,circle,dev_eligible_excl_test,false_positive,p2b_0074
florence2,circle,dev_eligible_excl_test,false_positive,p2b_0075
florence2,circle,dev_eligible_excl_test,false_positive,p2b_0076
florence2,circle,dev_eligible_excl_test,false_positive,p2b_0077
florence2,circle,dev_eligible_excl_test,false_positive,p2b_0078
florence2,circle,dev_eligible_excl_test,false_positive,p2b_0079
florence2,circle,locked_test_descriptive_only,false_positive,p2b_0013
florence2,circle,locked_test_descriptive_only,false_positive,p2b_0015
florence2,circle,locked_test_descriptive_only,false_positive,p2b_0048
florence2,circle,locked_test_descriptive_only,false_positive,p2b_0057
florence2,circle,locked_test_descriptive_only,false_positive,p2b_0061
florence2,circle,locked_test_descriptive_only,false_positive,p2b_0064
florence2,circle,locked_test_descriptive_only,false_positive,p2b_0073
florence2,vehicle,full_80,false_positive,p2b_0000
florence2,vehicle,full_80,false_positive,p2b_0001
florence2,vehicle,full_80,false_positive,p2b_0002
florence2,vehicle,full_80,false_positive,p2b_0003
florence2,vehicle,full_80,false_positive,p2b_0004
florence2,vehicle,full_80,false_positive,p2b_0005
florence2,vehicle,full_80,false_positive,p2b_0006
florence2,vehicle,full_80,false_positive,p2b_0007
florence2,vehicle,full_80,false_positive,p2b_0008
florence2,vehicle,full_80,false_positive,p2b_0009
florence2,vehicle,full_80,false_positive,p2b_0010
florence2,vehicle,full_80,false_positive,p2b_0011
florence2,vehicle,full_80,false_positive,p2b_0012
florence2,vehicle,full_80,false_positive,p2b_0013
florence2,vehicle,full_80,false_positive,p2b_0014
florence2,vehicle,full_80,false_positive,p2b_0015
florence2,vehicle,full_80,false_positive,p2b_0016
florence2,vehicle,full_80,false_positive,p2b_0017
florence2,vehicle,full_80,false_positive,p2b_0018
florence2,vehicle,full_80,false_positive,p2b_0019
florence2,vehicle,full_80,false_positive,p2b_0020
florence2,vehicle,full_80,false_positive,p2b_0021
florence2,vehicle,full_80,false_positive,p2b_0022
florence2,vehicle,full_80,false_positive,p2b_0023
florence2,vehicle,full_80,false_positive,p2b_0024
florence2,vehicle,full_80,false_positive,p2b_0025
florence2,vehicle,full_80,false_positive,p2b_0026
florence2,vehicle,full_80,false_positive,p2b_0027
florence2,vehicle,full_80,false_positive,p2b_0028
florence2,vehicle,full_80,false_positive,p2b_0029
florence2,vehicle,full_80,false_positive,p2b_0030
florence2,vehicle,full_80,false_positive,p2b_0031
florence2,vehicle,full_80,false_positive,p2b_0032
florence2,vehicle,full_80,false_positive,p2b_0033
florence2,vehicle,full_80,false_positive,p2b_0035
florence2,vehicle,full_80,false_positive,p2b_0036
florence2,vehicle,full_80,false_positive,p2b_0037
florence2,vehicle,full_80,false_positive,p2b_0038
florence2,vehicle,full_80,false_positive,p2b_0039
florence2,vehicle,full_80,false_positive,p2b_0040
florence2,vehicle,full_80,false_positive,p2b_0041
florence2,vehicle,full_80,false_positive,p2b_0042
florence2,vehicle,full_80,false_positive,p2b_0043
florence2,vehicle,full_80,false_positive,p2b_0044
florence2,vehicle,full_80,false_positive,p2b_0045
florence2,vehicle,full_80,false_positive,p2b_0046
florence2,vehicle,full_80,false_positive,p2b_0047
florence2,vehicle,full_80,false_positive,p2b_0048
florence2,vehicle,full_80,false_positive,p2b_0049
florence2,vehicle,full_80,false_positive,p2b_0050
florence2,vehicle,full_80,false_positive,p2b_0051
florence2,vehicle,full_80,false_positive,p2b_0052
florence2,vehicle,full_80,false_positive,p2b_0053
florence2,vehicle,full_80,false_positive,p2b_0054
florence2,vehicle,full_80,false_positive,p2b_0055
florence2,vehicle,full_80,false_positive,p2b_0056
florence2,vehicle,full_80,false_positive,p2b_0058
florence2,vehicle,full_80,false_positive,p2b_0059
florence2,vehicle,full_80,false_positive,p2b_0060
florence2,vehicle,full_80,false_positive,p2b_0061
florence2,vehicle,full_80,false_positive,p2b_0062
florence2,vehicle,full_80,false_positive,p2b_0063
florence2,vehicle,full_80,false_positive,p2b_0064
florence2,vehicle,full_80,false_positive,p2b_0065
florence2,vehicle,full_80,false_positive,p2b_0067
florence2,vehicle,full_80,false_positive,p2b_0068
florence2,vehicle,full_80,false_positive,p2b_0069
florence2,vehicle,full_80,false_positive,p2b_0070
florence2,vehicle,full_80,false_positive,p2b_0071
florence2,vehicle,full_80,false_positive,p2b_0072
florence2,vehicle,full_80,false_positive,p2b_0074
florence2,vehicle,full_80,false_positive,p2b_0075
florence2,vehicle,full_80,false_positive,p2b_0076
florence2,vehicle,full_80,false_positive,p2b_0077
florence2,vehicle,full_80,false_positive,p2b_0078
florence2,vehicle,dev_eligible_excl_test,false_positive,p2b_0000
florence2,vehicle,dev_eligible_excl_test,false_positive,p2b_0001
florence2,vehicle,dev_eligible_excl_test,false_positive,p2b_0002
florence2,vehicle,dev_eligible_excl_test,false_positive,p2b_0003
florence2,vehicle,dev_eligible_excl_test,false_positive,p2b_0004
florence2,vehicle,dev_eligible_excl_test,false_positive,p2b_0005
florence2,vehicle,dev_eligible_excl_test,false_positive,p2b_0006
florence2,vehicle,dev_eligible_excl_test,false_positive,p2b_0007
florence2,vehicle,dev_eligible_excl_test,false_positive,p2b_0008
florence2,vehicle,dev_eligible_excl_test,false_positive,p2b_0009
florence2,vehicle,dev_eligible_excl_test,false_positive,p2b_0010
florence2,vehicle,dev_eligible_excl_test,false_positive,p2b_0011
florence2,vehicle,dev_eligible_excl_test,false_positive,p2b_0012
florence2,vehicle,dev_eligible_excl_test,false_positive,p2b_0014
florence2,vehicle,dev_eligible_excl_test,false_positive,p2b_0016
florence2,vehicle,dev_eligible_excl_test,false_positive,p2b_0017
florence2,vehicle,dev_eligible_excl_test,false_positive,p2b_0018
florence2,vehicle,dev_eligible_excl_test,false_positive,p2b_0019
florence2,vehicle,dev_eligible_excl_test,false_positive,p2b_0020
florence2,vehicle,dev_eligible_excl_test,false_positive,p2b_0021
florence2,vehicle,dev_eligible_excl_test,false_positive,p2b_0022
florence2,vehicle,dev_eligible_excl_test,false_positive,p2b_0023
florence2,vehicle,dev_eligible_excl_test,false_positive,p2b_0024
florence2,vehicle,dev_eligible_excl_test,false_positive,p2b_0025
florence2,vehicle,dev_eligible_excl_test,false_positive,p2b_0026
florence2,vehicle,dev_eligible_excl_test,false_positive,p2b_0027
florence2,vehicle,dev_eligible_excl_test,false_positive,p2b_0028
florence2,vehicle,dev_eligible_excl_test,false_positive,p2b_0029
florence2,vehicle,dev_eligible_excl_test,false_positive,p2b_0030
florence2,vehicle,dev_eligible_excl_test,false_positive,p2b_0031
florence2,vehicle,dev_eligible_excl_test,false_positive,p2b_0032
florence2,vehicle,dev_eligible_excl_test,false_positive,p2b_0033
florence2,vehicle,dev_eligible_excl_test,false_positive,p2b_0035
florence2,vehicle,dev_eligible_excl_test,false_positive,p2b_0036
florence2,vehicle,dev_eligible_excl_test,false_positive,p2b_0037
florence2,vehicle,dev_eligible_excl_test,false_positive,p2b_0038
florence2,vehicle,dev_eligible_excl_test,false_positive,p2b_0039
florence2,vehicle,dev_eligible_excl_test,false_positive,p2b_0040
florence2,vehicle,dev_eligible_excl_test,false_positive,p2b_0041
florence2,vehicle,dev_eligible_excl_test,false_positive,p2b_0042
florence2,vehicle,dev_eligible_excl_test,false_positive,p2b_0043
florence2,vehicle,dev_eligible_excl_test,false_positive,p2b_0044
florence2,vehicle,dev_eligible_excl_test,false_positive,p2b_0045
florence2,vehicle,dev_eligible_excl_test,false_positive,p2b_0046
florence2,vehicle,dev_eligible_excl_test,false_positive,p2b_0047
florence2,vehicle,dev_eligible_excl_test,false_positive,p2b_0049
florence2,vehicle,dev_eligible_excl_test,false_positive,p2b_0050
florence2,vehicle,dev_eligible_excl_test,false_positive,p2b_0051
florence2,vehicle,dev_eligible_excl_test,false_positive,p2b_0052
florence2,vehicle,dev_eligible_excl_test,false_positive,p2b_0053
florence2,vehicle,dev_eligible_excl_test,false_positive,p2b_0054
florence2,vehicle,dev_eligible_excl_test,false_positive,p2b_0055
florence2,vehicle,dev_eligible_excl_test,false_positive,p2b_0056
florence2,vehicle,dev_eligible_excl_test,false_positive,p2b_0058
florence2,vehicle,dev_eligible_excl_test,false_positive,p2b_0059
florence2,vehicle,dev_eligible_excl_test,false_positive,p2b_0060
florence2,vehicle,dev_eligible_excl_test,false_positive,p2b_0062
florence2,vehicle,dev_eligible_excl_test,false_positive,p2b_0063
florence2,vehicle,dev_eligible_excl_test,false_positive,p2b_0065
florence2,vehicle,dev_eligible_excl_test,false_positive,p2b_0067
florence2,vehicle,dev_eligible_excl_test,false_positive,p2b_0068
florence2,vehicle,dev_eligible_excl_test,false_positive,p2b_0069
florence2,vehicle,dev_eligible_excl_test,false_positive,p2b_0070
florence2,vehicle,dev_eligible_excl_test,false_positive,p2b_0071
florence2,vehicle,dev_eligible_excl_test,false_positive,p2b_0072
florence2,vehicle,dev_eligible_excl_test,false_positive,p2b_0074
florence2,vehicle,dev_eligible_excl_test,false_positive,p2b_0075
florence2,vehicle,dev_eligible_excl_test,false_positive,p2b_0076
florence2,vehicle,dev_eligible_excl_test,false_positive,p2b_0077
florence2,vehicle,dev_eligible_excl_test,false_positive,p2b_0078
florence2,vehicle,locked_test_descriptive_only,false_positive,p2b_0013
florence2,vehicle,locked_test_descriptive_only,false_positive,p2b_0015
florence2,vehicle,locked_test_descriptive_only,false_positive,p2b_0048
florence2,vehicle,locked_test_descriptive_only,false_positive,p2b_0061
florence2,vehicle,locked_test_descriptive_only,false_positive,p2b_0064
yolo_world,person,full_80,false_positive,p2b_0005
yolo_world,person,full_80,false_positive,p2b_0010
yolo_world,person,full_80,false_negative,p2b_0000
yolo_world,person,full_80,false_negative,p2b_0003
yolo_world,person,full_80,false_negative,p2b_0004
yolo_world,person,full_80,false_negative,p2b_0006
yolo_world,person,full_80,false_negative,p2b_0008
yolo_world,person,full_80,false_negative,p2b_0009
yolo_world,person,full_80,false_negative,p2b_0011
yolo_world,person,full_80,false_negative,p2b_0015
yolo_world,person,full_80,false_negative,p2b_0016
yolo_world,person,full_80,false_negative,p2b_0018
yolo_world,person,full_80,false_negative,p2b_0019
yolo_world,person,full_80,false_negative,p2b_0020
yolo_world,person,full_80,false_negative,p2b_0021
yolo_world,person,full_80,false_negative,p2b_0023
yolo_world,person,full_80,false_negative,p2b_0024
yolo_world,person,full_80,false_negative,p2b_0025
yolo_world,person,full_80,false_negative,p2b_0027
yolo_world,person,full_80,false_negative,p2b_0028
yolo_world,person,full_80,false_negative,p2b_0029
yolo_world,person,full_80,false_negative,p2b_0033
yolo_world,person,full_80,false_negative,p2b_0034
yolo_world,person,full_80,false_negative,p2b_0037
yolo_world,person,full_80,false_negative,p2b_0040
yolo_world,person,full_80,false_negative,p2b_0041
yolo_world,person,full_80,false_negative,p2b_0044
yolo_world,person,full_80,false_negative,p2b_0048
yolo_world,person,full_80,false_negative,p2b_0049
yolo_world,person,full_80,false_negative,p2b_0050
yolo_world,person,full_80,false_negative,p2b_0051
yolo_world,person,full_80,false_negative,p2b_0052
yolo_world,person,full_80,false_negative,p2b_0055
yolo_world,person,full_80,false_negative,p2b_0056
yolo_world,person,full_80,false_negative,p2b_0057
yolo_world,person,full_80,false_negative,p2b_0058
yolo_world,person,full_80,false_negative,p2b_0061
yolo_world,person,full_80,false_negative,p2b_0064
yolo_world,person,full_80,false_negative,p2b_0065
yolo_world,person,full_80,false_negative,p2b_0067
yolo_world,person,full_80,false_negative,p2b_0069
yolo_world,person,full_80,false_negative,p2b_0070
yolo_world,person,full_80,false_negative,p2b_0072
yolo_world,person,full_80,false_negative,p2b_0074
yolo_world,person,full_80,false_negative,p2b_0077
yolo_world,person,full_80,false_negative,p2b_0078
yolo_world,person,full_80,false_negative,p2b_0079
yolo_world,person,dev_eligible_excl_test,false_positive,p2b_0005
yolo_world,person,dev_eligible_excl_test,false_positive,p2b_0010
yolo_world,person,dev_eligible_excl_test,false_negative,p2b_0000
yolo_world,person,dev_eligible_excl_test,false_negative,p2b_0003
yolo_world,person,dev_eligible_excl_test,false_negative,p2b_0004
yolo_world,person,dev_eligible_excl_test,false_negative,p2b_0006
yolo_world,person,dev_eligible_excl_test,false_negative,p2b_0008
yolo_world,person,dev_eligible_excl_test,false_negative,p2b_0009
yolo_world,person,dev_eligible_excl_test,false_negative,p2b_0011
yolo_world,person,dev_eligible_excl_test,false_negative,p2b_0016
yolo_world,person,dev_eligible_excl_test,false_negative,p2b_0018
yolo_world,person,dev_eligible_excl_test,false_negative,p2b_0019
yolo_world,person,dev_eligible_excl_test,false_negative,p2b_0020
yolo_world,person,dev_eligible_excl_test,false_negative,p2b_0021
yolo_world,person,dev_eligible_excl_test,false_negative,p2b_0023
yolo_world,person,dev_eligible_excl_test,false_negative,p2b_0024
yolo_world,person,dev_eligible_excl_test,false_negative,p2b_0025
yolo_world,person,dev_eligible_excl_test,false_negative,p2b_0027
yolo_world,person,dev_eligible_excl_test,false_negative,p2b_0028
yolo_world,person,dev_eligible_excl_test,false_negative,p2b_0029
yolo_world,person,dev_eligible_excl_test,false_negative,p2b_0033
yolo_world,person,dev_eligible_excl_test,false_negative,p2b_0034
yolo_world,person,dev_eligible_excl_test,false_negative,p2b_0037
yolo_world,person,dev_eligible_excl_test,false_negative,p2b_0040
yolo_world,person,dev_eligible_excl_test,false_negative,p2b_0041
yolo_world,person,dev_eligible_excl_test,false_negative,p2b_0044
yolo_world,person,dev_eligible_excl_test,false_negative,p2b_0049
yolo_world,person,dev_eligible_excl_test,false_negative,p2b_0050
yolo_world,person,dev_eligible_excl_test,false_negative,p2b_0051
yolo_world,person,dev_eligible_excl_test,false_negative,p2b_0052
yolo_world,person,dev_eligible_excl_test,false_negative,p2b_0055
yolo_world,person,dev_eligible_excl_test,false_negative,p2b_0056
yolo_world,person,dev_eligible_excl_test,false_negative,p2b_0058
yolo_world,person,dev_eligible_excl_test,false_negative,p2b_0065
yolo_world,person,dev_eligible_excl_test,false_negative,p2b_0067
yolo_world,person,dev_eligible_excl_test,false_negative,p2b_0069
yolo_world,person,dev_eligible_excl_test,false_negative,p2b_0070
yolo_world,person,dev_eligible_excl_test,false_negative,p2b_0072
yolo_world,person,dev_eligible_excl_test,false_negative,p2b_0074
yolo_world,person,dev_eligible_excl_test,false_negative,p2b_0077
yolo_world,person,dev_eligible_excl_test,false_negative,p2b_0078
yolo_world,person,dev_eligible_excl_test,false_negative,p2b_0079
yolo_world,person,locked_test_descriptive_only,false_negative,p2b_0015
yolo_world,person,locked_test_descriptive_only,false_negative,p2b_0048
yolo_world,person,locked_test_descriptive_only,false_negative,p2b_0057
yolo_world,person,locked_test_descriptive_only,false_negative,p2b_0061
yolo_world,person,locked_test_descriptive_only,false_negative,p2b_0064
yolo_world,face,full_80,false_negative,p2b_0000
yolo_world,face,full_80,false_negative,p2b_0004
yolo_world,face,full_80,false_negative,p2b_0005
yolo_world,face,full_80,false_negative,p2b_0006
yolo_world,face,full_80,false_negative,p2b_0008
yolo_world,face,full_80,false_negative,p2b_0009
yolo_world,face,full_80,false_negative,p2b_0010
yolo_world,face,full_80,false_negative,p2b_0011
yolo_world,face,full_80,false_negative,p2b_0012
yolo_world,face,full_80,false_negative,p2b_0013
yolo_world,face,full_80,false_negative,p2b_0015
yolo_world,face,full_80,false_negative,p2b_0016
yolo_world,face,full_80,false_negative,p2b_0017
yolo_world,face,full_80,false_negative,p2b_0018
yolo_world,face,full_80,false_negative,p2b_0019
yolo_world,face,full_80,false_negative,p2b_0020
yolo_world,face,full_80,false_negative,p2b_0021
yolo_world,face,full_80,false_negative,p2b_0023
yolo_world,face,full_80,false_negative,p2b_0024
yolo_world,face,full_80,false_negative,p2b_0025
yolo_world,face,full_80,false_negative,p2b_0026
yolo_world,face,full_80,false_negative,p2b_0027
yolo_world,face,full_80,false_negative,p2b_0028
yolo_world,face,full_80,false_negative,p2b_0029
yolo_world,face,full_80,false_negative,p2b_0031
yolo_world,face,full_80,false_negative,p2b_0032
yolo_world,face,full_80,false_negative,p2b_0033
yolo_world,face,full_80,false_negative,p2b_0034
yolo_world,face,full_80,false_negative,p2b_0035
yolo_world,face,full_80,false_negative,p2b_0036
yolo_world,face,full_80,false_negative,p2b_0037
yolo_world,face,full_80,false_negative,p2b_0038
yolo_world,face,full_80,false_negative,p2b_0040
yolo_world,face,full_80,false_negative,p2b_0041
yolo_world,face,full_80,false_negative,p2b_0043
yolo_world,face,full_80,false_negative,p2b_0044
yolo_world,face,full_80,false_negative,p2b_0046
yolo_world,face,full_80,false_negative,p2b_0047
yolo_world,face,full_80,false_negative,p2b_0048
yolo_world,face,full_80,false_negative,p2b_0049
yolo_world,face,full_80,false_negative,p2b_0050
yolo_world,face,full_80,false_negative,p2b_0051
yolo_world,face,full_80,false_negative,p2b_0052
yolo_world,face,full_80,false_negative,p2b_0054
yolo_world,face,full_80,false_negative,p2b_0055
yolo_world,face,full_80,false_negative,p2b_0056
yolo_world,face,full_80,false_negative,p2b_0057
yolo_world,face,full_80,false_negative,p2b_0058
yolo_world,face,full_80,false_negative,p2b_0059
yolo_world,face,full_80,false_negative,p2b_0060
yolo_world,face,full_80,false_negative,p2b_0061
yolo_world,face,full_80,false_negative,p2b_0062
yolo_world,face,full_80,false_negative,p2b_0063
yolo_world,face,full_80,false_negative,p2b_0064
yolo_world,face,full_80,false_negative,p2b_0065
yolo_world,face,full_80,false_negative,p2b_0066
yolo_world,face,full_80,false_negative,p2b_0067
yolo_world,face,full_80,false_negative,p2b_0068
yolo_world,face,full_80,false_negative,p2b_0071
yolo_world,face,full_80,false_negative,p2b_0072
yolo_world,face,full_80,false_negative,p2b_0073
yolo_world,face,full_80,false_negative,p2b_0074
yolo_world,face,full_80,false_negative,p2b_0075
yolo_world,face,full_80,false_negative,p2b_0076
yolo_world,face,full_80,false_negative,p2b_0077
yolo_world,face,full_80,false_negative,p2b_0078
yolo_world,face,dev_eligible_excl_test,false_negative,p2b_0000
yolo_world,face,dev_eligible_excl_test,false_negative,p2b_0004
yolo_world,face,dev_eligible_excl_test,false_negative,p2b_0005
yolo_world,face,dev_eligible_excl_test,false_negative,p2b_0006
yolo_world,face,dev_eligible_excl_test,false_negative,p2b_0008
yolo_world,face,dev_eligible_excl_test,false_negative,p2b_0009
yolo_world,face,dev_eligible_excl_test,false_negative,p2b_0010
yolo_world,face,dev_eligible_excl_test,false_negative,p2b_0011
yolo_world,face,dev_eligible_excl_test,false_negative,p2b_0012
yolo_world,face,dev_eligible_excl_test,false_negative,p2b_0016
yolo_world,face,dev_eligible_excl_test,false_negative,p2b_0017
yolo_world,face,dev_eligible_excl_test,false_negative,p2b_0018
yolo_world,face,dev_eligible_excl_test,false_negative,p2b_0019
yolo_world,face,dev_eligible_excl_test,false_negative,p2b_0020
yolo_world,face,dev_eligible_excl_test,false_negative,p2b_0021
yolo_world,face,dev_eligible_excl_test,false_negative,p2b_0023
yolo_world,face,dev_eligible_excl_test,false_negative,p2b_0024
yolo_world,face,dev_eligible_excl_test,false_negative,p2b_0025
yolo_world,face,dev_eligible_excl_test,false_negative,p2b_0026
yolo_world,face,dev_eligible_excl_test,false_negative,p2b_0027
yolo_world,face,dev_eligible_excl_test,false_negative,p2b_0028
yolo_world,face,dev_eligible_excl_test,false_negative,p2b_0029
yolo_world,face,dev_eligible_excl_test,false_negative,p2b_0031
yolo_world,face,dev_eligible_excl_test,false_negative,p2b_0032
yolo_world,face,dev_eligible_excl_test,false_negative,p2b_0033
yolo_world,face,dev_eligible_excl_test,false_negative,p2b_0034
yolo_world,face,dev_eligible_excl_test,false_negative,p2b_0035
yolo_world,face,dev_eligible_excl_test,false_negative,p2b_0036
yolo_world,face,dev_eligible_excl_test,false_negative,p2b_0037
yolo_world,face,dev_eligible_excl_test,false_negative,p2b_0038
yolo_world,face,dev_eligible_excl_test,false_negative,p2b_0040
yolo_world,face,dev_eligible_excl_test,false_negative,p2b_0041
yolo_world,face,dev_eligible_excl_test,false_negative,p2b_0043
yolo_world,face,dev_eligible_excl_test,false_negative,p2b_0044
yolo_world,face,dev_eligible_excl_test,false_negative,p2b_0046
yolo_world,face,dev_eligible_excl_test,false_negative,p2b_0047
yolo_world,face,dev_eligible_excl_test,false_negative,p2b_0049
yolo_world,face,dev_eligible_excl_test,false_negative,p2b_0050
yolo_world,face,dev_eligible_excl_test,false_negative,p2b_0051
yolo_world,face,dev_eligible_excl_test,false_negative,p2b_0052
yolo_world,face,dev_eligible_excl_test,false_negative,p2b_0054
yolo_world,face,dev_eligible_excl_test,false_negative,p2b_0055
yolo_world,face,dev_eligible_excl_test,false_negative,p2b_0056
yolo_world,face,dev_eligible_excl_test,false_negative,p2b_0058
yolo_world,face,dev_eligible_excl_test,false_negative,p2b_0059
yolo_world,face,dev_eligible_excl_test,false_negative,p2b_0060
yolo_world,face,dev_eligible_excl_test,false_negative,p2b_0062
yolo_world,face,dev_eligible_excl_test,false_negative,p2b_0063
yolo_world,face,dev_eligible_excl_test,false_negative,p2b_0065
yolo_world,face,dev_eligible_excl_test,false_negative,p2b_0066
yolo_world,face,dev_eligible_excl_test,false_negative,p2b_0067
yolo_world,face,dev_eligible_excl_test,false_negative,p2b_0068
yolo_world,face,dev_eligible_excl_test,false_negative,p2b_0071
yolo_world,face,dev_eligible_excl_test,false_negative,p2b_0072
yolo_world,face,dev_eligible_excl_test,false_negative,p2b_0074
yolo_world,face,dev_eligible_excl_test,false_negative,p2b_0075
yolo_world,face,dev_eligible_excl_test,false_negative,p2b_0076
yolo_world,face,dev_eligible_excl_test,false_negative,p2b_0077
yolo_world,face,dev_eligible_excl_test,false_negative,p2b_0078
yolo_world,face,locked_test_descriptive_only,false_negative,p2b_0013
yolo_world,face,locked_test_descriptive_only,false_negative,p2b_0015
yolo_world,face,locked_test_descriptive_only,false_negative,p2b_0048
yolo_world,face,locked_test_descriptive_only,false_negative,p2b_0057
yolo_world,face,locked_test_descriptive_only,false_negative,p2b_0061
yolo_world,face,locked_test_descriptive_only,false_negative,p2b_0064
yolo_world,face,locked_test_descriptive_only,false_negative,p2b_0073
yolo_world,hand,full_80,false_negative,p2b_0000
yolo_world,hand,full_80,false_negative,p2b_0004
yolo_world,hand,full_80,false_negative,p2b_0007
yolo_world,hand,full_80,false_negative,p2b_0008
yolo_world,hand,full_80,false_negative,p2b_0009
yolo_world,hand,full_80,false_negative,p2b_0011
yolo_world,hand,full_80,false_negative,p2b_0012
yolo_world,hand,full_80,false_negative,p2b_0013
yolo_world,hand,full_80,false_negative,p2b_0015
yolo_world,hand,full_80,false_negative,p2b_0016
yolo_world,hand,full_80,false_negative,p2b_0019
yolo_world,hand,full_80,false_negative,p2b_0021
yolo_world,hand,full_80,false_negative,p2b_0023
yolo_world,hand,full_80,false_negative,p2b_0024
yolo_world,hand,full_80,false_negative,p2b_0025
yolo_world,hand,full_80,false_negative,p2b_0033
yolo_world,hand,full_80,false_negative,p2b_0034
yolo_world,hand,full_80,false_negative,p2b_0036
yolo_world,hand,full_80,false_negative,p2b_0038
yolo_world,hand,full_80,false_negative,p2b_0039
yolo_world,hand,full_80,false_negative,p2b_0040
yolo_world,hand,full_80,false_negative,p2b_0041
yolo_world,hand,full_80,false_negative,p2b_0043
yolo_world,hand,full_80,false_negative,p2b_0044
yolo_world,hand,full_80,false_negative,p2b_0046
yolo_world,hand,full_80,false_negative,p2b_0048
yolo_world,hand,full_80,false_negative,p2b_0049
yolo_world,hand,full_80,false_negative,p2b_0051
yolo_world,hand,full_80,false_negative,p2b_0054
yolo_world,hand,full_80,false_negative,p2b_0058
yolo_world,hand,full_80,false_negative,p2b_0059
yolo_world,hand,full_80,false_negative,p2b_0061
yolo_world,hand,full_80,false_negative,p2b_0062
yolo_world,hand,full_80,false_negative,p2b_0063
yolo_world,hand,full_80,false_negative,p2b_0065
yolo_world,hand,full_80,false_negative,p2b_0068
yolo_world,hand,full_80,false_negative,p2b_0069
yolo_world,hand,full_80,false_negative,p2b_0073
yolo_world,hand,full_80,false_negative,p2b_0074
yolo_world,hand,full_80,false_negative,p2b_0078
yolo_world,hand,dev_eligible_excl_test,false_negative,p2b_0000
yolo_world,hand,dev_eligible_excl_test,false_negative,p2b_0004
yolo_world,hand,dev_eligible_excl_test,false_negative,p2b_0007
yolo_world,hand,dev_eligible_excl_test,false_negative,p2b_0008
yolo_world,hand,dev_eligible_excl_test,false_negative,p2b_0009
yolo_world,hand,dev_eligible_excl_test,false_negative,p2b_0011
yolo_world,hand,dev_eligible_excl_test,false_negative,p2b_0012
yolo_world,hand,dev_eligible_excl_test,false_negative,p2b_0016
yolo_world,hand,dev_eligible_excl_test,false_negative,p2b_0019
yolo_world,hand,dev_eligible_excl_test,false_negative,p2b_0021
yolo_world,hand,dev_eligible_excl_test,false_negative,p2b_0023
yolo_world,hand,dev_eligible_excl_test,false_negative,p2b_0024
yolo_world,hand,dev_eligible_excl_test,false_negative,p2b_0025
yolo_world,hand,dev_eligible_excl_test,false_negative,p2b_0033
yolo_world,hand,dev_eligible_excl_test,false_negative,p2b_0034
yolo_world,hand,dev_eligible_excl_test,false_negative,p2b_0036
yolo_world,hand,dev_eligible_excl_test,false_negative,p2b_0038
yolo_world,hand,dev_eligible_excl_test,false_negative,p2b_0039
yolo_world,hand,dev_eligible_excl_test,false_negative,p2b_0040
yolo_world,hand,dev_eligible_excl_test,false_negative,p2b_0041
yolo_world,hand,dev_eligible_excl_test,false_negative,p2b_0043
yolo_world,hand,dev_eligible_excl_test,false_negative,p2b_0044
yolo_world,hand,dev_eligible_excl_test,false_negative,p2b_0046
yolo_world,hand,dev_eligible_excl_test,false_negative,p2b_0049
yolo_world,hand,dev_eligible_excl_test,false_negative,p2b_0051
yolo_world,hand,dev_eligible_excl_test,false_negative,p2b_0054
yolo_world,hand,dev_eligible_excl_test,false_negative,p2b_0058
yolo_world,hand,dev_eligible_excl_test,false_negative,p2b_0059
yolo_world,hand,dev_eligible_excl_test,false_negative,p2b_0062
yolo_world,hand,dev_eligible_excl_test,false_negative,p2b_0063
yolo_world,hand,dev_eligible_excl_test,false_negative,p2b_0065
yolo_world,hand,dev_eligible_excl_test,false_negative,p2b_0068
yolo_world,hand,dev_eligible_excl_test,false_negative,p2b_0069
yolo_world,hand,dev_eligible_excl_test,false_negative,p2b_0074
yolo_world,hand,dev_eligible_excl_test,false_negative,p2b_0078
yolo_world,hand,locked_test_descriptive_only,false_negative,p2b_0013
yolo_world,hand,locked_test_descriptive_only,false_negative,p2b_0015
yolo_world,hand,locked_test_descriptive_only,false_negative,p2b_0048
yolo_world,hand,locked_test_descriptive_only,false_negative,p2b_0061
yolo_world,hand,locked_test_descriptive_only,false_negative,p2b_0073
yolo_world,animal,full_80,false_negative,p2b_0005
yolo_world,animal,full_80,false_negative,p2b_0007
yolo_world,animal,full_80,false_negative,p2b_0013
yolo_world,animal,full_80,false_negative,p2b_0014
yolo_world,animal,full_80,false_negative,p2b_0017
yolo_world,animal,full_80,false_negative,p2b_0021
yolo_world,animal,full_80,false_negative,p2b_0033
yolo_world,animal,full_80,false_negative,p2b_0038
yolo_world,animal,full_80,false_negative,p2b_0048
yolo_world,animal,full_80,false_negative,p2b_0062
yolo_world,animal,full_80,false_negative,p2b_0068
yolo_world,animal,full_80,false_negative,p2b_0073
yolo_world,animal,full_80,false_negative,p2b_0079
yolo_world,animal,dev_eligible_excl_test,false_negative,p2b_0005
yolo_world,animal,dev_eligible_excl_test,false_negative,p2b_0007
yolo_world,animal,dev_eligible_excl_test,false_negative,p2b_0014
yolo_world,animal,dev_eligible_excl_test,false_negative,p2b_0017
yolo_world,animal,dev_eligible_excl_test,false_negative,p2b_0021
yolo_world,animal,dev_eligible_excl_test,false_negative,p2b_0033
yolo_world,animal,dev_eligible_excl_test,false_negative,p2b_0038
yolo_world,animal,dev_eligible_excl_test,false_negative,p2b_0062
yolo_world,animal,dev_eligible_excl_test,false_negative,p2b_0068
yolo_world,animal,dev_eligible_excl_test,false_negative,p2b_0079
yolo_world,animal,locked_test_descriptive_only,false_negative,p2b_0013
yolo_world,animal,locked_test_descriptive_only,false_negative,p2b_0048
yolo_world,animal,locked_test_descriptive_only,false_negative,p2b_0073
yolo_world,house,full_80,false_negative,p2b_0001
yolo_world,house,full_80,false_negative,p2b_0011
yolo_world,house,full_80,false_negative,p2b_0016
yolo_world,house,full_80,false_negative,p2b_0017
yolo_world,house,full_80,false_negative,p2b_0019
yolo_world,house,full_80,false_negative,p2b_0038
yolo_world,house,full_80,false_negative,p2b_0042
yolo_world,house,full_80,false_negative,p2b_0044
yolo_world,house,full_80,false_negative,p2b_0053
yolo_world,house,full_80,false_negative,p2b_0054
yolo_world,house,full_80,false_negative,p2b_0057
yolo_world,house,full_80,false_negative,p2b_0063
yolo_world,house,full_80,false_negative,p2b_0068
yolo_world,house,full_80,false_negative,p2b_0073
yolo_world,house,dev_eligible_excl_test,false_negative,p2b_0001
yolo_world,house,dev_eligible_excl_test,false_negative,p2b_0011
yolo_world,house,dev_eligible_excl_test,false_negative,p2b_0016
yolo_world,house,dev_eligible_excl_test,false_negative,p2b_0017
yolo_world,house,dev_eligible_excl_test,false_negative,p2b_0019
yolo_world,house,dev_eligible_excl_test,false_negative,p2b_0038
yolo_world,house,dev_eligible_excl_test,false_negative,p2b_0042
yolo_world,house,dev_eligible_excl_test,false_negative,p2b_0044
yolo_world,house,dev_eligible_excl_test,false_negative,p2b_0053
yolo_world,house,dev_eligible_excl_test,false_negative,p2b_0054
yolo_world,house,dev_eligible_excl_test,false_negative,p2b_0063
yolo_world,house,dev_eligible_excl_test,false_negative,p2b_0068
yolo_world,house,locked_test_descriptive_only,false_negative,p2b_0057
yolo_world,house,locked_test_descriptive_only,false_negative,p2b_0073
yolo_world,tree,full_80,false_negative,p2b_0002
yolo_world,tree,full_80,false_negative,p2b_0007
yolo_world,tree,full_80,false_negative,p2b_0022
yolo_world,tree,full_80,false_negative,p2b_0030
yolo_world,tree,full_80,false_negative,p2b_0031
yolo_world,tree,full_80,false_negative,p2b_0042
yolo_world,tree,full_80,false_negative,p2b_0044
yolo_world,tree,full_80,false_negative,p2b_0053
yolo_world,tree,full_80,false_negative,p2b_0063
yolo_world,tree,full_80,false_negative,p2b_0064
yolo_world,tree,full_80,false_negative,p2b_0066
yolo_world,tree,full_80,false_negative,p2b_0068
yolo_world,tree,full_80,false_negative,p2b_0073
yolo_world,tree,dev_eligible_excl_test,false_negative,p2b_0002
yolo_world,tree,dev_eligible_excl_test,false_negative,p2b_0007
yolo_world,tree,dev_eligible_excl_test,false_negative,p2b_0022
yolo_world,tree,dev_eligible_excl_test,false_negative,p2b_0030
yolo_world,tree,dev_eligible_excl_test,false_negative,p2b_0031
yolo_world,tree,dev_eligible_excl_test,false_negative,p2b_0042
yolo_world,tree,dev_eligible_excl_test,false_negative,p2b_0044
yolo_world,tree,dev_eligible_excl_test,false_negative,p2b_0053
yolo_world,tree,dev_eligible_excl_test,false_negative,p2b_0063
yolo_world,tree,dev_eligible_excl_test,false_negative,p2b_0066
yolo_world,tree,dev_eligible_excl_test,false_negative,p2b_0068
yolo_world,tree,locked_test_descriptive_only,false_negative,p2b_0064
yolo_world,tree,locked_test_descriptive_only,false_negative,p2b_0073
yolo_world,heart,full_80,false_negative,p2b_0008
yolo_world,heart,full_80,false_negative,p2b_0011
yolo_world,heart,full_80,false_negative,p2b_0023
yolo_world,heart,full_80,false_negative,p2b_0048
yolo_world,heart,full_80,false_negative,p2b_0055
yolo_world,heart,dev_eligible_excl_test,false_negative,p2b_0008
yolo_world,heart,dev_eligible_excl_test,false_negative,p2b_0011
yolo_world,heart,dev_eligible_excl_test,false_negative,p2b_0023
yolo_world,heart,dev_eligible_excl_test,false_negative,p2b_0055
yolo_world,heart,locked_test_descriptive_only,false_negative,p2b_0048
yolo_world,star,full_80,false_negative,p2b_0010
yolo_world,star,full_80,false_negative,p2b_0017
yolo_world,star,full_80,false_negative,p2b_0019
yolo_world,star,full_80,false_negative,p2b_0040
yolo_world,star,full_80,false_negative,p2b_0053
yolo_world,star,full_80,false_negative,p2b_0073
yolo_world,star,dev_eligible_excl_test,false_negative,p2b_0010
yolo_world,star,dev_eligible_excl_test,false_negative,p2b_0017
yolo_world,star,dev_eligible_excl_test,false_negative,p2b_0019
yolo_world,star,dev_eligible_excl_test,false_negative,p2b_0040
yolo_world,star,dev_eligible_excl_test,false_negative,p2b_0053
yolo_world,star,locked_test_descriptive_only,false_negative,p2b_0073
yolo_world,circle,full_80,false_positive,p2b_0059
yolo_world,circle,full_80,false_positive,p2b_0064
yolo_world,circle,full_80,false_positive,p2b_0065
yolo_world,circle,full_80,false_positive,p2b_0069
yolo_world,circle,full_80,false_negative,p2b_0003
yolo_world,circle,full_80,false_negative,p2b_0010
yolo_world,circle,full_80,false_negative,p2b_0016
yolo_world,circle,full_80,false_negative,p2b_0063
yolo_world,circle,dev_eligible_excl_test,false_positive,p2b_0059
yolo_world,circle,dev_eligible_excl_test,false_positive,p2b_0065
yolo_world,circle,dev_eligible_excl_test,false_positive,p2b_0069
yolo_world,circle,dev_eligible_excl_test,false_negative,p2b_0003
yolo_world,circle,dev_eligible_excl_test,false_negative,p2b_0010
yolo_world,circle,dev_eligible_excl_test,false_negative,p2b_0016
yolo_world,circle,dev_eligible_excl_test,false_negative,p2b_0063
yolo_world,circle,locked_test_descriptive_only,false_positive,p2b_0064
yolo_world,vehicle,full_80,false_negative,p2b_0034
yolo_world,vehicle,full_80,false_negative,p2b_0057
yolo_world,vehicle,full_80,false_negative,p2b_0066
yolo_world,vehicle,full_80,false_negative,p2b_0073
yolo_world,vehicle,full_80,false_negative,p2b_0079
yolo_world,vehicle,dev_eligible_excl_test,false_negative,p2b_0034
yolo_world,vehicle,dev_eligible_excl_test,false_negative,p2b_0066
yolo_world,vehicle,dev_eligible_excl_test,false_negative,p2b_0079
yolo_world,vehicle,locked_test_descriptive_only,false_negative,p2b_0057
yolo_world,vehicle,locked_test_descriptive_only,false_negative,p2b_0073
